// --- COLE A ARRAY DA SUA IMAGEM AQUI ---
const uint16_t Credit_liberad[] PROGMEM = {
0x02FD, 0x02FD, 0x02FD, 0x031D, 0x033D, 0x033D, 0x033D, 0x033D, 0x033D, 0x035E, 0x035E, 0x037E, 0x037E, 0x02FD, 0x02FD, 0x031E,   // 0x0010 (16) pixels
0x0B9E, 0x2C5F, 0x2C7F, 0x861F, 0x861F, 0x3CDF, 0x0BDF, 0x035E, 0x035E, 0x035E, 0x035F, 0x035E, 0x03BE, 0x0C7F, 0x0C7F, 0x0C9F,   // 0x0020 (32) pixels
0x0C9F, 0x14BF, 0x14BF, 0x14BF, 0x14DF, 0x14DF, 0x14FF, 0x14FF, 0x1D1F, 0x1D1F, 0x1D3F, 0x1D3F, 0x1D3F, 0x0C3F, 0x03FF, 0x03FF,   // 0x0030 (48) pixels
0x03FF, 0x03FF, 0x03DF, 0x03DF, 0x03DF, 0x03FF, 0x03FF, 0x03FF, 0x041F, 0x255F, 0x255F, 0x1D3F, 0x1D3F, 0x1D3F, 0x1D3F, 0x255F,   // 0x0040 (64) pixels
0x255F, 0x1D3F, 0x1D1F, 0x1D1F, 0x1D1F, 0x253F, 0x253F, 0x0C5F, 0x03FF, 0x03FF, 0x03FF, 0x03FF, 0x03DF, 0x03DF, 0x03DF, 0x03DF,   // 0x0050 (80) pixels
0x03BF, 0x03BF, 0x03BE, 0x1CDF, 0x1CFF, 0x253F, 0x1D1F, 0x14FF, 0x14DF, 0x14DF, 0x14DF, 0x14DF, 0x14BF, 0x14BF, 0x14BF, 0x14BF,   // 0x0060 (96) pixels
0x149F, 0x149F, 0x0C7F, 0x039E, 0x033E, 0x035E, 0x035E, 0x035E, 0x033E, 0x033E, 0x033E, 0x033E, 0x033E, 0x033E, 0x031E, 0x031E,   // 0x0070 (112) pixels
0x031D, 0x02FD, 0x031E, 0x03BF, 0x039E, 0x037E, 0x037E, 0x035E, 0x035E, 0x033E, 0x033D, 0x033D, 0x033D, 0x033D, 0x031D, 0x031D,   // 0x0080 (128) pixels
0x02DC, 0x02FD, 0x031D, 0x031D, 0x033D, 0x033D, 0x035D, 0x035E, 0x035E, 0x037E, 0x037E, 0x037E, 0x039E, 0x039E, 0x031E, 0x031E,   // 0x0090 (144) pixels
0x035E, 0x037F, 0x0BFF, 0x03BF, 0x3CFF, 0x03DF, 0x039F, 0x037E, 0x035E, 0x035E, 0x037F, 0x037F, 0x037F, 0x0C5F, 0x0C9F, 0x149F,   // 0x00A0 (160) pixels
0x14BF, 0x14BF, 0x14DF, 0x14DF, 0x1CFF, 0x1D1F, 0x1D1F, 0x1D1F, 0x1D3F, 0x1D3F, 0x255F, 0x255F, 0x1D3F, 0x14BF, 0x041F, 0x041F,   // 0x00B0 (176) pixels
0x041F, 0x041F, 0x03FF, 0x03FF, 0x03FF, 0x041F, 0x041F, 0x041F, 0x041F, 0x253F, 0x255F, 0x255F, 0x253F, 0x253F, 0x255F, 0x2D7F,   // 0x00C0 (192) pixels
0x257F, 0x253F, 0x253F, 0x253F, 0x255F, 0x257F, 0x255F, 0x043F, 0x03FF, 0x03FF, 0x03FF, 0x03FF, 0x03FF, 0x03FF, 0x03FF, 0x03FF,   // 0x00D0 (208) pixels
0x03DF, 0x03BE, 0x0C3F, 0x1D1F, 0x1D1F, 0x2D5F, 0x1CFF, 0x1CFF, 0x1CFF, 0x1CFF, 0x1CFF, 0x1CFF, 0x14DF, 0x14DF, 0x14DF, 0x14DF,   // 0x00E0 (224) pixels
0x14BF, 0x14BF, 0x0C5F, 0x037F, 0x037E, 0x035E, 0x035E, 0x035E, 0x035E, 0x035E, 0x035E, 0x035E, 0x033E, 0x033E, 0x033E, 0x033E,   // 0x00F0 (240) pixels
0x031E, 0x031E, 0x03BF, 0x03FF, 0x03BE, 0x039E, 0x037E, 0x037E, 0x035E, 0x035E, 0x035E, 0x033E, 0x033D, 0x033D, 0x031D, 0x02FD,   // 0x0100 (256) pixels
0x02DC, 0x031D, 0x031D, 0x031D, 0x033D, 0x033D, 0x035E, 0x037E, 0x037E, 0x039E, 0x039E, 0x039E, 0x03BE, 0x03DE, 0x03BE, 0x033E,   // 0x0110 (272) pixels
0x035E, 0x035E, 0x037E, 0x037E, 0x0BDF, 0x0BDF, 0x037F, 0x037F, 0x037F, 0x037F, 0x037F, 0x037F, 0x037F, 0x03BF, 0x14BF, 0x14BF,   // 0x0120 (288) pixels
0x14DF, 0x14DF, 0x14FF, 0x1CFF, 0x1D1F, 0x1D3F, 0x1D3F, 0x1D3F, 0x253F, 0x255F, 0x255F, 0x255F, 0x255F, 0x1D3F, 0x043F, 0x041F,   // 0x0130 (304) pixels
0x041F, 0x041F, 0x041F, 0x041F, 0x041F, 0x043F, 0x043F, 0x043F, 0x043F, 0x253F, 0x2D7F, 0x257F, 0x255F, 0x255F, 0x255F, 0x2D9F,   // 0x0140 (320) pixels
0x2D9F, 0x255F, 0x255F, 0x255F, 0x257F, 0x2D9F, 0x257F, 0x041F, 0x041F, 0x041F, 0x041F, 0x041F, 0x041F, 0x041F, 0x041F, 0x03FF,   // 0x0150 (336) pixels
0x03FF, 0x03DE, 0x14BF, 0x253F, 0x255F, 0x2D7F, 0x1D1F, 0x1D1F, 0x1D1F, 0x1D1F, 0x1D1F, 0x1CFF, 0x1CFF, 0x1CFF, 0x1CFF, 0x1CFF,   // 0x0160 (352) pixels
0x1CDF, 0x14DF, 0x03FF, 0x03BF, 0x039F, 0x037F, 0x035E, 0x035E, 0x035E, 0x035E, 0x035E, 0x035E, 0x035E, 0x033E, 0x035E, 0x033E,   // 0x0170 (368) pixels
0x033E, 0x03DF, 0x0C1F, 0x0BFF, 0x03FF, 0x03BE, 0x039E, 0x039E, 0x037E, 0x037E, 0x035E, 0x035E, 0x033E, 0x033D, 0x031E, 0x031D,   // 0x0180 (384) pixels
0x031D, 0x031D, 0x033D, 0x033D, 0x033E, 0x033E, 0x035E, 0x037E, 0x039E, 0x039E, 0x03BE, 0x03BE, 0x03DE, 0x03FE, 0x03FF, 0x03DF,   // 0x0190 (400) pixels
0x035E, 0x037F, 0x037F, 0x037E, 0x037F, 0x039F, 0x037E, 0x037F, 0x037F, 0x039F, 0x039E, 0x039F, 0x039F, 0x03BF, 0x0C7F, 0x1CFF,   // 0x01A0 (416) pixels
0x1CFF, 0x151F, 0x1D1F, 0x1D1F, 0x1D1F, 0x1D3F, 0x255F, 0x255F, 0x257F, 0x257F, 0x257F, 0x257F, 0x255F, 0x255F, 0x0C9F, 0x043F,   // 0x01B0 (432) pixels
0x043F, 0x043F, 0x043F, 0x043F, 0x043F, 0x043F, 0x043F, 0x043F, 0x045F, 0x1D3F, 0x2D9F, 0x259F, 0x257F, 0x257F, 0x2D7F, 0x35BF,   // 0x01C0 (448) pixels
0x2DBF, 0x257F, 0x257F, 0x257F, 0x2D9F, 0x2DBF, 0x255F, 0x045F, 0x043F, 0x043F, 0x043F, 0x043F, 0x043F, 0x043F, 0x043F, 0x041F,   // 0x01D0 (464) pixels
0x041F, 0x041F, 0x1D3F, 0x1D3F, 0x2D7F, 0x255F, 0x1D3F, 0x1D3F, 0x1D1F, 0x1D1F, 0x1D1F, 0x1D1F, 0x1D1F, 0x1CFF, 0x1CFF, 0x1CFF,   // 0x01E0 (480) pixels
0x1CFF, 0x0C7F, 0x03DF, 0x03DF, 0x03DF, 0x03BF, 0x039F, 0x037E, 0x037E, 0x035E, 0x035E, 0x035E, 0x037E, 0x035E, 0x035E, 0x035E,   // 0x01F0 (496) pixels
0x03BE, 0x0C1F, 0x0C1F, 0x0C1F, 0x0C1F, 0x03FF, 0x03DE, 0x03BE, 0x039E, 0x037E, 0x037E, 0x035E, 0x035E, 0x033E, 0x033D, 0x031E,   // 0x0200 (512) pixels
0x02FD, 0x033E, 0x033E, 0x035E, 0x035E, 0x035E, 0x037E, 0x039E, 0x039E, 0x03BE, 0x03BE, 0x03DE, 0x03DE, 0x0BFE, 0x0C1F, 0x0C5F,   // 0x0210 (528) pixels
0x0BFF, 0x037F, 0x037F, 0x037F, 0x037F, 0x037E, 0x037E, 0x037E, 0x039F, 0x039F, 0x03BF, 0x039E, 0x03BF, 0x03DF, 0x03DF, 0x1CDF,   // 0x0220 (544) pixels
0x1D1F, 0x1D1F, 0x1D3F, 0x1D3F, 0x1D3F, 0x255F, 0x255F, 0x257F, 0x2D7F, 0x257F, 0x257F, 0x257F, 0x257F, 0x257F, 0x1D1F, 0x045F,   // 0x0230 (560) pixels
0x045F, 0x045F, 0x045F, 0x045F, 0x045F, 0x0C5F, 0x0C5F, 0x0C5F, 0x0C5F, 0x1D1F, 0x2DBF, 0x2D9F, 0x257F, 0x2D7F, 0x2D9F, 0x35BF,   // 0x0240 (576) pixels
0x35DF, 0x2D9F, 0x2D9F, 0x2D9F, 0x2D9F, 0x35BF, 0x255F, 0x0C5F, 0x0C5F, 0x0C5F, 0x045F, 0x0C5F, 0x045F, 0x045F, 0x045F, 0x045F,   // 0x0250 (592) pixels
0x045F, 0x0C9F, 0x255F, 0x255F, 0x359F, 0x1D5F, 0x1D3F, 0x1D3F, 0x1D1F, 0x1D3F, 0x1D3F, 0x1D1F, 0x1D1F, 0x1D1F, 0x1D1F, 0x1CFF,   // 0x0260 (608) pixels
0x1CFF, 0x041F, 0x03DF, 0x03DF, 0x03DF, 0x03DF, 0x0BFF, 0x03BF, 0x039F, 0x037E, 0x037E, 0x037E, 0x037E, 0x037E, 0x037E, 0x03BF,   // 0x0270 (624) pixels
0x0C3F, 0x0C3F, 0x0C1F, 0x0C1F, 0x041F, 0x03FF, 0x03DE, 0x03DE, 0x03BE, 0x039E, 0x039E, 0x037E, 0x035E, 0x035E, 0x033E, 0x031E,   // 0x0280 (640) pixels
0x029E, 0x033E, 0x035E, 0x037E, 0x037E, 0x037E, 0x039E, 0x03BE, 0x03BE, 0x03DE, 0x03DE, 0x03FE, 0x03FE, 0x0C1F, 0x0C3F, 0x0C3F,   // 0x0290 (656) pixels
0x0C5F, 0x0BDF, 0x037F, 0x037F, 0x039F, 0x039F, 0x039F, 0x039F, 0x039F, 0x03BF, 0x03BF, 0x03BE, 0x03BF, 0x03DF, 0x03DF, 0x0C7F,   // 0x02A0 (672) pixels
0x1D3F, 0x1D3F, 0x1D5F, 0x1D5F, 0x255F, 0x257F, 0x257F, 0x2D9F, 0x2D9F, 0x2D9F, 0x2D9F, 0x2D9F, 0x2D9F, 0x259F, 0x257F, 0x0C7F,   // 0x02B0 (688) pixels
0x0C7F, 0x0C7F, 0x0C7F, 0x0C7F, 0x0C5F, 0x0C7F, 0x0C7F, 0x0C7F, 0x0C7F, 0x1D1F, 0x35BF, 0x2DBF, 0x2D9F, 0x2D9F, 0x2DBF, 0x3DDF,   // 0x02C0 (704) pixels
0x3DDF, 0x2DBF, 0x2DBF, 0x2D9F, 0x2DBF, 0x35BF, 0x1D3F, 0x0C7F, 0x0C7F, 0x0C7F, 0x0C7F, 0x0C7F, 0x0C7F, 0x0C7F, 0x0C7F, 0x0C7F,   // 0x02D0 (720) pixels
0x0C7F, 0x1D1F, 0x255F, 0x257F, 0x2D9F, 0x255F, 0x255F, 0x255F, 0x253F, 0x253F, 0x253F, 0x1D3F, 0x1D3F, 0x1D1F, 0x1D1F, 0x14FF,   // 0x02E0 (736) pixels
0x0C7F, 0x03FF, 0x03FF, 0x03FF, 0x0C3F, 0x4D5F, 0x557F, 0x03FF, 0x03BF, 0x039F, 0x039F, 0x039F, 0x039F, 0x039F, 0x03BF, 0x0C5F,   // 0x02F0 (752) pixels
0x0C5F, 0x0C3F, 0x0C3F, 0x0C1F, 0x0C1F, 0x03FF, 0x03FF, 0x03DF, 0x03BE, 0x03BE, 0x039E, 0x037E, 0x035E, 0x035E, 0x031E, 0x02BE,   // 0x0300 (768) pixels
0x02BE, 0x02BE, 0x033E, 0x037E, 0x039E, 0x039E, 0x03BE, 0x03BE, 0x03DF, 0x03FF, 0x03FF, 0x03FE, 0x041F, 0x0C3F, 0x0C3F, 0x0C5F,   // 0x0310 (784) pixels
0x0C7F, 0x147F, 0x0BFF, 0x039F, 0x039F, 0x03BF, 0x03BF, 0x03BF, 0x03BF, 0x03BF, 0x03DF, 0x03DF, 0x03DF, 0x03FF, 0x03FF, 0x03FF,   // 0x0320 (800) pixels
0x1CFF, 0x255F, 0x255F, 0x257F, 0x257F, 0x257F, 0x259F, 0x2DBF, 0x35BF, 0x35BF, 0x2DBF, 0x2DBF, 0x2DBF, 0x2DBF, 0x2DBF, 0x14DF,   // 0x0330 (816) pixels
0x0C9F, 0x0C9F, 0x0C9F, 0x0C9F, 0x0C9F, 0x0C9F, 0x0C9F, 0x0C9F, 0x0C9F, 0x1D1F, 0x35DF, 0x35DF, 0x35DF, 0x35BF, 0x35BF, 0x3DFF,   // 0x0340 (832) pixels
0x3DFF, 0x35DF, 0x35BF, 0x35BF, 0x35DF, 0x35DF, 0x1D3F, 0x0CBF, 0x0C9F, 0x0C9F, 0x0C9F, 0x0C9F, 0x0C9F, 0x0C9F, 0x0C9F, 0x0C7F,   // 0x0350 (848) pixels
0x0C9F, 0x257F, 0x257F, 0x35BF, 0x2D7F, 0x255F, 0x255F, 0x255F, 0x255F, 0x255F, 0x253F, 0x253F, 0x253F, 0x1D3F, 0x1D1F, 0x14DF,   // 0x0360 (864) pixels
0x041F, 0x041F, 0x041F, 0x03FF, 0x041F, 0x453F, 0x2CDF, 0x041F, 0x03DF, 0x03BF, 0x039F, 0x039F, 0x03BF, 0x03DF, 0x149F, 0x149F,   // 0x0370 (880) pixels
0x0C7F, 0x0C5F, 0x0C5F, 0x0C3F, 0x0C1F, 0x041F, 0x041F, 0x03FF, 0x03DF, 0x03BE, 0x03BE, 0x039E, 0x037E, 0x031E, 0x02BE, 0x029E,   // 0x0380 (896) pixels
0x02BE, 0x02BE, 0x02DF, 0x033F, 0x039F, 0x03BE, 0x03DE, 0x03DF, 0x03FF, 0x041F, 0x041F, 0x0C1F, 0x0C3F, 0x0C5F, 0x0C5F, 0x0C7F,   // 0x0390 (912) pixels
0x147F, 0x149F, 0x14BF, 0x03FF, 0x03BF, 0x03BF, 0x03DF, 0x03DF, 0x03FF, 0x03DF, 0x03DF, 0x03DF, 0x03FF, 0x03FF, 0x041F, 0x041F,   // 0x03A0 (928) pixels
0x0C7F, 0x257F, 0x257F, 0x257F, 0x257F, 0x259F, 0x2D9F, 0x35BF, 0x35DF, 0x35DF, 0x35DF, 0x2DBF, 0x2DDF, 0x2DDF, 0x35DF, 0x255F,   // 0x03B0 (944) pixels
0x0CBF, 0x0CBF, 0x0CBF, 0x14BF, 0x14BF, 0x14BF, 0x14BF, 0x14BF, 0x14BF, 0x1D1F, 0x3E1F, 0x3DFF, 0x3DFF, 0x3DFF, 0x35DF, 0x461F,   // 0x03C0 (960) pixels
0x461F, 0x35DF, 0x35DF, 0x35DF, 0x3DFF, 0x3DFF, 0x1D3F, 0x14DF, 0x14BF, 0x0CBF, 0x0CBF, 0x0CBF, 0x0CBF, 0x0CBF, 0x0C9F, 0x0C9F,   // 0x03D0 (976) pixels
0x14FF, 0x2D9F, 0x2DBF, 0x45FF, 0x2D9F, 0x257F, 0x257F, 0x257F, 0x2D7F, 0x257F, 0x255F, 0x255F, 0x255F, 0x253F, 0x253F, 0x0C5F,   // 0x03E0 (992) pixels
0x043F, 0x043F, 0x043F, 0x041F, 0x041F, 0x0C3F, 0x041F, 0x03FF, 0x03DF, 0x03BF, 0x03BF, 0x03BF, 0x03DF, 0x149F, 0x14BF, 0x14BF,   // 0x03F0 (1008) pixels
0x149F, 0x147F, 0x0C7F, 0x0C5F, 0x0C3F, 0x0C1F, 0x0C1F, 0x041F, 0x03FF, 0x03DF, 0x03BF, 0x039E, 0x033E, 0x02BE, 0x029E, 0x029E,   // 0x0400 (1024) pixels
0x02DE, 0x02DF, 0x02DE, 0x02FF, 0x033F, 0x03BF, 0x03FF, 0x03FF, 0x041F, 0x041F, 0x0C3F, 0x0C3F, 0x0C5F, 0x0C7F, 0x149F, 0x149F,   // 0x0410 (1040) pixels
0x149F, 0x14BF, 0x14DF, 0x14BF, 0x03FF, 0x03FF, 0x03FF, 0x03FF, 0x03FF, 0x03FF, 0x03FF, 0x03FF, 0x041F, 0x041F, 0x041F, 0x045F,   // 0x0420 (1056) pixels
0x045F, 0x1D1F, 0x2D9F, 0x2D9F, 0x2D9F, 0x2DBF, 0x2DBF, 0x35BF, 0x3DFF, 0x45FF, 0x3DFF, 0x35DF, 0x35DF, 0x35DF, 0x35DF, 0x2DDF,   // 0x0430 (1072) pixels
0x14DF, 0x14DF, 0x14DF, 0x14DF, 0x14DF, 0x14DF, 0x14DF, 0x14DF, 0x14FF, 0x14FF, 0x463F, 0x463F, 0x461F, 0x461F, 0x3E1F, 0x4E3F,   // 0x0440 (1088) pixels
0x4E3F, 0x3DFF, 0x3DFF, 0x3DFF, 0x3DFF, 0x461F, 0x1D3F, 0x14FF, 0x14DF, 0x14DF, 0x14DF, 0x14DF, 0x14DF, 0x14BF, 0x0CBF, 0x0CBF,   // 0x0450 (1104) pixels
0x257F, 0x35BF, 0x3DDF, 0x45FF, 0x2DBF, 0x2D9F, 0x2D9F, 0x2D7F, 0x2D9F, 0x2D7F, 0x2D7F, 0x257F, 0x255F, 0x255F, 0x1CFF, 0x043F,   // 0x0460 (1120) pixels
0x043F, 0x0C5F, 0x0C3F, 0x041F, 0x041F, 0x041F, 0x041F, 0x03FF, 0x03FF, 0x03DF, 0x03DF, 0x03DF, 0x149F, 0x14BF, 0x14BF, 0x14BF,   // 0x0470 (1136) pixels
0x149F, 0x149F, 0x149F, 0x0C7F, 0x0C5F, 0x0C3F, 0x0C3F, 0x041F, 0x041F, 0x03FF, 0x03DF, 0x033F, 0x02DE, 0x02BE, 0x029E, 0x027E,   // 0x0480 (1152) pixels
0x02DE, 0x02DF, 0x02DE, 0x02DF, 0x02FF, 0x031F, 0x03DF, 0x041F, 0x041F, 0x0C3F, 0x0C3F, 0x0C5F, 0x0C7F, 0x149F, 0x14BF, 0x14BF,   // 0x0490 (1168) pixels
0x14BF, 0x14DF, 0x1CDF, 0x1CDF, 0x14DF, 0x041F, 0x041F, 0x041F, 0x041F, 0x041F, 0x041F, 0x041F, 0x041F, 0x043F, 0x045F, 0x0C7F,   // 0x04A0 (1184) pixels
0x0C7F, 0x0C9F, 0x2D9F, 0x2DBF, 0x2DBF, 0x35BF, 0x35DF, 0x35DF, 0x461F, 0x4E1F, 0x4E1F, 0x3DFF, 0x35DF, 0x35FF, 0x3DFF, 0x35FF,   // 0x04B0 (1200) pixels
0x1D3F, 0x14FF, 0x14DF, 0x14DF, 0x14DF, 0x14FF, 0x14FF, 0x14FF, 0x14FF, 0x14FF, 0x4E5F, 0x565F, 0x4E3F, 0x4E3F, 0x463F, 0x565F,   // 0x04C0 (1216) pixels
0x4E5F, 0x461F, 0x461F, 0x461F, 0x461F, 0x461F, 0x151F, 0x1D1F, 0x151F, 0x14FF, 0x1CFF, 0x14FF, 0x14FF, 0x14DF, 0x14DF, 0x14DF,   // 0x04D0 (1232) pixels
0x35BF, 0x35DF, 0x461F, 0x35DF, 0x35BF, 0x35BF, 0x2DBF, 0x2D9F, 0x2D9F, 0x2D9F, 0x2D7F, 0x2D7F, 0x257F, 0x255F, 0x0C9F, 0x0C5F,   // 0x04E0 (1248) pixels
0x0C5F, 0x0C5F, 0x0C5F, 0x045F, 0x043F, 0x043F, 0x041F, 0x041F, 0x041F, 0x03FF, 0x041F, 0x14BF, 0x14DF, 0x14BF, 0x14BF, 0x14BF,   // 0x04F0 (1264) pixels
0x14BF, 0x149F, 0x149F, 0x0C7F, 0x0C5F, 0x0C5F, 0x0C3F, 0x0C3F, 0x041F, 0x03FF, 0x033F, 0x02FE, 0x02DE, 0x02DE, 0x02BE, 0x029E,   // 0x0500 (1280) pixels
0x02DE, 0x02DF, 0x02DF, 0x02DF, 0x02DE, 0x02FE, 0x033F, 0x03FF, 0x0C3F, 0x0C5F, 0x0C5F, 0x0C7F, 0x0C7F, 0x149F, 0x14DF, 0x1CDF,   // 0x0510 (1296) pixels
0x14DF, 0x1CFF, 0x1CFF, 0x1CFF, 0x1CFF, 0x14DF, 0x043F, 0x043F, 0x043F, 0x041F, 0x043F, 0x043F, 0x045F, 0x0C5F, 0x0C7F, 0x0C7F,   // 0x0520 (1312) pixels
0x0C9F, 0x0CBF, 0x1D3F, 0x35DF, 0x35DF, 0x35DF, 0x3DFF, 0x3DFF, 0x3E1F, 0x4E3F, 0x4E3F, 0x4E3F, 0x3DFF, 0x3DFF, 0x3DFF, 0x3DFF,   // 0x0530 (1328) pixels
0x2DBF, 0x1D1F, 0x1D1F, 0x151F, 0x151F, 0x1D1F, 0x1D1F, 0x1D1F, 0x1D1F, 0x1D1F, 0x4E3F, 0x5E7F, 0x565F, 0x4E5F, 0x4E5F, 0x567F,   // 0x0540 (1344) pixels
0x567F, 0x463F, 0x463F, 0x463F, 0x4E3F, 0x4E3F, 0x1D3F, 0x1D3F, 0x1D3F, 0x1D1F, 0x1D1F, 0x1D1F, 0x1D1F, 0x14FF, 0x14FF, 0x253F,   // 0x0550 (1360) pixels
0x35FF, 0x35FF, 0x4E3F, 0x35FF, 0x35FF, 0x35DF, 0x35DF, 0x35BF, 0x2DBF, 0x2D9F, 0x2D9F, 0x2D9F, 0x257F, 0x1D1F, 0x14BF, 0x0C9F,   // 0x0560 (1376) pixels
0x0C7F, 0x0C7F, 0x0C7F, 0x0C7F, 0x045F, 0x045F, 0x043F, 0x043F, 0x043F, 0x041F, 0x149F, 0x1CFF, 0x1CFF, 0x14DF, 0x14DF, 0x14BF,   // 0x0570 (1392) pixels
0x14BF, 0x14BF, 0x14BF, 0x14BF, 0x0C5F, 0x0C3F, 0x0C5F, 0x0C3F, 0x041F, 0x033F, 0x031F, 0x02FE, 0x02DE, 0x02DE, 0x02BE, 0x02BE,   // 0x0580 (1408) pixels
0x02DE, 0x02BE, 0x02DF, 0x02DF, 0x02DE, 0x02FE, 0x031F, 0x033F, 0x03DF, 0x0C5F, 0x0C7F, 0x0C7F, 0x149F, 0x14BF, 0x14BF, 0x1D1F,   // 0x0590 (1424) pixels
0x1D1F, 0x1CFF, 0x1D1F, 0x1D1F, 0x1D1F, 0x1D3F, 0x1CFF, 0x045F, 0x043F, 0x043F, 0x045F, 0x0C7F, 0x0C7F, 0x0C7F, 0x0C7F, 0x0C9F,   // 0x05A0 (1440) pixels
0x149F, 0x14BF, 0x14BF, 0x359F, 0x3DFF, 0x3DFF, 0x3E1F, 0x461F, 0x3E1F, 0x565F, 0x565F, 0x565F, 0x461F, 0x461F, 0x461F, 0x463F,   // 0x05B0 (1456) pixels
0x461F, 0x1D3F, 0x1D1F, 0x1D3F, 0x1D3F, 0x1D3F, 0x1D3F, 0x1D3F, 0x1D3F, 0x1D3F, 0x461F, 0x5E7F, 0x5E7F, 0x567F, 0x567F, 0x5E9F,   // 0x05C0 (1472) pixels
0x5E7F, 0x4E5F, 0x4E5F, 0x4E3F, 0x565F, 0x4E3F, 0x1D3F, 0x1D3F, 0x1D3F, 0x1D3F, 0x1D3F, 0x1D3F, 0x1D3F, 0x1D1F, 0x1D1F, 0x35DF,   // 0x05D0 (1488) pixels
0x3E1F, 0x461F, 0x4E3F, 0x3DFF, 0x3DFF, 0x3DFF, 0x3DFF, 0x35DF, 0x35BF, 0x35BF, 0x2DBF, 0x2D9F, 0x2D9F, 0x14DF, 0x14BF, 0x149F,   // 0x05E0 (1504) pixels
0x149F, 0x0C9F, 0x0C7F, 0x0C7F, 0x0C7F, 0x0C5F, 0x0C5F, 0x043F, 0x043F, 0x14BF, 0x1D1F, 0x1CFF, 0x1CFF, 0x1CFF, 0x14DF, 0x14DF,   // 0x05F0 (1520) pixels
0x14BF, 0x14BF, 0x14BF, 0x149F, 0x0C7F, 0x0C5F, 0x0C5F, 0x0C1F, 0x035F, 0x031F, 0x031F, 0x02FE, 0x02DE, 0x02DE, 0x02BF, 0x029E,   // 0x0600 (1536) pixels
0x02DE, 0x02DF, 0x02DF, 0x02DE, 0x02DE, 0x02FE, 0x031F, 0x033F, 0x033F, 0x0BFF, 0x0C9F, 0x149F, 0x14BF, 0x14DF, 0x1CFF, 0x1D1F,   // 0x0610 (1552) pixels
0x253F, 0x255F, 0x1D3F, 0x1D1F, 0x1D3F, 0x1D3F, 0x255F, 0x14DF, 0x045F, 0x0C5F, 0x0C7F, 0x0C7F, 0x0C9F, 0x0C9F, 0x0C9F, 0x14BF,   // 0x0620 (1568) pixels
0x14BF, 0x14DF, 0x14DF, 0x1D3F, 0x461F, 0x461F, 0x4E3F, 0x4E3F, 0x463F, 0x4E5F, 0x5E7F, 0x5E7F, 0x565F, 0x463F, 0x4E5F, 0x4E5F,   // 0x0630 (1584) pixels
0x4E5F, 0x2D7F, 0x1D3F, 0x1D3F, 0x1D5F, 0x255F, 0x255F, 0x255F, 0x255F, 0x255F, 0x461F, 0x669F, 0x5E7F, 0x5E9F, 0x5E9F, 0x66BF,   // 0x0640 (1600) pixels
0x66BF, 0x567F, 0x567F, 0x567F, 0x5E7F, 0x461F, 0x257F, 0x257F, 0x255F, 0x255F, 0x1D5F, 0x1D5F, 0x1D5F, 0x1D3F, 0x1D5F, 0x463F,   // 0x0650 (1616) pixels
0x463F, 0x565F, 0x4E3F, 0x461F, 0x461F, 0x461F, 0x461F, 0x3DFF, 0x3DDF, 0x35DF, 0x35BF, 0x35BF, 0x1D3F, 0x14DF, 0x14DF, 0x14BF,   // 0x0660 (1632) pixels
0x14BF, 0x149F, 0x0C9F, 0x0C9F, 0x0C7F, 0x0C7F, 0x0C7F, 0x0C5F, 0x149F, 0x253F, 0x1D3F, 0x1D1F, 0x1D1F, 0x1D1F, 0x1CFF, 0x1CDF,   // 0x0670 (1648) pixels
0x14DF, 0x14DF, 0x14BF, 0x14BF, 0x149F, 0x0C7F, 0x0C1F, 0x035F, 0x033F, 0x031F, 0x031F, 0x02FE, 0x02DE, 0x02DE, 0x02BE, 0x02BE,   // 0x0680 (1664) pixels
0x02FE, 0x02FF, 0x02FF, 0x02FE, 0x02FE, 0x031E, 0x031F, 0x033F, 0x035F, 0x035F, 0x0BFF, 0x14BF, 0x14BF, 0x1CFF, 0x1D1F, 0x1D1F,   // 0x0690 (1680) pixels
0x1D1F, 0x2D7F, 0x2D5F, 0x1D3F, 0x1D3F, 0x253F, 0x255F, 0x255F, 0x14DF, 0x0C7F, 0x0C9F, 0x0C9F, 0x0C9F, 0x149F, 0x14BF, 0x14BF,   // 0x06A0 (1696) pixels
0x14DF, 0x1CFF, 0x1D1F, 0x1D1F, 0x3DFF, 0x4E3F, 0x565F, 0x565F, 0x565F, 0x4E5F, 0x5E9F, 0x669F, 0x5E9F, 0x567F, 0x567F, 0x567F,   // 0x06B0 (1712) pixels
0x565F, 0x3DFF, 0x255F, 0x255F, 0x257F, 0x257F, 0x2D9F, 0x2D7F, 0x257F, 0x257F, 0x45FF, 0x6EBF, 0x66BF, 0x66BF, 0x66BF, 0x6EBF,   // 0x06C0 (1728) pixels
0x6EBF, 0x5E9F, 0x5E9F, 0x5E9F, 0x66BF, 0x461F, 0x2D9F, 0x2D9F, 0x259F, 0x257F, 0x257F, 0x257F, 0x257F, 0x257F, 0x35DF, 0x565F,   // 0x06D0 (1744) pixels
0x4E5F, 0x5E7F, 0x565F, 0x4E5F, 0x4E3F, 0x4E3F, 0x461F, 0x3E1F, 0x3DFF, 0x3DFF, 0x35DF, 0x2D9F, 0x1CFF, 0x1CFF, 0x14FF, 0x14DF,   // 0x06E0 (1760) pixels
0x14DF, 0x14BF, 0x14BF, 0x14BF, 0x149F, 0x0C9F, 0x0C9F, 0x14BF, 0x255F, 0x255F, 0x253F, 0x1D3F, 0x1D3F, 0x1D1F, 0x1D1F, 0x1D1F,   // 0x06F0 (1776) pixels
0x1CFF, 0x1CDF, 0x14DF, 0x14DF, 0x14BF, 0x0C1F, 0x035F, 0x035F, 0x033F, 0x033F, 0x031F, 0x02FE, 0x02FF, 0x02DF, 0x02BE, 0x02BE,   // 0x0700 (1792) pixels
0x02FE, 0x031F, 0x02FF, 0x02FE, 0x031E, 0x031E, 0x033F, 0x035F, 0x035F, 0x037F, 0x037F, 0x03FF, 0x14BF, 0x1CFF, 0x1D1F, 0x1D1F,   // 0x0710 (1808) pixels
0x1D1F, 0x253F, 0x2D7F, 0x2D7F, 0x253F, 0x255F, 0x255F, 0x257F, 0x2D9F, 0x14DF, 0x0CBF, 0x14BF, 0x14BF, 0x14BF, 0x14DF, 0x14FF,   // 0x0720 (1824) pixels
0x1CFF, 0x1D1F, 0x1D3F, 0x253F, 0x257F, 0x565F, 0x5E7F, 0x5E7F, 0x567F, 0x567F, 0x5E7F, 0x66BF, 0x669F, 0x5E9F, 0x5E9F, 0x5E7F,   // 0x0730 (1840) pixels
0x567F, 0x565F, 0x257F, 0x259F, 0x2D9F, 0x2DBF, 0x35BF, 0x2DBF, 0x2D9F, 0x2D9F, 0x3DFF, 0x76DF, 0x6EBF, 0x6EBF, 0x6EBF, 0x76DF,   // 0x0740 (1856) pixels
0x76DF, 0x66BF, 0x66BF, 0x6EBF, 0x76DF, 0x463F, 0x2DBF, 0x2DBF, 0x2DBF, 0x2DBF, 0x2D9F, 0x2D9F, 0x2D9F, 0x259F, 0x4E5F, 0x567F,   // 0x0750 (1872) pixels
0x5E7F, 0x669F, 0x5E7F, 0x5E7F, 0x567F, 0x565F, 0x463F, 0x461F, 0x461F, 0x3E1F, 0x3E1F, 0x255F, 0x1D1F, 0x1D1F, 0x1CFF, 0x1CFF,   // 0x0760 (1888) pixels
0x14FF, 0x14DF, 0x14DF, 0x14BF, 0x14BF, 0x14BF, 0x14DF, 0x257F, 0x257F, 0x257F, 0x255F, 0x255F, 0x253F, 0x1D3F, 0x1D1F, 0x1D1F,   // 0x0770 (1904) pixels
0x1CFF, 0x1CFF, 0x14DF, 0x14DF, 0x0BFF, 0x037F, 0x035F, 0x035F, 0x033F, 0x033F, 0x033F, 0x031F, 0x031F, 0x02FF, 0x02DE, 0x02DE,   // 0x0780 (1920) pixels
0x031E, 0x031F, 0x031F, 0x031E, 0x031E, 0x033F, 0x035F, 0x035F, 0x037F, 0x037F, 0x039F, 0x039F, 0x03FF, 0x14DF, 0x1D1F, 0x1D1F,   // 0x0790 (1936) pixels
0x1D3F, 0x1D3F, 0x255F, 0x359F, 0x2D9F, 0x255F, 0x257F, 0x2D7F, 0x2D9F, 0x2D9F, 0x1D1F, 0x14DF, 0x14DF, 0x14FF, 0x1CFF, 0x1D1F,   // 0x07A0 (1952) pixels
0x1D1F, 0x1D1F, 0x1D3F, 0x253F, 0x255F, 0x461F, 0x5E7F, 0x5E9F, 0x5E9F, 0x5E7F, 0x5E7F, 0x6EBF, 0x6EBF, 0x6EBF, 0x669F, 0x669F,   // 0x07B0 (1968) pixels
0x5E9F, 0x669F, 0x3DFF, 0x2DDF, 0x35DF, 0x35DF, 0x35FF, 0x35DF, 0x35DF, 0x35DF, 0x3DFF, 0x7EDF, 0x76DF, 0x76DF, 0x76DF, 0x86FF,   // 0x07C0 (1984) pixels
0x7EFF, 0x76DF, 0x76DF, 0x76DF, 0x7EFF, 0x463F, 0x35DF, 0x35DF, 0x35DF, 0x35FF, 0x2DDF, 0x2DBF, 0x2DBF, 0x35DF, 0x5E9F, 0x5E9F,   // 0x07D0 (2000) pixels
0x6EBF, 0x6E9F, 0x669F, 0x669F, 0x669F, 0x5E7F, 0x4E3F, 0x4E3F, 0x4E3F, 0x463F, 0x35DF, 0x255F, 0x1D3F, 0x1D3F, 0x1D1F, 0x1D1F,   // 0x07E0 (2016) pixels
0x1D1F, 0x1CFF, 0x14DF, 0x14DF, 0x14DF, 0x14FF, 0x2D9F, 0x2DBF, 0x2D9F, 0x2D7F, 0x2D7F, 0x255F, 0x255F, 0x253F, 0x253F, 0x1D1F,   // 0x07F0 (2032) pixels
0x1CFF, 0x1CFF, 0x14DF, 0x0C1F, 0x039F, 0x039F, 0x037F, 0x037F, 0x035F, 0x033F, 0x033F, 0x033F, 0x031F, 0x031E, 0x02FE, 0x02DE,   // 0x0800 (2048) pixels
0x031E, 0x031F, 0x031F, 0x033F, 0x033F, 0x035F, 0x035F, 0x037F, 0x037F, 0x039F, 0x03BF, 0x03BF, 0x03DF, 0x03FF, 0x14DF, 0x1D1F,   // 0x0810 (2064) pixels
0x1D3F, 0x253F, 0x255F, 0x255F, 0x35BF, 0x35BF, 0x2D7F, 0x2D7F, 0x2D9F, 0x2D9F, 0x35BF, 0x1D1F, 0x14FF, 0x1D1F, 0x1D1F, 0x1D1F,   // 0x0820 (2080) pixels
0x1D3F, 0x253F, 0x253F, 0x253F, 0x255F, 0x259F, 0x5E7F, 0x669F, 0x669F, 0x669F, 0x669F, 0x6EBF, 0x76DF, 0x76BF, 0x6EBF, 0x669F,   // 0x0830 (2096) pixels
0x66BF, 0x66BF, 0x565F, 0x35FF, 0x35FF, 0x35FF, 0x3E1F, 0x3E1F, 0x3DFF, 0x3DFF, 0x3E1F, 0x86FF, 0x7EDF, 0x7EDF, 0x7EDF, 0x86FF,   // 0x0840 (2112) pixels
0x86FF, 0x7EDF, 0x7EFF, 0x7EFF, 0x871F, 0x463F, 0x3DFF, 0x3DFF, 0x3E1F, 0x3E1F, 0x3DFF, 0x35FF, 0x35DF, 0x463F, 0x669F, 0x669F,   // 0x0850 (2128) pixels
0x7EDF, 0x76BF, 0x76BF, 0x6EBF, 0x669F, 0x5E5F, 0x565F, 0x565F, 0x565F, 0x4E3F, 0x2D7F, 0x257F, 0x255F, 0x255F, 0x255F, 0x1D3F,   // 0x0860 (2144) pixels
0x1D3F, 0x1D1F, 0x1D1F, 0x1CFF, 0x1D1F, 0x359F, 0x35DF, 0x35BF, 0x35BF, 0x2D9F, 0x2D9F, 0x2D7F, 0x255F, 0x255F, 0x253F, 0x1D1F,   // 0x0870 (2160) pixels
0x1CFF, 0x14DF, 0x041F, 0x03DF, 0x03BF, 0x03BF, 0x03BF, 0x037F, 0x035F, 0x0BBF, 0x035F, 0x033F, 0x031E, 0x031E, 0x02FE, 0x02FF,   // 0x0880 (2176) pixels
0x033F, 0x033F, 0x033F, 0x033F, 0x035F, 0x035F, 0x035F, 0x037F, 0x037F, 0x039F, 0x03BF, 0x03DF, 0x03FF, 0x03FF, 0x041F, 0x1CFF,   // 0x0890 (2192) pixels
0x1D5F, 0x255F, 0x255F, 0x257F, 0x2D7F, 0x3DDF, 0x35BF, 0x2D9F, 0x2D9F, 0x2DBF, 0x35DF, 0x2DBF, 0x1D1F, 0x1D3F, 0x1D3F, 0x1D3F,   // 0x08A0 (2208) pixels
0x1D3F, 0x253F, 0x255F, 0x257F, 0x2D7F, 0x2D9F, 0x461F, 0x6EDF, 0x6EBF, 0x6EBF, 0x6EBF, 0x6EBF, 0x7EDF, 0x7EDF, 0x76DF, 0x6EBF,   // 0x08B0 (2224) pixels
0x6EDF, 0x6EDF, 0x6EBF, 0x3E1F, 0x3E1F, 0x3E1F, 0x461F, 0x4E3F, 0x461F, 0x461F, 0x463F, 0x86FF, 0x8EFF, 0x86FF, 0x86FF, 0x8F1F,   // 0x08C0 (2240) pixels
0x8EFF, 0x86FF, 0x871F, 0x8F1F, 0x8F1F, 0x463F, 0x463F, 0x463F, 0x4E3F, 0x463F, 0x463F, 0x3E1F, 0x3E1F, 0x5E7F, 0x76DF, 0x76DF,   // 0x08D0 (2256) pixels
0x86FF, 0x7EDF, 0x7EDF, 0x76DF, 0x6EBF, 0x5E7F, 0x5E7F, 0x5E7F, 0x5E9F, 0x3E1F, 0x2D9F, 0x2D9F, 0x2D9F, 0x2D9F, 0x257F, 0x255F,   // 0x08E0 (2272) pixels
0x255F, 0x253F, 0x253F, 0x1D1F, 0x35BF, 0x3DFF, 0x3DDF, 0x3DDF, 0x35DF, 0x35BF, 0x2D9F, 0x2D7F, 0x2D7F, 0x255F, 0x253F, 0x1D1F,   // 0x08F0 (2288) pixels
0x14DF, 0x043F, 0x03FF, 0x03DF, 0x03DF, 0x03BF, 0x03BF, 0x039F, 0x037F, 0x037F, 0x035F, 0x033F, 0x033F, 0x033F, 0x031F, 0x031F,   // 0x0900 (2304) pixels
0x039E, 0x035F, 0x035F, 0x035F, 0x037F, 0x037F, 0x037F, 0x037F, 0x039F, 0x03BF, 0x03DF, 0x03DF, 0x03FF, 0x041F, 0x041F, 0x043F,   // 0x0910 (2320) pixels
0x14FF, 0x255F, 0x257F, 0x2D9F, 0x2D9F, 0x2D9F, 0x3DFF, 0x3DDF, 0x35BF, 0x35BF, 0x35DF, 0x3DFF, 0x35BF, 0x1D3F, 0x253F, 0x255F,   // 0x0920 (2336) pixels
0x255F, 0x255F, 0x257F, 0x257F, 0x2DBF, 0x35DF, 0x35DF, 0x669F, 0x76DF, 0x76DF, 0x76DF, 0x76DF, 0x7EDF, 0x86FF, 0x86FF, 0x76DF,   // 0x0930 (2352) pixels
0x76DF, 0x76DF, 0x76DF, 0x565F, 0x463F, 0x4E3F, 0x4E5F, 0x565F, 0x4E5F, 0x4E5F, 0x4E5F, 0x8EFF, 0x971F, 0x971F, 0x971F, 0x973F,   // 0x0940 (2368) pixels
0x971F, 0x8F1F, 0x8F1F, 0x971F, 0x8F1F, 0x4E5F, 0x565F, 0x4E5F, 0x567F, 0x4E5F, 0x4E5F, 0x463F, 0x463F, 0x7EFF, 0x7EDF, 0x86FF,   // 0x0950 (2384) pixels
0x8EFF, 0x86FF, 0x86FF, 0x7EFF, 0x6EBF, 0x669F, 0x669F, 0x5E9F, 0x567F, 0x35BF, 0x35BF, 0x2DBF, 0x2DBF, 0x2D9F, 0x2D7F, 0x257F,   // 0x0960 (2400) pixels
0x255F, 0x255F, 0x255F, 0x359F, 0x461F, 0x45FF, 0x3DFF, 0x3DFF, 0x3DDF, 0x35BF, 0x2D9F, 0x2D9F, 0x2D7F, 0x255F, 0x255F, 0x1CFF,   // 0x0970 (2416) pixels
0x043F, 0x041F, 0x03FF, 0x03DF, 0x03DF, 0x03BF, 0x039F, 0x039F, 0x037F, 0x037F, 0x035F, 0x033E, 0x033F, 0x033F, 0x033F, 0x035F,   // 0x0980 (2432) pixels
0x03FE, 0x03FF, 0x039F, 0x037F, 0x039F, 0x039F, 0x039F, 0x039F, 0x03BF, 0x03DF, 0x03DF, 0x03FF, 0x03FF, 0x041F, 0x043F, 0x043F,   // 0x0990 (2448) pixels
0x043F, 0x1CFF, 0x2D9F, 0x2D9F, 0x2D9F, 0x2DBF, 0x35DF, 0x461F, 0x3DFF, 0x35DF, 0x3DFF, 0x3DFF, 0x3E1F, 0x35BF, 0x255F, 0x257F,   // 0x09A0 (2464) pixels
0x257F, 0x259F, 0x2D9F, 0x2DBF, 0x35DF, 0x35DF, 0x35FF, 0x461F, 0x7EDF, 0x7EDF, 0x7EDF, 0x7EDF, 0x7EFF, 0x86FF, 0x8F1F, 0x86FF,   // 0x09B0 (2480) pixels
0x86FF, 0x86FF, 0x86FF, 0x6EBF, 0x565F, 0x567F, 0x567F, 0x5E9F, 0x567F, 0x5E7F, 0x5E7F, 0x8EFF, 0x9F3F, 0x9F3F, 0x9F3F, 0xA73F,   // 0x09C0 (2496) pixels
0x9F3F, 0x973F, 0x973F, 0x9F3F, 0x8F1F, 0x5E9F, 0x5E9F, 0x5E9F, 0x669F, 0x567F, 0x567F, 0x4E5F, 0x669F, 0x86FF, 0x86FF, 0x971F,   // 0x09D0 (2512) pixels
0x971F, 0x8F1F, 0x8F1F, 0x86FF, 0x76DF, 0x6EBF, 0x669F, 0x5E9F, 0x3E1F, 0x35DF, 0x35DF, 0x35DF, 0x2DBF, 0x2D9F, 0x2D9F, 0x2D9F,   // 0x09E0 (2528) pixels
0x257F, 0x257F, 0x35BF, 0x4E3F, 0x4E1F, 0x461F, 0x461F, 0x45FF, 0x3DDF, 0x35BF, 0x359F, 0x2D9F, 0x2D7F, 0x2D7F, 0x1D1F, 0x0C5F,   // 0x09F0 (2544) pixels
0x043F, 0x043F, 0x041F, 0x03FF, 0x03FF, 0x03DF, 0x03BF, 0x039F, 0x039F, 0x037F, 0x037F, 0x035F, 0x035F, 0x037F, 0x03BF, 0x03DF,   // 0x0A00 (2560) pixels
0x03FE, 0x041F, 0x043F, 0x041F, 0x03BF, 0x039F, 0x039F, 0x03BF, 0x03BF, 0x03DF, 0x03FF, 0x03FF, 0x041F, 0x043F, 0x045F, 0x0C5F,   // 0x0A10 (2576) pixels
0x0C5F, 0x0C7F, 0x1D1F, 0x2D9F, 0x2DBF, 0x35BF, 0x35DF, 0x35DF, 0x461F, 0x461F, 0x3DFF, 0x461F, 0x461F, 0x461F, 0x35DF, 0x2D9F,   // 0x0A20 (2592) pixels
0x2D9F, 0x2DBF, 0x2DBF, 0x35DF, 0x35FF, 0x3DFF, 0x3E1F, 0x3E1F, 0x669F, 0x86FF, 0x86FF, 0x86FF, 0x86FF, 0x8F1F, 0x971F, 0x971F,   // 0x0A30 (2608) pixels
0x8F1F, 0x8F1F, 0x8F1F, 0x8F1F, 0x5E9F, 0x669F, 0x669F, 0x6EBF, 0x66BF, 0x66BF, 0x66BF, 0x871F, 0xAF5F, 0xA75F, 0xA75F, 0xAF5F,   // 0x0A40 (2624) pixels
0xAF5F, 0xA73F, 0xA73F, 0xA75F, 0x8EFF, 0x66BF, 0x66BF, 0x6EBF, 0x6EBF, 0x5E9F, 0x5E9F, 0x567F, 0x86FF, 0x971F, 0x971F, 0x9F3F,   // 0x0A50 (2640) pixels
0x9F3F, 0x971F, 0x971F, 0x86FF, 0x7EFF, 0x76DF, 0x76BF, 0x5E7F, 0x3DFF, 0x3DFF, 0x35DF, 0x35DF, 0x35DF, 0x2DBF, 0x2DBF, 0x2DBF,   // 0x0A60 (2656) pixels
0x2D9F, 0x35BF, 0x565F, 0x565F, 0x4E3F, 0x4E3F, 0x4E3F, 0x3E1F, 0x35DF, 0x35BF, 0x35BF, 0x2D9F, 0x2D9F, 0x1D1F, 0x0C9F, 0x0C7F,   // 0x0A70 (2672) pixels
0x0C5F, 0x045F, 0x043F, 0x041F, 0x03FF, 0x03DF, 0x03DF, 0x03BF, 0x03BF, 0x039F, 0x039F, 0x039F, 0x03FF, 0x041F, 0x03FF, 0x03FF,   // 0x0A80 (2688) pixels
0x041E, 0x041F, 0x043F, 0x0C5F, 0x0C7F, 0x03FF, 0x03BF, 0x03BF, 0x03DF, 0x03FF, 0x03FF, 0x041F, 0x041F, 0x043F, 0x0C5F, 0x0C7F,   // 0x0A90 (2704) pixels
0x0C7F, 0x0C9F, 0x0CBF, 0x1D1F, 0x35BF, 0x35DF, 0x35DF, 0x35FF, 0x3DFF, 0x4E3F, 0x461F, 0x461F, 0x463F, 0x4E3F, 0x4E5F, 0x35DF,   // 0x0AA0 (2720) pixels
0x2DBF, 0x35DF, 0x35DF, 0x35FF, 0x3E1F, 0x3E3F, 0x463F, 0x463F, 0x4E5F, 0x86FF, 0x8F1F, 0x8F1F, 0x8F1F, 0x971F, 0x9F3F, 0x9F3F,   // 0x0AB0 (2736) pixels
0x9F3F, 0x9F3F, 0x9F3F, 0x9F3F, 0x76DF, 0x6EBF, 0x76DF, 0x7EDF, 0x76DF, 0x76BF, 0x6EBF, 0x871F, 0xB77F, 0xAF5F, 0xAF5F, 0xB77F,   // 0x0AC0 (2752) pixels
0xB77F, 0xAF5F, 0xAF5F, 0xAF5F, 0x8F1F, 0x6EBF, 0x6EBF, 0x76DF, 0x76DF, 0x6EBF, 0x6EBF, 0x66BF, 0x9F3F, 0x9F3F, 0xA75F, 0xA75F,   // 0x0AD0 (2768) pixels
0xA73F, 0x9F3F, 0x9F1F, 0x8EFF, 0x86FF, 0x7EFF, 0x7EDF, 0x4E3F, 0x461F, 0x3E1F, 0x3DFF, 0x3DFF, 0x3DFF, 0x35DF, 0x35DF, 0x35DF,   // 0x0AE0 (2784) pixels
0x35DF, 0x5E7F, 0x5E7F, 0x5E7F, 0x565F, 0x565F, 0x4E3F, 0x3DFF, 0x3DFF, 0x3DDF, 0x35BF, 0x35BF, 0x253F, 0x149F, 0x0C9F, 0x0C9F,   // 0x0AF0 (2800) pixels
0x0C7F, 0x0C5F, 0x045F, 0x043F, 0x041F, 0x03FF, 0x03FF, 0x03DF, 0x03BF, 0x03BF, 0x03DF, 0x0C7F, 0x0C7F, 0x0C3F, 0x041F, 0x03FF,   // 0x0B00 (2816) pixels
0x041E, 0x043F, 0x043F, 0x0C5F, 0x0C7F, 0x149F, 0x0C7F, 0x03FF, 0x03DF, 0x03FF, 0x041F, 0x041F, 0x043F, 0x0C5F, 0x0C5F, 0x0C7F,   // 0x0B10 (2832) pixels
0x0C9F, 0x0CBF, 0x14BF, 0x14DF, 0x255F, 0x3DFF, 0x3DFF, 0x3E1F, 0x3E1F, 0x463F, 0x565F, 0x4E5F, 0x4E5F, 0x4E5F, 0x565F, 0x567F,   // 0x0B20 (2848) pixels
0x35FF, 0x35FF, 0x3DFF, 0x3E1F, 0x3E3F, 0x465F, 0x4E5F, 0x4E7F, 0x567F, 0x6EBF, 0x973F, 0x9F3F, 0x9F3F, 0x9F3F, 0xA73F, 0xA75F,   // 0x0B30 (2864) pixels
0xAF5F, 0xA75F, 0xAF5F, 0xAF5F, 0x971F, 0x7EFF, 0x7EFF, 0x86FF, 0x86FF, 0x7EFF, 0x7EFF, 0x8F1F, 0xBF7F, 0xBF7F, 0xBF7F, 0xBF9F,   // 0x0B40 (2880) pixels
0xBF7F, 0xB77F, 0xB77F, 0xB77F, 0x973F, 0x7EFF, 0x7EDF, 0x7EFF, 0x7EFF, 0x76DF, 0x76DF, 0x8F1F, 0xAF5F, 0xA75F, 0xB77F, 0xB75F,   // 0x0B50 (2896) pixels
0xAF5F, 0xAF5F, 0x9F3F, 0x971F, 0x8F1F, 0x8F1F, 0x6EBF, 0x4E5F, 0x4E3F, 0x463F, 0x463F, 0x461F, 0x3E1F, 0x3DFF, 0x35FF, 0x3DFF,   // 0x0B60 (2912) pixels
0x669F, 0x669F, 0x669F, 0x667F, 0x5E7F, 0x565F, 0x463F, 0x461F, 0x3E1F, 0x3DFF, 0x3DFF, 0x255F, 0x14FF, 0x14BF, 0x14BF, 0x14BF,   // 0x0B70 (2928) pixels
0x0C9F, 0x0C7F, 0x0C5F, 0x043F, 0x043F, 0x041F, 0x03FF, 0x03DF, 0x03DF, 0x0C5F, 0x14BF, 0x149F, 0x147F, 0x0C5F, 0x043F, 0x041F,   // 0x0B80 (2944) pixels
0x043E, 0x045F, 0x045F, 0x0C7F, 0x0C9F, 0x149F, 0x14BF, 0x14DF, 0x0C5F, 0x041F, 0x041F, 0x043F, 0x045F, 0x0C5F, 0x0C7F, 0x0C9F,   // 0x0B90 (2960) pixels
0x14BF, 0x2D3F, 0x14FF, 0x14FF, 0x1D1F, 0x255F, 0x35DF, 0x3E1F, 0x463F, 0x463F, 0x4E5F, 0x5E9F, 0x567F, 0x565F, 0x567F, 0x5E7F,   // 0x0BA0 (2976) pixels
0x5E9F, 0x3E1F, 0x3E1F, 0x463F, 0x463F, 0x4E5F, 0x567F, 0x567F, 0x567F, 0x5E9F, 0x971F, 0xA75F, 0xA75F, 0xA75F, 0xAF5F, 0xB77F,   // 0x0BB0 (2992) pixels
0xB77F, 0xAF5F, 0xB77F, 0xB77F, 0xAF7F, 0x8F1F, 0x8F1F, 0x8F1F, 0x9F3F, 0x8F1F, 0x8F1F, 0x973F, 0xC79F, 0xC79F, 0xC79F, 0xC79F,   // 0x0BC0 (3008) pixels
0xC79F, 0xBF7F, 0xBF7F, 0xC79F, 0x973F, 0x8F1F, 0x8F1F, 0x971F, 0x8F1F, 0x86FF, 0x86FF, 0xAF5F, 0xB77F, 0xB77F, 0xBF7F, 0xBF7F,   // 0x0BD0 (3024) pixels
0xB77F, 0xB77F, 0xA75F, 0x9F3F, 0x973F, 0x8F1F, 0x5E9F, 0x5E7F, 0x567F, 0x4E5F, 0x4E5F, 0x465F, 0x463F, 0x3E1F, 0x3DFF, 0x669F,   // 0x0BE0 (3040) pixels
0x76BF, 0x6EBF, 0x6E9F, 0x669F, 0x5E7F, 0x4E5F, 0x4E3F, 0x461F, 0x461F, 0x3E1F, 0x257F, 0x1CFF, 0x14DF, 0x14DF, 0x14DF, 0x14BF,   // 0x0BF0 (3056) pixels
0x149F, 0x0C9F, 0x0C7F, 0x045F, 0x043F, 0x041F, 0x041F, 0x0C5F, 0x1CDF, 0x1CDF, 0x14DF, 0x149F, 0x149F, 0x0C7F, 0x045F, 0x041F,   // 0x0C00 (3072) pixels
0x045E, 0x045F, 0x0C7F, 0x0C7F, 0x0C9F, 0x14DF, 0x14DF, 0x14FF, 0x1CFF, 0x14DF, 0x0C7F, 0x045F, 0x0C5F, 0x0C7F, 0x0C9F, 0x14BF,   // 0x0C10 (3088) pixels
0x1CFF, 0x7E5F, 0x1D1F, 0x1D1F, 0x1D3F, 0x1D3F, 0x255F, 0x3E1F, 0x463F, 0x4E5F, 0x4E7F, 0x567F, 0x5E9F, 0x5E7F, 0x5E7F, 0x5E9F,   // 0x0C20 (3104) pixels
0x66BF, 0x669F, 0x463F, 0x463F, 0x4E5F, 0x4E7F, 0x567F, 0x5E9F, 0x5E9F, 0x66BF, 0x7EFF, 0xAF5F, 0xAF7F, 0xB77F, 0xB77F, 0xBF7F,   // 0x0C30 (3120) pixels
0xBF9F, 0xBF7F, 0xBF7F, 0xBF9F, 0xC79F, 0x9F3F, 0x9F3F, 0x9F3F, 0xA75F, 0xA73F, 0xA75F, 0xA75F, 0xCFBF, 0xCF9F, 0xCF9F, 0xD7BF,   // 0x0C40 (3136) pixels
0xCFBF, 0xCF9F, 0xCF9F, 0xCFBF, 0xA73F, 0x9F3F, 0x9F3F, 0xA75F, 0x9F3F, 0x973F, 0x9F3F, 0xC79F, 0xC79F, 0xC79F, 0xCF9F, 0xC79F,   // 0x0C50 (3152) pixels
0xC79F, 0xB77F, 0xAF5F, 0xA75F, 0xA73F, 0x7EFF, 0x6EBF, 0x669F, 0x5E9F, 0x567F, 0x567F, 0x4E7F, 0x4E5F, 0x463F, 0x669F, 0x7EDF,   // 0x0C60 (3168) pixels
0x7EDF, 0x76DF, 0x6EBF, 0x669F, 0x567F, 0x565F, 0x4E5F, 0x4E3F, 0x461F, 0x2D7F, 0x1D3F, 0x1D1F, 0x1D1F, 0x14FF, 0x14DF, 0x14DF,   // 0x0C70 (3184) pixels
0x14BF, 0x14BF, 0x0C9F, 0x0C7F, 0x0C5F, 0x045F, 0x14BF, 0x1D1F, 0x1CFF, 0x1CDF, 0x14DF, 0x14BF, 0x149F, 0x0C7F, 0x0C5F, 0x043F,   // 0x0C80 (3200) pixels
0x047F, 0x045F, 0x0C7F, 0x0C9F, 0x14BF, 0x14DF, 0x1CFF, 0x1D1F, 0x1D1F, 0x1D1F, 0x1D3F, 0x14DF, 0x0C7F, 0x0C9F, 0x14BF, 0x14DF,   // 0x0C90 (3216) pixels
0x14DF, 0x151F, 0x1D1F, 0x1D3F, 0x1D3F, 0x255F, 0x257F, 0x257F, 0x463F, 0x4E5F, 0x567F, 0x567F, 0x5E9F, 0x669F, 0x5E9F, 0x669F,   // 0x0CA0 (3232) pixels
0x66BF, 0x6EDF, 0x66BF, 0x565F, 0x567F, 0x5E9F, 0x5E9F, 0x66BF, 0x6EBF, 0x6EDF, 0x76DF, 0x9F5F, 0xB77F, 0xBF9F, 0xC79F, 0xC79F,   // 0x0CB0 (3248) pixels
0xCFBF, 0xCFBF, 0xC79F, 0xCF9F, 0xCF9F, 0xB77F, 0xAF5F, 0xAF5F, 0xB77F, 0xAF5F, 0xAF7F, 0xAF7F, 0xD7BF, 0xDFBF, 0xDFBF, 0xDFBF,   // 0x0CC0 (3264) pixels
0xD7BF, 0xD7BF, 0xD7BF, 0xD7BF, 0xB75F, 0xAF5F, 0xAF5F, 0xB77F, 0xA75F, 0xA73F, 0xB77F, 0xCF9F, 0xD7BF, 0xE7DF, 0xE7DF, 0xDFBF,   // 0x0CD0 (3280) pixels
0xCFBF, 0xBF7F, 0xBF7F, 0xB77F, 0x9F3F, 0x7EFF, 0x7EFF, 0x76DF, 0x6EBF, 0x669F, 0x5E9F, 0x567F, 0x567F, 0x6EBF, 0x86FF, 0x86DF,   // 0x0CE0 (3296) pixels
0x7EDF, 0x76DF, 0x6EBF, 0x5E9F, 0x5E7F, 0x567F, 0x565F, 0x4E3F, 0x2D9F, 0x255F, 0x253F, 0x253F, 0x1D3F, 0x1D3F, 0x355F, 0x1CFF,   // 0x0CF0 (3312) pixels
0x14DF, 0x14DF, 0x14BF, 0x149F, 0x14DF, 0x253F, 0x253F, 0x1D1F, 0x1CFF, 0x1CFF, 0x1CDF, 0x14DF, 0x14BF, 0x0C7F, 0x0C7F, 0x045F,   // 0x0D00 (3328) pixels
0x047F, 0x0C7F, 0x0C7F, 0x14BF, 0x14DF, 0x14DF, 0x1D3F, 0x253F, 0x1D1F, 0x253F, 0x255F, 0x257F, 0x255F, 0x14DF, 0x14DF, 0x14FF,   // 0x0D10 (3344) pixels
0x14FF, 0x151F, 0x1D3F, 0x1D5F, 0x255F, 0x257F, 0x259F, 0x259F, 0x2D9F, 0x4E5F, 0x569F, 0x5E9F, 0x5E9F, 0x5E9F, 0x66BF, 0x6EBF,   // 0x0D20 (3360) pixels
0x6EBF, 0x76DF, 0x7EFF, 0x6EDF, 0x5E9F, 0x66BF, 0x6EBF, 0x6EDF, 0x76DF, 0x7EFF, 0x86FF, 0x8F3F, 0xD79F, 0x9D9D, 0x7CDC, 0x8D1C,   // 0x0D30 (3376) pixels
0x957C, 0xA5DD, 0xB65D, 0xDF5F, 0xE7DF, 0xCF9F, 0xB77F, 0xBF7F, 0xBF9F, 0xBF7F, 0xBF7F, 0xBF7F, 0xDFBF, 0xE7DF, 0xE7DF, 0xE7DF,   // 0x0D40 (3392) pixels
0xDFDF, 0xEFDF, 0xE77F, 0xBE7D, 0xA5FD, 0x9DDD, 0x9DBD, 0x9DBD, 0xAE7E, 0xD79F, 0xDFBF, 0xA5FD, 0x643B, 0x437A, 0x435A, 0x643B,   // 0x0D50 (3408) pixels
0xADFD, 0xDFBF, 0xC79F, 0xBF9F, 0x973F, 0x8F1F, 0x871F, 0x7EFF, 0x7EFF, 0x6EDF, 0x669F, 0x669F, 0x76DF, 0x971F, 0x8F1F, 0x86FF,   // 0x0D60 (3424) pixels
0x86FF, 0x7EDF, 0x6EBF, 0x669F, 0x5E7F, 0x5E7F, 0x565F, 0x35DF, 0x2D9F, 0x2D7F, 0x257F, 0x255F, 0x255F, 0x255F, 0x253F, 0x1D1F,   // 0x0D70 (3440) pixels
0x1CFF, 0x14DF, 0x14DF, 0x253F, 0x2D9F, 0x2D7F, 0x255F, 0x253F, 0x253F, 0x1D1F, 0x1CFF, 0x1CFF, 0x14BF, 0x0C9F, 0x0C7F, 0x045F,   // 0x0D80 (3456) pixels
0x03FE, 0x0C5F, 0x0C9F, 0x14BF, 0x1CFF, 0x1CFF, 0x1D3F, 0x255F, 0x2D7F, 0x2D7F, 0x2D7F, 0x2D9F, 0x2DBF, 0x35DF, 0x255F, 0x1D1F,   // 0x0D90 (3472) pixels
0x1D1F, 0x1D3F, 0x1D5F, 0x257F, 0x2D9F, 0x2DBF, 0x2DBF, 0x2DBF, 0x2DDF, 0x35FF, 0x567F, 0x669F, 0x66BF, 0x66BF, 0x6EBF, 0x76DF,   // 0x0DA0 (3488) pixels
0x76DF, 0x7EFF, 0x871F, 0x8F1F, 0x76DF, 0x6EBF, 0x76DF, 0x7EFF, 0x86FF, 0x8F1F, 0x8F3F, 0xCF7F, 0x3B3A, 0x2151, 0x6189, 0x618B,   // 0x0DB0 (3504) pixels
0x496D, 0x314E, 0x2971, 0x11B6, 0x643B, 0xEFBF, 0xC79F, 0xC79F, 0xCF9F, 0xCF9F, 0xCF9F, 0xCF9F, 0xDFDF, 0xE7DF, 0xEFDF, 0xEFDF,   // 0x0DC0 (3520) pixels
0xE75E, 0x541B, 0x09F6, 0x1992, 0x2971, 0x3170, 0x396F, 0x396E, 0x1193, 0x3B5A, 0x32F9, 0x1193, 0x71E9, 0xAB27, 0xAB67, 0x79C8,   // 0x0DD0 (3536) pixels
0x1952, 0x3B7B, 0xDF5F, 0xB77F, 0x9F5F, 0x9F3F, 0x973F, 0x8F1F, 0x871F, 0x7EFF, 0x76DF, 0x7EFF, 0x9F5F, 0x9F3F, 0x973F, 0x8F1F,   // 0x0DE0 (3552) pixels
0x86FF, 0x76DF, 0x6EBF, 0x6E9F, 0x669F, 0x565F, 0x3DFF, 0x35DF, 0x35DF, 0x2DBF, 0x2D9F, 0x2DBF, 0x2DBF, 0x257F, 0x255F, 0x253F,   // 0x0DF0 (3568) pixels
0x1D1F, 0x253F, 0x2DBF, 0x35BF, 0x2D9F, 0x2D7F, 0x2D9F, 0x2D7F, 0x255F, 0x253F, 0x1D1F, 0x1CFF, 0x14DF, 0x0C9F, 0x045F, 0x03DF,   // 0x0E00 (3584) pixels
0x03DE, 0x03DF, 0x041F, 0x14BF, 0x1CFF, 0x1D1F, 0x1D3F, 0x255F, 0x2D7F, 0x3DDF, 0x35DF, 0x2DBF, 0x35DF, 0x35FF, 0x3E1F, 0x35FF,   // 0x0E10 (3600) pixels
0x257F, 0x255F, 0x257F, 0x2D9F, 0x2DBF, 0x35DF, 0x35DF, 0x35DF, 0x35FF, 0x3DFF, 0x3E1F, 0x5E9F, 0x6EBF, 0x6EDF, 0x76DF, 0x76FF,   // 0x0E20 (3616) pixels
0x86FF, 0x86FF, 0x8F1F, 0x971F, 0x971F, 0x86FF, 0x86FF, 0x8F1F, 0x971F, 0x9F3F, 0xAF7F, 0x8D5D, 0x0195, 0xB325, 0xFFB6, 0xFF96,   // 0x0E30 (3632) pixels
0xFF34, 0xFEB2, 0xFE2E, 0xBA62, 0x1153, 0x7CDC, 0xE7DF, 0xD7BF, 0xD7BF, 0xDFBF, 0xD7BF, 0xDFBF, 0xE7DF, 0xEFDF, 0xF7FF, 0xF7FF,   // 0x0E40 (3648) pixels
0x3B5A, 0x1950, 0xC3E7, 0xF5EF, 0xFE92, 0xFEF3, 0xFF14, 0xFEF2, 0xC303, 0x1172, 0x212E, 0xDC27, 0xFFB8, 0xFFFD, 0xFFFE, 0xFF97,   // 0x0E50 (3664) pixels
0xD3A5, 0x3990, 0x331B, 0xCF9F, 0xAF7F, 0xAF5F, 0xA75F, 0x9F3F, 0x973F, 0x8F1F, 0x8F1F, 0xAF7F, 0xAF7F, 0xA75F, 0x9F5F, 0x973F,   // 0x0E60 (3680) pixels
0x86FF, 0x7EFF, 0x7EDF, 0x76BF, 0x669F, 0x461F, 0x3E1F, 0x3DFF, 0x3DFF, 0x35DF, 0x35FF, 0x35DF, 0x2D9F, 0x2D9F, 0x257F, 0x257F,   // 0x0E70 (3696) pixels
0x35DF, 0x3DFF, 0x35DF, 0x35BF, 0x35BF, 0x3DDF, 0x35BF, 0x2D7F, 0x255F, 0x255F, 0x1D3F, 0x1D1F, 0x14DF, 0x0C5F, 0x03DF, 0x039F,   // 0x0E80 (3712) pixels
0x03FE, 0x03FF, 0x03FF, 0x043F, 0x149F, 0x1D1F, 0x255F, 0x257F, 0x2D7F, 0x2DBF, 0x3DFF, 0x461F, 0x3DFF, 0x3DFF, 0x565F, 0x6E9F,   // 0x0E90 (3728) pixels
0x667F, 0x561F, 0x3DFF, 0x35DF, 0x35FF, 0x35FF, 0x35FF, 0x35FF, 0x3E1F, 0x3E1F, 0x463F, 0x4E5F, 0x669F, 0x76DF, 0x7EFF, 0x86FF,   // 0x0EA0 (3744) pixels
0x871F, 0x8F1F, 0x971F, 0x9F3F, 0xA73F, 0xA75F, 0x9F3F, 0x9F3F, 0xA75F, 0xA75F, 0xD77F, 0x1A79, 0x394C, 0xF5EB, 0xFFFC, 0xFFFB,   // 0x0EB0 (3760) pixels
0xFFFB, 0xFFFB, 0xF649, 0xD140, 0x20CB, 0x0A7B, 0xD71F, 0xE7DF, 0xE7DF, 0xE7DF, 0xE7DF, 0xE7DF, 0xEFDF, 0xF7FF, 0xF7FF, 0xCEDE,   // 0x0EC0 (3776) pixels
0x01F7, 0x58C7, 0xF62B, 0xFFFE, 0xFFFE, 0xFFFE, 0xFFFD, 0xFFFC, 0xEBE2, 0x294D, 0xAA65, 0xFFB8, 0xFFFC, 0xFFFC, 0xFFFC, 0xFFFC,   // 0x0ED0 (3792) pixels
0xFF97, 0xAA43, 0x01D8, 0x9DBD, 0xC6FE, 0x8D9D, 0x7CFC, 0x74BC, 0x6C9C, 0x74BC, 0x959D, 0xDF9F, 0xBF7F, 0xAF7F, 0xA75F, 0x971F,   // 0x0EE0 (3808) pixels
0x8F1F, 0x871F, 0x86FF, 0x6EBF, 0x565F, 0x4E3F, 0x463F, 0x461F, 0x461F, 0x463F, 0x3DFF, 0x35DF, 0x35BF, 0x2DBF, 0x35DF, 0x4E5F,   // 0x0EF0 (3824) pixels
0x4E3F, 0x461F, 0x3E1F, 0x461F, 0x4E5F, 0x3DFF, 0x35BF, 0x2D9F, 0x2D7F, 0x255F, 0x1D3F, 0x14BF, 0x043F, 0x041F, 0x03FF, 0x03BF,   // 0x0F00 (3840) pixels
0x03DE, 0x03FF, 0x03FF, 0x041F, 0x043F, 0x045F, 0x14FF, 0x257F, 0x2D9F, 0x35BF, 0x5E5F, 0x86BF, 0x7DBD, 0x5C9B, 0x43BA, 0x337A,   // 0x0F10 (3856) pixels
0x2B3A, 0x3359, 0x43DA, 0x54DD, 0x65FE, 0x565F, 0x3E1F, 0x3E1F, 0x463F, 0x463F, 0x4E5F, 0x567F, 0x569F, 0x6EDF, 0x871F, 0x8F1F,   // 0x0F20 (3872) pixels
0x8F1F, 0x973F, 0x9F3F, 0xA75F, 0xAF5F, 0xB77F, 0xBF9F, 0xB77F, 0xB77F, 0xC79F, 0x955D, 0x01B4, 0xAAE5, 0xFFD8, 0xFFFA, 0xFFFA,   // 0x0F30 (3888) pixels
0xFFD9, 0xFECB, 0xE260, 0x78A1, 0x00CE, 0x027C, 0x749C, 0xEFDF, 0xEFDF, 0xEFDF, 0xEFDF, 0xEFDF, 0xF7FF, 0xFFFF, 0xFFFF, 0xA5DD,   // 0x0F40 (3904) pixels
0x01F7, 0x68C6, 0xF60A, 0xFFFD, 0xFFFC, 0xFFFD, 0xFFFD, 0xFFFB, 0xEBE1, 0x312B, 0xDB62, 0xFFD8, 0xFFFA, 0xFFFA, 0xFFFA, 0xFFFA,   // 0x0F50 (3920) pixels
0xFFF9, 0xD321, 0x0952, 0x129A, 0x09B6, 0x392D, 0x514B, 0x6989, 0x71A9, 0x71CA, 0x3170, 0x2AB9, 0xD75F, 0xB77F, 0xA75F, 0x9F3F,   // 0x0F60 (3936) pixels
0x973F, 0x971F, 0x7EFF, 0x5E9F, 0x567F, 0x565F, 0x4E5F, 0x4E5F, 0x4E5F, 0x463F, 0x461F, 0x3DFF, 0x3DFF, 0x4E3F, 0x567F, 0x565F,   // 0x0F70 (3952) pixels
0x4E3F, 0x4E3F, 0x5E7F, 0x565F, 0x3E1F, 0x3DFF, 0x3DDF, 0x35BF, 0x2D9F, 0x253F, 0x0C9F, 0x0C5F, 0x0C3F, 0x041F, 0x03FF, 0x03BF,   // 0x0F80 (3968) pixels
0x03DE, 0x03DF, 0x03FF, 0x041F, 0x043F, 0x045F, 0x0C7F, 0x14DF, 0x45DF, 0x5D5D, 0x3B79, 0x11D4, 0x316F, 0x61AA, 0x8A88, 0xAB27,   // 0x0F90 (3984) pixels
0xAB47, 0x9AC7, 0x71C8, 0x394D, 0x0994, 0x231A, 0x65BE, 0x567F, 0x4E5F, 0x4E5F, 0x567F, 0x5E9F, 0x5EBF, 0x66DF, 0x7EFF, 0x973F,   // 0x0FA0 (4000) pixels
0x9F3F, 0xA75F, 0xAF7F, 0xB77F, 0xBF7F, 0xC79F, 0xCF9F, 0xCFBF, 0xC79F, 0xDF9F, 0x1A7A, 0x392B, 0xFDAA, 0xFFF9, 0xFFF8, 0xFFF7,   // 0x0FB0 (4016) pixels
0xFF0B, 0xE2C0, 0xA0E1, 0x0888, 0x01D7, 0x027C, 0x5B98, 0xFFFF, 0xF7FF, 0xF7FF, 0xF7FF, 0xF7FF, 0xF7FF, 0xFFFF, 0xFFFF, 0x959D,   // 0x0FC0 (4032) pixels
0x01F6, 0x6906, 0xF60B, 0xFFFB, 0xFFFB, 0xFFFB, 0xFFFB, 0xFFFA, 0xE3C1, 0x210B, 0xCA00, 0xFF2E, 0xFFF8, 0xFFF8, 0xFFF8, 0xFFF7,   // 0x0FD0 (4048) pixels
0xFF2E, 0xB1A1, 0x0173, 0x01D8, 0x7126, 0xFE6E, 0xFF76, 0xFF98, 0xFFB9, 0xFFB7, 0xD321, 0x1194, 0x8D5D, 0xBF7F, 0xAF5F, 0xA75F,   // 0x0FE0 (4064) pixels
0xA73F, 0x8F1F, 0x76DF, 0x6EBF, 0x669F, 0x5E7F, 0x5E9F, 0x5E7F, 0x565F, 0x4E5F, 0x4E3F, 0x4E3F, 0x669F, 0x669F, 0x5E7F, 0x567F,   // 0x0FF0 (4080) pixels
0x5E7F, 0x6EBF, 0x565F, 0x4E3F, 0x461F, 0x3DFF, 0x3DFF, 0x2D7F, 0x1CFF, 0x14BF, 0x0C9F, 0x0C7F, 0x0C5F, 0x043F, 0x03FF, 0x03DF,   // 0x1000 (4096) pixels
0x03FE, 0x03DF, 0x03FF, 0x043F, 0x043F, 0x045F, 0x1CFF, 0x4D1D, 0x1277, 0x1951, 0x79E7, 0xD448, 0xF671, 0xFF98, 0xFFFC, 0xFFFD,   // 0x1010 (4112) pixels
0xFFFD, 0xFFFC, 0xFFB9, 0xF650, 0xD406, 0x6189, 0x0996, 0x3C1C, 0x669F, 0x5E9F, 0x5E9F, 0x66BF, 0x6EDF, 0x6EFF, 0x76FF, 0x8F1F,   // 0x1020 (4128) pixels
0xAF7F, 0xB77F, 0xBF9F, 0xC79F, 0xCFBF, 0xCF9F, 0xD7BF, 0xDFBF, 0xDFDF, 0x959D, 0x0175, 0x91A4, 0xFEEC, 0xFF70, 0xFF0E, 0xF586,   // 0x1030 (4144) pixels
0xDA20, 0x98E1, 0x10A6, 0x01B4, 0x02DD, 0x01B7, 0x6BF7, 0xFFFF, 0xF7FF, 0xFFFF, 0xEFBF, 0xADFD, 0x6C7B, 0x4B99, 0x4359, 0x3319,   // 0x1040 (4160) pixels
0x01F6, 0x60E6, 0xF60A, 0xFFFA, 0xFFFA, 0xFFFA, 0xFFFA, 0xFFF8, 0xDBA1, 0x20EB, 0x80E1, 0xDB01, 0xF66A, 0xFF8F, 0xFFAF, 0xFE89,   // 0x1050 (4176) pixels
0xDAA1, 0x50A6, 0x01D6, 0x01D6, 0xA9A2, 0xFFD7, 0xFFFC, 0xFFFC, 0xFFFC, 0xFFF9, 0xDB20, 0x1130, 0x6C7D, 0xCF9F, 0xB77F, 0xB77F,   // 0x1060 (4192) pixels
0x9F3F, 0x871F, 0x7EFF, 0x76DF, 0x6EBF, 0x6EBF, 0x669F, 0x5E7F, 0x5E7F, 0x5E7F, 0x66BF, 0x76DF, 0x76BF, 0x6EBF, 0x6EBF, 0x76BF,   // 0x1070 (4208) pixels
0x6EBF, 0x5E7F, 0x565F, 0x4E3F, 0x461F, 0x3DFF, 0x2D7F, 0x1D1F, 0x1CFF, 0x14DF, 0x14BF, 0x0C9F, 0x0C7F, 0x045F, 0x041F, 0x03DF,   // 0x1080 (4224) pixels
0x041F, 0x03FF, 0x041F, 0x043F, 0x045F, 0x353F, 0x33DB, 0x0954, 0x6967, 0xE4E8, 0xFFB7, 0xFFFC, 0xFFFB, 0xFFFA, 0xFFFA, 0xFFFA,   // 0x1090 (4240) pixels
0xFFFA, 0xFFFA, 0xFFFA, 0xFFFA, 0xFFFB, 0xF64E, 0x91C4, 0x0973, 0x2B5A, 0x6EDF, 0x6EDF, 0x6EDF, 0x76DF, 0x7F1F, 0x871F, 0x8F3F,   // 0x10A0 (4256) pixels
0xAF1F, 0x859D, 0x5C3B, 0x4B99, 0x53DB, 0x851C, 0xDF7F, 0xE7BF, 0xEFBF, 0x53BA, 0x0174, 0x7125, 0xD1A0, 0xD1C0, 0xD160, 0xC920,   // 0x10B0 (4272) pixels
0x88A1, 0x08A7, 0x0193, 0x02FD, 0x0259, 0x00F0, 0x9D59, 0xFFFF, 0xFFDF, 0x955C, 0x1257, 0x2170, 0x7188, 0x9287, 0x9AA7, 0x8206,   // 0x10C0 (4288) pixels
0x514B, 0x70E5, 0xF60A, 0xFFF8, 0xFFF8, 0xFFF8, 0xFFF8, 0xFFD6, 0xDB60, 0x212D, 0x18C9, 0x90E1, 0xD1C0, 0xDA80, 0xE2A0, 0xC960,   // 0x10D0 (4304) pixels
0x6081, 0x00CE, 0x01F6, 0x09B4, 0xCAA1, 0xFFF8, 0xFFFA, 0xFFFA, 0xFFFA, 0xFFD6, 0xCAA0, 0x0951, 0x3B7A, 0x9DFD, 0xBF1E, 0xAF5F,   // 0x10E0 (4320) pixels
0x9F3F, 0x973F, 0x973F, 0x9F3F, 0x8EDF, 0x869E, 0x767E, 0x769F, 0x7EDF, 0x86FF, 0x86FF, 0x86FF, 0x7EDF, 0x7EFF, 0x86FF, 0x6EBF,   // 0x10F0 (4336) pixels
0x5E9F, 0x5E7F, 0x565F, 0x4E3F, 0x35BF, 0x255F, 0x255F, 0x255F, 0x1D1F, 0x1CFF, 0x14DF, 0x14BF, 0x0C9F, 0x0C5F, 0x041F, 0x03FF,   // 0x1100 (4352) pixels
0x043F, 0x043F, 0x043F, 0x045F, 0x3D3F, 0x2319, 0x1150, 0xAA64, 0xFEF1, 0xFFFB, 0xFFF9, 0xFFF8, 0xFFF8, 0xFFF8, 0xFFF8, 0xFFF8,   // 0x1110 (4368) pixels
0xFFF8, 0xFFF8, 0xFFF8, 0xFFF8, 0xFFF9, 0xFFFA, 0xFE6D, 0x8164, 0x0175, 0x33FB, 0x4D1D, 0x341B, 0x2339, 0x1278, 0x1278, 0x3B9A,   // 0x1120 (4384) pixels
0x09D7, 0x294F, 0x6968, 0x8206, 0x8227, 0x394E, 0x2279, 0xA5FD, 0x2299, 0x2170, 0x8A67, 0xD449, 0xF610, 0xFF13, 0xFF54, 0xFEB1,   // 0x1130 (4400) pixels
0xED6C, 0xBB05, 0x594A, 0x09B6, 0x01D7, 0x4314, 0xCEDD, 0xF7BF, 0x4B9A, 0x1971, 0x9246, 0xEDAD, 0xFFB8, 0xFFFC, 0xFFFC, 0xFFD9,   // 0x1140 (4416) pixels
0xFEF2, 0xD3A5, 0xF5C9, 0xFFF7, 0xFFF7, 0xFFF7, 0xFFF7, 0xFFD5, 0xDB41, 0x194E, 0x416B, 0xDC88, 0xE54C, 0xED6D, 0xED6D, 0xE58E,   // 0x1150 (4432) pixels
0xDCE9, 0x5128, 0x61CA, 0x9267, 0xECA5, 0xFFF9, 0xFFF8, 0xFFF8, 0xFFF9, 0xFFD4, 0xCA60, 0x6149, 0x494C, 0x2950, 0x09D6, 0x6D1C,   // 0x1160 (4448) pixels
0xB77F, 0x963D, 0x4BFB, 0x1258, 0x09B6, 0x19B4, 0x1992, 0x0994, 0x1257, 0x3BDB, 0x75DD, 0x9F3F, 0x9F3F, 0x8F1F, 0x7EDF, 0x76DF,   // 0x1170 (4464) pixels
0x66BF, 0x5E9F, 0x4E5F, 0x3DFF, 0x35BF, 0x2D9F, 0x2D7F, 0x257F, 0x253F, 0x1D1F, 0x1CFF, 0x14DF, 0x149F, 0x0C7F, 0x045F, 0x043F,   // 0x1180 (4480) pixels
0x043E, 0x043F, 0x045F, 0x24FF, 0x1AF9, 0x1950, 0xBB04, 0xFF96, 0xFFF9, 0xFFF7, 0xFFD7, 0xFFD7, 0xFFD7, 0xFFF7, 0xFFF7, 0xFFF7,   // 0x1190 (4496) pixels
0xFFF7, 0xFFF7, 0xFFF7, 0xFFF7, 0xFFF7, 0xFFF7, 0xFF30, 0xD220, 0x190E, 0x214F, 0x514B, 0x79E8, 0xAAE6, 0xC3A7, 0x9A45, 0x292F,   // 0x11A0 (4512) pixels
0x9A65, 0xF60F, 0xFFB7, 0xFFFA, 0xFFD8, 0xD2E1, 0x0973, 0x0196, 0x6967, 0xED6A, 0xFFD8, 0xFFFB, 0xFFFA, 0xFFF9, 0xFFF8, 0xFFF9,   // 0x11B0 (4528) pixels
0xFFF9, 0xFFFA, 0xF690, 0xA224, 0x1952, 0x3BDB, 0xDF5E, 0x53DB, 0x214F, 0xC3E5, 0xFFB7, 0xFFF9, 0xFFD7, 0xFFD8, 0xFFD8, 0xFFD7,   // 0x11C0 (4544) pixels
0xFFD7, 0xFFD8, 0xFF52, 0xFFD5, 0xFFF5, 0xFFF5, 0xFFF6, 0xFFD4, 0xE361, 0x194F, 0xA1E2, 0xFF94, 0xFFFA, 0xFFF9, 0xFFF9, 0xFFF9,   // 0x11D0 (4560) pixels
0xFF91, 0xCA20, 0xF60A, 0xFFF9, 0xFFF9, 0xFFF8, 0xFFF7, 0xFFF7, 0xFFF7, 0xFFF7, 0xFFB5, 0xFF53, 0xFF32, 0xF5EA, 0x6947, 0x0219,   // 0x11E0 (4576) pixels
0x337A, 0x1173, 0x698A, 0xC3A8, 0xE52C, 0xF5CE, 0xEDAD, 0xE4EA, 0xBB66, 0x6988, 0x2192, 0x22FA, 0x7DDD, 0x8F1F, 0x86FF, 0x7EFF,   // 0x11F0 (4592) pixels
0x669F, 0x5E7F, 0x6EBF, 0x6E3E, 0x65DE, 0x559D, 0x559D, 0x4DFF, 0x359F, 0x1CFF, 0x1CDF, 0x14DF, 0x14BF, 0x0C9F, 0x045F, 0x045F,   // 0x1200 (4608) pixels
0x0CDE, 0x0C9F, 0x0C9F, 0x2B9A, 0x0931, 0x9A23, 0xFF74, 0xFFF6, 0xFFF6, 0xFFF6, 0xFFD6, 0xFFD6, 0xFFD5, 0xFFD4, 0xFFB0, 0xFF8F,   // 0x1210 (4624) pixels
0xFF8F, 0xFFD4, 0xFFF5, 0xFFD6, 0xFFF5, 0xFF4E, 0xE321, 0xB120, 0x7124, 0xEDA9, 0xFF55, 0xFFD9, 0xFFFC, 0xFFFD, 0xED87, 0xDAE3,   // 0x1220 (4640) pixels
0xFF97, 0xFFFA, 0xFFD9, 0xFFF8, 0xFFB3, 0xD240, 0x110E, 0x8206, 0xFEAF, 0xFFF9, 0xFFF7, 0xFFF7, 0xFFF7, 0xFFF7, 0xFFF7, 0xFFF7,   // 0x1230 (4656) pixels
0xFFF7, 0xFFF7, 0xFFF8, 0xFF12, 0xA203, 0x0954, 0x3BBC, 0x1194, 0xB303, 0xFF94, 0xFFF6, 0xFFF6, 0xFFD6, 0xFFF6, 0xFFF6, 0xFFF6,   // 0x1240 (4672) pixels
0xFFD5, 0xFFD4, 0xFFD4, 0xFFD4, 0xFFF4, 0xFFF4, 0xFFF4, 0xFFD3, 0xDAE0, 0x110E, 0xAA01, 0xFF92, 0xFFF6, 0xFFF6, 0xFFF6, 0xFFF6,   // 0x1250 (4688) pixels
0xFF6E, 0xC9C0, 0xF669, 0xFFF6, 0xFFF6, 0xFFF6, 0xFFF6, 0xFFF6, 0xFFF6, 0xFFF6, 0xFFF6, 0xFFF6, 0xFFF7, 0xF6CD, 0x8902, 0x0174,   // 0x1260 (4704) pixels
0x412A, 0xD3E6, 0xFF56, 0xFFFC, 0xFFFA, 0xFFF9, 0xFFFA, 0xFFFA, 0xFFFB, 0xFF96, 0xE4E9, 0x71A8, 0x0974, 0x4C5C, 0x871F, 0x76DF,   // 0x1270 (4720) pixels
0x7E5E, 0x441B, 0x09F6, 0x0952, 0x1951, 0x2150, 0x1950, 0x0973, 0x0A37, 0x237A, 0x2C9D, 0x253F, 0x14DF, 0x14BF, 0x0CBF, 0x14FF,   // 0x1280 (4736) pixels
0x0CFE, 0x151F, 0x1C7D, 0x0155, 0x6167, 0xF6B0, 0xFFD6, 0xFFD4, 0xFFD4, 0xFFD4, 0xFFD4, 0xFFD4, 0xFF2D, 0xE442, 0xDA60, 0xD9E0,   // 0x1290 (4752) pixels
0xDA40, 0xE422, 0xFF4D, 0xFFD3, 0xFEEB, 0xDAE0, 0xC940, 0x3085, 0x8963, 0xFF2E, 0xFFF8, 0xFFF8, 0xFFF8, 0xFFF8, 0xFEAC, 0xFF75,   // 0x12A0 (4768) pixels
0xFFD7, 0xFFF7, 0xFFF7, 0xFFD6, 0xFF2B, 0xB141, 0x5967, 0xFE6D, 0xFFD6, 0xFFF5, 0xFFF5, 0xFFD5, 0xFFD4, 0xFFD4, 0xFFD4, 0xFFF5,   // 0x12B0 (4784) pixels
0xFFD5, 0xFFD5, 0xFFF5, 0xFFF6, 0xF5CA, 0x5929, 0x0175, 0x6966, 0xFECD, 0xFFF4, 0xFFD4, 0xFFD4, 0xFFD4, 0xFFF4, 0xFFF4, 0xFFD3,   // 0x12C0 (4800) pixels
0xFFD2, 0xFFD3, 0xFFD2, 0xFFD2, 0xFFD3, 0xFFF3, 0xFFF3, 0xFFD2, 0xDAC0, 0x190E, 0xA9E1, 0xFF90, 0xFFF4, 0xFFF4, 0xFFF5, 0xFFF5,   // 0x12D0 (4816) pixels
0xFF4D, 0xC9A0, 0xFEA9, 0xFFF4, 0xFFF5, 0xFFD5, 0xFFD5, 0xFFD4, 0xFFD4, 0xFFF4, 0xFFF5, 0xFFF5, 0xFFF4, 0xF649, 0x8104, 0x518A,   // 0x12E0 (4832) pixels
0xF58A, 0xFFD9, 0xFFF7, 0xFFF7, 0xFFF7, 0xFFD7, 0xFFF7, 0xFFF7, 0xFFF7, 0xFFF7, 0xFFFA, 0xFF13, 0xA285, 0x1153, 0x443B, 0x755C,   // 0x12F0 (4848) pixels
0x0995, 0x394C, 0xA2E5, 0xE50A, 0xF60E, 0xF630, 0xEDCE, 0xDCC9, 0xAB26, 0x6189, 0x1931, 0x12B9, 0x24BE, 0x255F, 0x1D3F, 0x151F,   // 0x1300 (4864) pixels
0x0CFE, 0x153F, 0x0259, 0x10EE, 0xD3E5, 0xFFF8, 0xFFD2, 0xFFD2, 0xFFD2, 0xFFD2, 0xFFD2, 0xFEE9, 0xD280, 0xC940, 0x98C0, 0x78A0,   // 0x1310 (4880) pixels
0x90E0, 0xC140, 0xDAC0, 0xF564, 0xDA40, 0xC140, 0x3063, 0x00AB, 0x8143, 0xFEEB, 0xFFF6, 0xFFF6, 0xFFF6, 0xFFF6, 0xFFD5, 0xFFD6,   // 0x1320 (4896) pixels
0xFFD5, 0xFFF5, 0xFFD5, 0xFFD4, 0xF606, 0x9921, 0xDC86, 0xFFD6, 0xFFD3, 0xFFD3, 0xFFD4, 0xFFD2, 0xF688, 0xE401, 0xE3A1, 0xED65,   // 0x1330 (4912) pixels
0xFFD1, 0xFFD3, 0xFFD3, 0xFFD3, 0xFF93, 0xB263, 0x112F, 0xD3A4, 0xFFD4, 0xFFD2, 0xFFD2, 0xFFD2, 0xFFD2, 0xFFD2, 0xF607, 0xE3A1,   // 0x1340 (4928) pixels
0xE3E1, 0xF668, 0xFFD1, 0xFFD1, 0xFFD1, 0xFFD1, 0xFFD2, 0xFFD1, 0xDB00, 0x190E, 0xA1C1, 0xFF90, 0xFFF3, 0xFFD3, 0xFFD3, 0xFFD3,   // 0x1350 (4944) pixels
0xFF2B, 0xC160, 0xF647, 0xFF6C, 0xFF8E, 0xFFF4, 0xFFF4, 0xFFD3, 0xFFD3, 0xFFD3, 0xFFF3, 0xFFF3, 0xFFF3, 0xF5C6, 0x8123, 0xE445,   // 0x1360 (4960) pixels
0xFFD7, 0xFFF5, 0xFFF5, 0xFFF5, 0xFFD5, 0xFFF5, 0xFFF5, 0xFFF6, 0xFFF6, 0xFFF6, 0xFFF6, 0xFFF7, 0xFF33, 0x9205, 0x0154, 0x0155,   // 0x1370 (4976) pixels
0x6986, 0xF62B, 0xFFF9, 0xFFF9, 0xFFF8, 0xFFF7, 0xFFF8, 0xFFF9, 0xFFD9, 0xFF54, 0xDCC9, 0x79A7, 0x11B4, 0x139C, 0x255F, 0x1D3F,   // 0x1380 (4992) pixels
0x0D1E, 0x0C5E, 0x0196, 0x5907, 0xF6AF, 0xFFD2, 0xFFD1, 0xFFD1, 0xFFD1, 0xFFD1, 0xFFAD, 0xDB41, 0xB100, 0x3042, 0x0067, 0x0069,   // 0x1390 (5008) pixels
0x0068, 0x2843, 0xA900, 0xC920, 0xA8C0, 0x2044, 0x00CD, 0x0131, 0x7923, 0xFEA9, 0xFFD4, 0xFFF4, 0xFFF4, 0xFFF4, 0xFFD4, 0xFFD3,   // 0x13A0 (5024) pixels
0xFFD3, 0xFFD3, 0xFFD1, 0xFFD1, 0xECA2, 0xB160, 0xFF2E, 0xFFD1, 0xFFD2, 0xFFD2, 0xFFD2, 0xFF0B, 0xD220, 0xB140, 0xA920, 0xB960,   // 0x13B0 (5040) pixels
0xF648, 0xFFD1, 0xFFD1, 0xFFD0, 0xFFB2, 0xE402, 0x6126, 0xF5A9, 0xFFD2, 0xFFD1, 0xFFD1, 0xFFD1, 0xFFD1, 0xF606, 0xD1C0, 0xB920,   // 0x13C0 (5056) pixels
0xC160, 0xD220, 0xFEC9, 0xFFD0, 0xFFD0, 0xFFD0, 0xFFD0, 0xFFD0, 0xDB00, 0x192E, 0xA1E1, 0xFF8F, 0xFFD1, 0xFFD1, 0xFFD1, 0xFFD1,   // 0x13D0 (5072) pixels
0xFF0A, 0xB140, 0xC9C0, 0xD220, 0xED45, 0xFFF3, 0xFFF2, 0xFFD2, 0xFFD2, 0xFFAF, 0xECC3, 0xECC4, 0xED05, 0xE3E2, 0xB1A1, 0xFF2F,   // 0x13E0 (5088) pixels
0xFFD3, 0xFFD3, 0xFFF4, 0xFFF4, 0xFFD3, 0xFFD1, 0xFF6E, 0xFFB1, 0xFFF4, 0xFFD4, 0xFFD4, 0xFFD4, 0xFFF6, 0xF5CA, 0x50E8, 0x38CB,   // 0x13F0 (5104) pixels
0xEDC9, 0xFFF8, 0xFFF5, 0xFFF5, 0xFFF5, 0xFFF5, 0xFFF5, 0xFFF5, 0xFFD5, 0xFFD5, 0xFFF8, 0xFF33, 0xBB03, 0x1992, 0x0B7D, 0x1D3F,   // 0x1400 (5120) pixels
0x0D1E, 0x02FC, 0x0172, 0xB283, 0xFFD3, 0xFFCF, 0xFFCF, 0xFFCF, 0xFFCF, 0xFFAE, 0xF5C4, 0xB940, 0x3063, 0x00EE, 0x01B7, 0x0219,   // 0x1410 (5136) pixels
0x01D7, 0x00EE, 0x1865, 0x3842, 0x0826, 0x00EF, 0x021A, 0x01B6, 0x7103, 0xF667, 0xFFD2, 0xFFF2, 0xFFD2, 0xFFD2, 0xFFD2, 0xFFD1,   // 0x1420 (5152) pixels
0xFEEA, 0xE401, 0xE340, 0xEC82, 0xD280, 0xD301, 0xFFD0, 0xFFB0, 0xFFD0, 0xFFD1, 0xFFD1, 0xF585, 0xD322, 0xBB64, 0xC3C6, 0xD447,   // 0x1430 (5168) pixels
0xF689, 0xFF89, 0xFF8A, 0xFF69, 0xFF69, 0xF4E3, 0xB140, 0xFEA9, 0xFFAC, 0xFF8A, 0xFF69, 0xFF68, 0xFF88, 0xE320, 0x68C1, 0x0865,   // 0x1440 (5184) pixels
0x1065, 0x9900, 0xECE3, 0xFF47, 0xFF46, 0xFF47, 0xFF47, 0xFF68, 0xDAC0, 0x110E, 0xA9E0, 0xFF6B, 0xFF8A, 0xFF6A, 0xFF6A, 0xFF6B,   // 0x1450 (5200) pixels
0xFEE8, 0x80C0, 0x6081, 0x90C0, 0xED24, 0xFFAC, 0xFFAD, 0xFFAD, 0xFFAE, 0xFF6B, 0xDA20, 0xD9C0, 0xD9C0, 0xB140, 0xD381, 0xFFB2,   // 0x1460 (5216) pixels
0xFFD2, 0xFFD2, 0xFFD2, 0xFFF2, 0xFF0C, 0xE340, 0xDA00, 0xDAC0, 0xF649, 0xFFD2, 0xFFD3, 0xFFD3, 0xFFD3, 0xFFD3, 0xBA62, 0xAA03,   // 0x1470 (5232) pixels
0xFFD3, 0xFFD4, 0xFFD4, 0xFFD4, 0xFFD4, 0xFFD4, 0xFFD3, 0xFFD3, 0xFFD4, 0xFFD4, 0xFFD4, 0xFFD4, 0xED26, 0x58C7, 0x01D8, 0x0C9E,   // 0x1480 (5248) pixels
0x153F, 0x025B, 0x18EC, 0xE3A2, 0xFFD2, 0xFFAD, 0xFFAD, 0xFFAD, 0xFFAD, 0xFFAD, 0xE3C1, 0x8080, 0x00AC, 0x021A, 0x01B7, 0x0131,   // 0x1490 (5264) pixels
0x0195, 0x023A, 0x0131, 0x00ED, 0x0195, 0x025B, 0x01D8, 0x01B7, 0x6904, 0xF666, 0xFFD0, 0xFFD0, 0xFFD0, 0xFFD0, 0xFFCF, 0xFF08,   // 0x14A0 (5280) pixels
0xDA80, 0xC960, 0xC160, 0xD1A0, 0xA100, 0xDC02, 0xFFAE, 0xFF8B, 0xFF6A, 0xFF69, 0xFF68, 0xFF8C, 0xFF8B, 0xFF89, 0xFF68, 0xFF26,   // 0x14B0 (5296) pixels
0xFF25, 0xFF46, 0xFF46, 0xFF47, 0xFF46, 0xF523, 0xC160, 0xFF06, 0xFF25, 0xFF25, 0xFF25, 0xFF25, 0xFF46, 0xC1E0, 0x10A8, 0x0195,   // 0x14C0 (5312) pixels
0x0152, 0x48A5, 0xE462, 0xFF46, 0xFF25, 0xFF25, 0xFF05, 0xFF47, 0xD2A0, 0x192D, 0xA9E1, 0xFF68, 0xFF26, 0xFF26, 0xFF26, 0xFF26,   // 0x14D0 (5328) pixels
0xFEC7, 0x78E2, 0x00CC, 0x60C3, 0xED44, 0xFF46, 0xFF26, 0xFF26, 0xFF26, 0xFF25, 0x9920, 0x1844, 0x2843, 0x5861, 0xECE3, 0xFF8C,   // 0x14E0 (5344) pixels
0xFFAC, 0xFFAD, 0xFFAE, 0xFFAE, 0xDBA1, 0xA100, 0x80E1, 0xB120, 0xDAC0, 0xFF8D, 0xFFD1, 0xFFD1, 0xFFD1, 0xFFD2, 0xE4A5, 0xD2E1,   // 0x14F0 (5360) pixels
0xFFD1, 0xFFD3, 0xFFD3, 0xFFD3, 0xFFD2, 0xECC3, 0xEC22, 0xF5A6, 0xFF8E, 0xFFD2, 0xFFD2, 0xFF4D, 0xD200, 0x2088, 0x01B7, 0x03DD,   // 0x1500 (5376) pixels
0x0C9E, 0x01B8, 0x30C9, 0xECC6, 0xFFAF, 0xFFAC, 0xFFAC, 0xFFAC, 0xFFAC, 0xFF8A, 0xDAE0, 0x5863, 0x0175, 0x025C, 0x0111, 0x010F,   // 0x1510 (5392) pixels
0x00EF, 0x0111, 0x01B7, 0x01D8, 0x0195, 0x0111, 0x0174, 0x01F7, 0x6905, 0xFE25, 0xFF8A, 0xFF68, 0xFF47, 0xFF26, 0xFF67, 0xEC82,   // 0x1520 (5408) pixels
0xA100, 0x2044, 0x0845, 0x2864, 0x2884, 0xE422, 0xFF48, 0xFF25, 0xFF25, 0xFF25, 0xFF05, 0xFF04, 0xFF24, 0xFF24, 0xFF45, 0xFF25,   // 0x1530 (5424) pixels
0xFF05, 0xFF05, 0xFF05, 0xFEC5, 0xF664, 0xE3E1, 0xB100, 0xFEE7, 0xFF05, 0xFF05, 0xFF05, 0xFF05, 0xFF26, 0xB1C0, 0x10ED, 0x027C,   // 0x1540 (5440) pixels
0x027B, 0x390A, 0xE483, 0xFF05, 0xFF04, 0xFF04, 0xFEE5, 0xFF47, 0xD2A0, 0x192D, 0xB221, 0xFF48, 0xFF26, 0xFF26, 0xFF06, 0xFF06,   // 0x1550 (5456) pixels
0xFE87, 0x78E2, 0x01B4, 0x70E5, 0xED44, 0xFF26, 0xFF26, 0xFF26, 0xFF26, 0xFF26, 0x9121, 0x0132, 0x0152, 0x70C3, 0xED64, 0xFF46,   // 0x1560 (5472) pixels
0xFF46, 0xFF46, 0xFF26, 0xFF05, 0xB980, 0x1089, 0x00CD, 0x2886, 0xC1A0, 0xFE86, 0xFF6A, 0xFF8B, 0xFF8D, 0xFFAE, 0xF62A, 0xCA40,   // 0x1570 (5488) pixels
0xFFAC, 0xFFD0, 0xFFD1, 0xFFD1, 0xFFB0, 0xEBE3, 0xD1A0, 0xE200, 0xE321, 0xF606, 0xFFAF, 0xECA3, 0x7081, 0x00AC, 0x01FA, 0x03BC,   // 0x1580 (5504) pixels
0x041D, 0x0197, 0x40A7, 0xF528, 0xFFAC, 0xFFAA, 0xFFAA, 0xFFAA, 0xFFAA, 0xFF89, 0xDAC0, 0x4085, 0x01B7, 0x021A, 0x1191, 0x7539,   // 0x1590 (5520) pixels
0x5C16, 0x0950, 0x00EF, 0x00EF, 0x00EF, 0x00EF, 0x1276, 0x01F8, 0x58E6, 0xF5E5, 0xFF25, 0xFF05, 0xFF05, 0xFF05, 0xFF47, 0xE380,   // 0x15A0 (5536) pixels
0x3085, 0x00EF, 0x0194, 0x00EF, 0x1886, 0xDB81, 0xFF28, 0xFEE4, 0xFEE5, 0xFEE5, 0xFF06, 0xF5A4, 0xDC21, 0xDBC1, 0xDB81, 0xD2E0,   // 0x15B0 (5552) pixels
0xD260, 0xD220, 0xD1E0, 0xD1A0, 0xC960, 0xB100, 0x98E0, 0xFE89, 0xFEE4, 0xFEE4, 0xFEE4, 0xFEC4, 0xFF07, 0xD302, 0x28ED, 0x025C,   // 0x15C0 (5568) pixels
0x025A, 0x5907, 0xF5A6, 0xFEC4, 0xFEC4, 0xFEC4, 0xFEC5, 0xFF27, 0xCA80, 0x190C, 0xBA01, 0xFF28, 0xFEE5, 0xFEE5, 0xFEE5, 0xFEE4,   // 0x15D0 (5584) pixels
0xFE67, 0x78E3, 0x01D5, 0x7904, 0xED65, 0xFF05, 0xFF05, 0xFF05, 0xFF05, 0xFEE6, 0x88E2, 0x01B6, 0x01D7, 0x8102, 0xF585, 0xFF27,   // 0x15E0 (5600) pixels
0xFF05, 0xFF25, 0xFF26, 0xFEE5, 0x9101, 0x0173, 0x025A, 0x010F, 0x9101, 0xF604, 0xFF26, 0xFF46, 0xFF46, 0xFF66, 0xF645, 0xC140,   // 0x15F0 (5616) pixels
0xF605, 0xFF47, 0xFF47, 0xFF47, 0xFF68, 0xFF8C, 0xF62B, 0xCB02, 0xC180, 0xDA20, 0xDB20, 0xB120, 0x1044, 0x0132, 0x021B, 0x041B,   // 0x1600 (5632) pixels
0x03BC, 0x01B6, 0x4087, 0xF527, 0xFF69, 0xFF67, 0xFF46, 0xFF25, 0xFF25, 0xFF6A, 0xE382, 0x4066, 0x0197, 0x01D9, 0x4376, 0x963C,   // 0x1610 (5648) pixels
0x961B, 0x857A, 0x3B36, 0x0174, 0x0194, 0x4459, 0x4CBD, 0x0218, 0x58E6, 0xF585, 0xFF05, 0xFEE4, 0xFEE5, 0xFEC5, 0xFF07, 0xE380,   // 0x1620 (5664) pixels
0x28E9, 0x025B, 0x025A, 0x0219, 0x1088, 0xD260, 0xFF09, 0xFEA4, 0xFEA4, 0xFEC4, 0xFEC5, 0xF60A, 0xC160, 0xC140, 0xB920, 0xB100,   // 0x1630 (5680) pixels
0xA0E0, 0x90C0, 0xBA00, 0xD343, 0x7081, 0x2044, 0x78E2, 0xF587, 0xFEE7, 0xFEA4, 0xFEA4, 0xFEA4, 0xFEA4, 0xF62C, 0x9184, 0x2170,   // 0x1640 (5696) pixels
0x416D, 0xCB43, 0xFEC8, 0xFE84, 0xFEA4, 0xFEA4, 0xFE84, 0xFF07, 0xCA60, 0x190C, 0xB1E0, 0xFF09, 0xFEA3, 0xFEA4, 0xFEA3, 0xFEA3,   // 0x1650 (5712) pixels
0xFE68, 0x8103, 0x01B5, 0x78E4, 0xF565, 0xFEE5, 0xFEC5, 0xFEC5, 0xFEE5, 0xFEC7, 0x88E2, 0x01D6, 0x01F7, 0x78E2, 0xECE4, 0xFF29,   // 0x1660 (5728) pixels
0xFEE5, 0xFEE5, 0xFF05, 0xFF26, 0x9922, 0x0194, 0x029C, 0x0173, 0x9102, 0xFEA5, 0xFF05, 0xFF06, 0xFF26, 0xFF26, 0xF5E6, 0xB900,   // 0x1670 (5744) pixels
0xD260, 0xFEA6, 0xFF25, 0xFF25, 0xFF25, 0xFF26, 0xFF26, 0xFF6C, 0xF68D, 0xC2A2, 0x88A0, 0x3043, 0x00CD, 0x021A, 0x01B5, 0x0D1E,   // 0x1680 (5760) pixels
0x03BC, 0x01B6, 0x3086, 0xE444, 0xFF4A, 0xFEE4, 0xFEE4, 0xFEE4, 0xFEE4, 0xFF06, 0xF549, 0x6884, 0x0135, 0x01F9, 0x5418, 0xB75F,   // 0x1690 (5776) pixels
0xBF7F, 0x7D9C, 0x11B4, 0x7145, 0x6928, 0x1195, 0x4BFB, 0x0239, 0x58E7, 0xF524, 0xFEE5, 0xFEA3, 0xFEA3, 0xFE83, 0xFEC7, 0xE3A1,   // 0x16A0 (5792) pixels
0x30E9, 0x027C, 0x0239, 0x025A, 0x00AA, 0xB120, 0xFEEC, 0xFE83, 0xFE83, 0xFE83, 0xFE83, 0xFEE9, 0xE549, 0x9161, 0x5081, 0x50A1,   // 0x16B0 (5808) pixels
0x79C2, 0xCC68, 0xFF0E, 0xFF0A, 0xBAE3, 0x08AC, 0x50A5, 0xDB82, 0xFF2C, 0xFE62, 0xFE63, 0xFE83, 0xFE63, 0xFEA6, 0xFEAB, 0xED4A,   // 0x16C0 (5824) pixels
0xF62B, 0xFEE9, 0xFE43, 0xFE63, 0xFE63, 0xFE63, 0xFE63, 0xFEC7, 0xCA60, 0x190B, 0xB1E0, 0xFEE9, 0xFE63, 0xFE63, 0xFE62, 0xFE42,   // 0x16D0 (5840) pixels
0xFE49, 0x8103, 0x0195, 0x70A3, 0xF526, 0xFEC6, 0xFEA4, 0xFEA4, 0xFEA4, 0xFF0A, 0xBAA3, 0x414B, 0x516B, 0xA101, 0xE381, 0xFF4C,   // 0x16E0 (5856) pixels
0xFEC4, 0xFEE5, 0xFEE5, 0xFF08, 0xCB02, 0x110F, 0x027B, 0x1130, 0xC281, 0xFF49, 0xFEE5, 0xFEE5, 0xFEE5, 0xFF06, 0xECC5, 0x80A0,   // 0x16F0 (5872) pixels
0xC980, 0xD240, 0xF5E3, 0xFF04, 0xFF05, 0xFF05, 0xFF06, 0xFF06, 0xFF26, 0xFF4D, 0xD466, 0x40A6, 0x0174, 0x0219, 0x0294, 0x155F,   // 0x1700 (5888) pixels
0x03FD, 0x01D7, 0x18A7, 0xDAE1, 0xFF2D, 0xFEA3, 0xFEA3, 0xFEA3, 0xFEA3, 0xFEA4, 0xFEED, 0xBA01, 0x10CE, 0x0219, 0x649A, 0xCF7F,   // 0x1710 (5904) pixels
0x855C, 0x19B4, 0x8984, 0xF62B, 0xFE6B, 0xA9E3, 0x290F, 0x01F8, 0x48C7, 0xECA3, 0xFEC7, 0xFE62, 0xFE42, 0xFE42, 0xFE85, 0xE402,   // 0x1720 (5920) pixels
0x38C8, 0x025B, 0x0258, 0x027C, 0x00EE, 0x78A1, 0xECC6, 0xFEC9, 0xFE63, 0xFE42, 0xFE42, 0xFE42, 0xFE86, 0xFF0D, 0xFEAD, 0xFEAC,   // 0x1730 (5936) pixels
0xFEEB, 0xFE85, 0xFE42, 0xFE62, 0xFE48, 0x8164, 0x1888, 0xC140, 0xFE2A, 0xFE64, 0xFE42, 0xFE42, 0xFE42, 0xFE42, 0xFE62, 0xFE42,   // 0x1740 (5952) pixels
0xFE42, 0xFE42, 0xFE22, 0xFE22, 0xFE22, 0xFE22, 0xFE22, 0xFEA7, 0xD260, 0x18EB, 0xBA00, 0xFECA, 0xFE22, 0xFE22, 0xFE22, 0xFE21,   // 0x1750 (5968) pixels
0xF609, 0x70C4, 0x0196, 0x60A4, 0xE402, 0xFEC8, 0xFE63, 0xFE63, 0xFE63, 0xFE84, 0xFF0C, 0xFE2A, 0xFEEC, 0xEBA1, 0xC9A0, 0xFECB,   // 0x1760 (5984) pixels
0xFEA4, 0xFEA4, 0xFEA4, 0xFEA3, 0xFECA, 0xAAC5, 0x512A, 0xAA44, 0xFE8B, 0xFEC5, 0xFEA4, 0xFEA4, 0xFEA4, 0xFF0A, 0xCAA1, 0x1846,   // 0x1770 (6000) pixels
0x70C2, 0xC940, 0xD1E0, 0xEC01, 0xFE63, 0xFEE5, 0xFEE5, 0xFEE5, 0xFEE5, 0xFEE4, 0xFF2A, 0xE4A7, 0x38EA, 0x01B7, 0x0C1C, 0x153F,   // 0x1780 (6016) pixels
0x041D, 0x0218, 0x00AA, 0xB980, 0xFEEE, 0xFE83, 0xFE62, 0xFE62, 0xFE82, 0xFE62, 0xFE65, 0xF60C, 0x89A3, 0x210D, 0x1193, 0x21D3,   // 0x1790 (6032) pixels
0x38EB, 0xB2A4, 0xFECD, 0xFE84, 0xFE64, 0xFE8D, 0xBA22, 0x30EB, 0x40C8, 0xEC63, 0xFE88, 0xFE02, 0xFE02, 0xFDE1, 0xFE24, 0xE445,   // 0x17A0 (6048) pixels
0x38A8, 0x025A, 0x12DA, 0x0218, 0x0194, 0x3065, 0xD1E0, 0xFEAD, 0xFE44, 0xFE01, 0xFE01, 0xFE01, 0xFDE1, 0xFDE1, 0xFDE0, 0xFDE1,   // 0x17B0 (6064) pixels
0xFDE0, 0xFDE1, 0xFDE1, 0xFDE1, 0xFE65, 0xEC04, 0x28A8, 0x80A1, 0xDA80, 0xFECC, 0xFE43, 0xFE01, 0xFE01, 0xFE01, 0xFE01, 0xFE01,   // 0x17C0 (6080) pixels
0xFE21, 0xFE02, 0xFE65, 0xFE22, 0xFDE1, 0xFDE1, 0xFDE1, 0xFE87, 0xD260, 0x10CA, 0xC220, 0xFEAA, 0xFDE1, 0xFDE1, 0xFDE1, 0xFDC1,   // 0x17D0 (6096) pixels
0xF5C8, 0x70C5, 0x01B6, 0x4886, 0xCA00, 0xFEA8, 0xFE01, 0xFE22, 0xFE22, 0xFE42, 0xFE42, 0xFE42, 0xFE83, 0xECA3, 0xB8C0, 0xEC64,   // 0x17E0 (6112) pixels
0xFEE9, 0xFE62, 0xFE83, 0xFE83, 0xFEA3, 0xFF0A, 0xFF0B, 0xFF2B, 0xFEA5, 0xFE63, 0xFE83, 0xFE63, 0xFE43, 0xF60B, 0x80C1, 0x2886,   // 0x17F0 (6128) pixels
0xD4C4, 0xE4E8, 0xC1A0, 0xD1A0, 0xD1E0, 0xE3E1, 0xFE84, 0xFEE4, 0xFEC4, 0xFEC4, 0xFEC3, 0xFF2E, 0xBAE3, 0x08F0, 0x02BB, 0x155F,   // 0x1800 (6144) pixels
0x043D, 0x01F8, 0x00CD, 0x6881, 0xECA6, 0xFEC9, 0xFE42, 0xFE42, 0xFE41, 0xFE21, 0xFE22, 0xFE65, 0xFECE, 0xE50A, 0xD407, 0xDCA9,   // 0x1810 (6160) pixels
0xF60B, 0xFECA, 0xFE22, 0xFE21, 0xFE21, 0xFE43, 0xFEED, 0xC221, 0x48C5, 0xEBE2, 0xFE47, 0xFDA1, 0xFDA1, 0xFDA1, 0xFDC3, 0xECA5,   // 0x1820 (6176) pixels
0x48C7, 0x023A, 0x2B9C, 0x0173, 0x0239, 0x00AA, 0x90E1, 0xDA60, 0xFE2A, 0xFE26, 0xFDA0, 0xFDA0, 0xFDA0, 0xFDA0, 0xFDA0, 0xFDA0,   // 0x1830 (6192) pixels
0xFDA0, 0xFDC0, 0xFDE1, 0xFE67, 0xECC4, 0xC960, 0x28C9, 0x2065, 0xB900, 0xDA80, 0xFE08, 0xFE68, 0xFDE1, 0xFDC0, 0xFDC0, 0xFDC1,   // 0x1840 (6208) pixels
0xFE44, 0xF5E5, 0xDAE0, 0xFE23, 0xFDC2, 0xFDC2, 0xFDC2, 0xFE67, 0xD280, 0x18AA, 0xC220, 0xFEA9, 0xFDC1, 0xFD80, 0xFD80, 0xFD80,   // 0x1850 (6224) pixels
0xF5C8, 0x68C5, 0x0218, 0x18AA, 0xB0C0, 0xE402, 0xFE89, 0xFDC1, 0xFDE1, 0xFDE1, 0xFE01, 0xFE01, 0xFE21, 0xF545, 0xA080, 0xC980,   // 0x1860 (6240) pixels
0xF5A7, 0xFE86, 0xFE42, 0xFE42, 0xFE62, 0xFE62, 0xFE62, 0xFE42, 0xFE42, 0xFE42, 0xFE41, 0xFE42, 0xFF0F, 0xD2A1, 0x4882, 0xCAE1,   // 0x1870 (6256) pixels
0xFEE6, 0xFEA4, 0xFE4A, 0xCAE3, 0xB100, 0xC140, 0xD220, 0xFE64, 0xFEA3, 0xFE83, 0xFEA3, 0xFEA4, 0xF56A, 0x40E9, 0x01D9, 0x0CBF,   // 0x1880 (6272) pixels
0x049E, 0x01D7, 0x0153, 0x1845, 0xC1C0, 0xFEAF, 0xFE43, 0xFE01, 0xFE01, 0xFDE1, 0xFDE1, 0xFE01, 0xFDE1, 0xFE02, 0xFE25, 0xFE03,   // 0x1890 (6288) pixels
0xFDE1, 0xFDE0, 0xFDC0, 0xFDE1, 0xFDC1, 0xFDC1, 0xFE89, 0xD240, 0x6081, 0xE3A0, 0xFE26, 0xFD40, 0xFD40, 0xFD40, 0xFD61, 0xECC5,   // 0x18A0 (6304) pixels
0x50A6, 0x01F8, 0x2B5B, 0x2233, 0x0219, 0x0172, 0x1065, 0xA920, 0xD9E0, 0xEC44, 0xFE27, 0xFE46, 0xFDE4, 0xFDC2, 0xFDA2, 0xFDC4,   // 0x18B0 (6320) pixels
0xFE04, 0xFDE5, 0xECE4, 0xDA80, 0xD140, 0x7081, 0x00CD, 0x00CD, 0x3063, 0xB920, 0xD1C0, 0xE361, 0xECE5, 0xF5C6, 0xF5A5, 0xECE4,   // 0x18C0 (6336) pixels
0xDB41, 0xC980, 0xC960, 0xDB81, 0xE403, 0xDC03, 0xDBE2, 0xDBC2, 0xB940, 0x1089, 0xB9C0, 0xECA4, 0xECC5, 0xECC5, 0xECE4, 0xED04,   // 0x18D0 (6352) pixels
0xE402, 0x60C6, 0x01F8, 0x00EF, 0x6081, 0xC920, 0xE3E3, 0xFE8A, 0xFE67, 0xFDE3, 0xFDC2, 0xFE02, 0xFE45, 0xED44, 0x5040, 0xB120,   // 0x18E0 (6368) pixels
0xD1E0, 0xF587, 0xFE87, 0xFDE1, 0xFE01, 0xFE01, 0xFDE1, 0xFDE1, 0xFDE1, 0xFDE0, 0xFE02, 0xFEEE, 0xDBC4, 0x8081, 0x9141, 0xFE04,   // 0x18F0 (6384) pixels
0xFE00, 0xFE00, 0xFE21, 0xFE87, 0xFE0A, 0xDC8A, 0xE46A, 0xFE88, 0xFE42, 0xFE62, 0xFE62, 0xFE83, 0xFDEC, 0x50C6, 0x01B6, 0x0BFE,   // 0x1900 (6400) pixels
0x04BE, 0x0237, 0x01D8, 0x008A, 0x70A1, 0xDAE2, 0xFECE, 0xFDE1, 0xFDC1, 0xFDA0, 0xFDA0, 0xFDA0, 0xFDA0, 0xFDA0, 0xFDA0, 0xFDA0,   // 0x1910 (6416) pixels
0xFDA0, 0xFDA0, 0xFD80, 0xFD80, 0xFDC2, 0xFE68, 0xDAC1, 0xA8C0, 0x3063, 0xE360, 0xFE25, 0xFD82, 0xFDC2, 0xFDC2, 0xFDA2, 0xEC63,   // 0x1920 (6432) pixels
0x60E6, 0x01D7, 0x1AFB, 0x7477, 0x00F2, 0x025A, 0x010F, 0x1044, 0x88A0, 0xD140, 0xD180, 0xDA60, 0xDB41, 0xDBC2, 0xE3E2, 0xDB61,   // 0x1930 (6448) pixels
0xD240, 0xC980, 0xD140, 0xB0C0, 0x4861, 0x0089, 0x01B6, 0x0219, 0x00CC, 0x1843, 0x88A0, 0xC940, 0xD180, 0xD180, 0xC960, 0xC120,   // 0x1940 (6464) pixels
0xB0E0, 0x7081, 0x70A1, 0xC140, 0xC140, 0xC120, 0xC100, 0xB8E0, 0x8880, 0x0069, 0x88E0, 0xC960, 0xC960, 0xC940, 0xC100, 0xC100,   // 0x1950 (6480) pixels
0xB8E0, 0x28A8, 0x021A, 0x01D7, 0x0846, 0x8080, 0xC920, 0xD1A0, 0xDAE0, 0xE402, 0xE463, 0xE422, 0xDB40, 0xC9A0, 0x2843, 0x2863,   // 0x1960 (6496) pixels
0xB100, 0xD1A0, 0xE3A2, 0xF5E7, 0xFE67, 0xFE26, 0xFDC2, 0xFDC2, 0xFE25, 0xFE89, 0xFE0B, 0xDAE1, 0xA8A0, 0x2063, 0xD1C0, 0xFE22,   // 0x1970 (6512) pixels
0xFDE0, 0xFDC0, 0xFDC0, 0xFDE0, 0xFDE1, 0xFE02, 0xFE24, 0xFE01, 0xFE01, 0xFE21, 0xFE22, 0xFE44, 0xECE9, 0x4885, 0x0195, 0x037D,   // 0x1980 (6528) pixels
0x04BE, 0x035A, 0x01B7, 0x0152, 0x1045, 0xA8E0, 0xDB01, 0xFE8C, 0xFE05, 0xFD60, 0xFD60, 0xFD60, 0xFD60, 0xFD60, 0xFD60, 0xFD60,   // 0x1990 (6544) pixels
0xFD60, 0xFD60, 0xFD60, 0xFDE4, 0xF586, 0xD260, 0xB8E0, 0x3843, 0x1886, 0xD220, 0xE3E2, 0xDB60, 0xDAC0, 0xD220, 0xC180, 0xC120,   // 0x19A0 (6560) pixels
0x48C6, 0x01B7, 0x129A, 0xC6FD, 0x19B1, 0x0153, 0x025A, 0x0110, 0x0045, 0x3042, 0x80A0, 0xB100, 0xC120, 0xC140, 0xC140, 0xB900,   // 0x19B0 (6576) pixels
0xA8E0, 0x88A0, 0x4841, 0x1043, 0x00AB, 0x01D7, 0x0219, 0x0195, 0x0219, 0x010E, 0x0066, 0x2043, 0x5061, 0x68A1, 0x6081, 0x4041,   // 0x19C0 (6592) pixels
0x1823, 0x0069, 0x0067, 0x2023, 0x2822, 0x2822, 0x2823, 0x2023, 0x0845, 0x00CD, 0x1044, 0x3042, 0x3842, 0x3842, 0x3821, 0x4041,   // 0x19D0 (6608) pixels
0x2043, 0x00ED, 0x027C, 0x023A, 0x0152, 0x0045, 0x4841, 0x98C0, 0xB900, 0xC940, 0xD160, 0xC940, 0xB0E0, 0x7060, 0x0089, 0x008A,   // 0x19E0 (6624) pixels
0x2043, 0x90C0, 0xC960, 0xD180, 0xDA80, 0xE381, 0xE444, 0xE424, 0xE3A1, 0xDA80, 0xC920, 0x98A0, 0x1825, 0x1088, 0xC120, 0xD200,   // 0x19F0 (6640) pixels
0xF583, 0xFE23, 0xFDA0, 0xFDA0, 0xFDA0, 0xFDA0, 0xFDA0, 0xFDC0, 0xFDC0, 0xFDE1, 0xFDE2, 0xFEAE, 0xCA01, 0x1068, 0x01B6, 0x033C,   // 0x1A00 (6656) pixels
0x04BE, 0x047E, 0x0194, 0x0239, 0x00EE, 0x2863, 0xB900, 0xDA20, 0xF507, 0xFE28, 0xFDC5, 0xFD41, 0xFD40, 0xFD20, 0xFD20, 0xFD41,   // 0x1A10 (6672) pixels
0xFDA3, 0xFE06, 0xF586, 0xDAE1, 0xC920, 0xB0A0, 0x3842, 0x008A, 0x00AB, 0x98E0, 0xC100, 0xB900, 0xB0E0, 0xA0C0, 0x88A0, 0x6061,   // 0x1A20 (6688) pixels
0x0889, 0x01D8, 0x0A19, 0xDF9F, 0x8538, 0x0950, 0x0152, 0x01F9, 0x0195, 0x00CC, 0x0067, 0x0844, 0x1843, 0x2042, 0x1822, 0x1823,   // 0x1A30 (6704) pixels
0x0824, 0x0047, 0x00AB, 0x0153, 0x0219, 0x01B6, 0x0110, 0x0110, 0x0132, 0x01F8, 0x01D6, 0x0151, 0x00CC, 0x00AB, 0x00AB, 0x00CD,   // 0x1A40 (6720) pixels
0x0152, 0x01D8, 0x01B6, 0x0152, 0x0131, 0x0130, 0x0131, 0x0131, 0x0194, 0x025A, 0x0173, 0x00EE, 0x00EE, 0x00CD, 0x00CD, 0x00EE,   // 0x1A50 (6736) pixels
0x0130, 0x0218, 0x01B6, 0x0111, 0x01D7, 0x01B5, 0x00CC, 0x0066, 0x1844, 0x3043, 0x3042, 0x2022, 0x1023, 0x0068, 0x0174, 0x01F8,   // 0x1A60 (6752) pixels
0x010E, 0x0066, 0x3042, 0x80A0, 0xB0E0, 0xC100, 0xC8E0, 0xC8E0, 0xB8E0, 0x98A0, 0x4841, 0x0046, 0x00F0, 0x00CD, 0x4042, 0xB900,   // 0x1A70 (6768) pixels
0xC940, 0xDB41, 0xF5A3, 0xFE02, 0xFDA2, 0xFD60, 0xFD60, 0xFD60, 0xFD81, 0xFE28, 0xFE6F, 0xDB03, 0x6041, 0x00AC, 0x021B, 0x031A,   // 0x1A80 (6784) pixels
0x04DF, 0x04BF, 0x02F7, 0x0133, 0x01F8, 0x00CB, 0x1843, 0x98C0, 0xD160, 0xD200, 0xE381, 0xECE5, 0xF566, 0xF585, 0xF545, 0xECC4,   // 0x1A90 (6800) pixels
0xE3A1, 0xDA40, 0xD140, 0xC0E0, 0x8060, 0x1843, 0x0069, 0x0195, 0x0131, 0x0845, 0x2022, 0x1822, 0x1023, 0x0045, 0x0046, 0x0089,   // 0x1AA0 (6816) pixels
0x0154, 0x023B, 0x0972, 0xDFBF, 0xC71D, 0x8518, 0x1191, 0x0130, 0x0173, 0x01D7, 0x01F7, 0x0193, 0x0130, 0x010F, 0x010F, 0x0151,   // 0x1AB0 (6832) pixels
0x01B4, 0x0238, 0x0218, 0x0195, 0x0131, 0x00EF, 0x2A31, 0x7456, 0x0951, 0x0110, 0x0152, 0x01B5, 0x01F7, 0x01F7, 0x01F7, 0x01F7,   // 0x1AC0 (6848) pixels
0x0195, 0x0131, 0x0152, 0x0194, 0x0194, 0x01B4, 0x01B5, 0x0194, 0x0173, 0x0111, 0x0194, 0x01D6, 0x01B6, 0x01D6, 0x01F7, 0x0218,   // 0x1AD0 (6864) pixels
0x01F7, 0x0173, 0x0110, 0x0950, 0x0110, 0x0195, 0x0239, 0x0217, 0x0152, 0x010E, 0x00EE, 0x010F, 0x0173, 0x0218, 0x01D7, 0x0153,   // 0x1AE0 (6880) pixels
0x0239, 0x0194, 0x00AB, 0x0046, 0x1023, 0x2022, 0x2822, 0x2822, 0x1823, 0x0046, 0x008A, 0x0174, 0x025B, 0x01D7, 0x0069, 0x2822,   // 0x1AF0 (6896) pixels
0x98C0, 0xC920, 0xC940, 0xD220, 0xE3A1, 0xECA3, 0xED23, 0xF544, 0xED06, 0xE383, 0xC140, 0x8080, 0x0087, 0x0196, 0x01F9, 0x03DA,   // 0x1B00 (6912) pixels
0x0CFF, 0x0CBF, 0x14BD, 0x09F3, 0x0112, 0x01F8, 0x00EE, 0x0046, 0x4062, 0x98E0, 0xC940, 0xD160, 0xD140, 0xD140, 0xD140, 0xD140,   // 0x1B10 (6928) pixels
0xC920, 0xB0E0, 0x7860, 0x2822, 0x0067, 0x010F, 0x01F7, 0x01D8, 0x01D7, 0x0193, 0x0130, 0x0131, 0x0174, 0x0175, 0x0197, 0x01B7,   // 0x1B20 (6944) pixels
0x0196, 0x00F1, 0x2A11, 0xE7DF, 0xE7DF, 0xCF1D, 0xA5BA, 0x42D3, 0x010F, 0x010F, 0x00F0, 0x0131, 0x0173, 0x0194, 0x0194, 0x0173,   // 0x1B30 (6960) pixels
0x0152, 0x0110, 0x010F, 0x010F, 0x0950, 0x63D5, 0xBE3A, 0xC67B, 0xADDA, 0x42F4, 0x0130, 0x0110, 0x010F, 0x010F, 0x010F, 0x00EF,   // 0x1B40 (6976) pixels
0x00EF, 0x0950, 0x0130, 0x010F, 0x010F, 0x010F, 0x00EF, 0x00EE, 0x00EF, 0x092F, 0x00EF, 0x00EF, 0x00EE, 0x00EE, 0x00EE, 0x010F,   // 0x1B50 (6992) pixels
0x010F, 0x012F, 0x6416, 0x8539, 0x2211, 0x0110, 0x0110, 0x0152, 0x0194, 0x01B5, 0x01B6, 0x01B5, 0x0173, 0x0110, 0x010F, 0x00EF,   // 0x1B60 (7008) pixels
0x00EF, 0x0153, 0x01D7, 0x01D6, 0x0173, 0x0130, 0x010F, 0x010F, 0x0152, 0x01B6, 0x01F8, 0x0195, 0x00F0, 0x0196, 0x01D7, 0x00CC,   // 0x1B70 (7024) pixels
0x0866, 0x3862, 0x78A1, 0xA8E0, 0xC100, 0xC900, 0xC900, 0xC900, 0xC900, 0xA8C0, 0x5041, 0x0045, 0x0131, 0x023B, 0x0193, 0x0D1E,   // 0x1B80 (7040) pixels
0x1D5F, 0x255F, 0x257F, 0x1C9B, 0x0171, 0x0111, 0x01F7, 0x0173, 0x00AA, 0x0066, 0x2043, 0x4041, 0x6060, 0x6860, 0x6060, 0x4841,   // 0x1B90 (7056) pixels
0x2822, 0x1024, 0x0047, 0x00AC, 0x0195, 0x023A, 0x0175, 0x00F0, 0x00F0, 0x0153, 0x0174, 0x0153, 0x0152, 0x0110, 0x00EF, 0x00EF,   // 0x1BA0 (7072) pixels
0x00EF, 0x010E, 0x8D59, 0xEFDF, 0xF7FF, 0xF7FF, 0xE75E, 0xC67B, 0x9538, 0x4B34, 0x19B1, 0x00EF, 0x00EE, 0x00EE, 0x00EE, 0x00EF,   // 0x1BB0 (7088) pixels
0x00EF, 0x094F, 0x3A92, 0x7456, 0xB63A, 0xC67B, 0xE75D, 0xFFFF, 0xE73D, 0xC69B, 0xB61A, 0x8497, 0x6394, 0x5334, 0x5354, 0x63D5,   // 0x1BC0 (7104) pixels
0x8CD8, 0xBE5B, 0xADDA, 0x8CD7, 0x84B7, 0x84B7, 0x84B7, 0x84B7, 0x9538, 0xBE3B, 0x7C96, 0x6BF5, 0x63B5, 0x5B94, 0x5B74, 0x5374,   // 0x1BD0 (7120) pixels
0x63D5, 0x9559, 0xB65B, 0xD73E, 0xAE5B, 0x6C57, 0x2A52, 0x0130, 0x00EF, 0x00EF, 0x00EF, 0x00EF, 0x00EF, 0x2211, 0x6CB8, 0x5C16,   // 0x1BE0 (7136) pixels
0x0970, 0x00EF, 0x00EF, 0x0110, 0x0152, 0x0174, 0x0194, 0x0194, 0x0174, 0x0131, 0x00EF, 0x00EE, 0x010F, 0x00EF, 0x0153, 0x0219,   // 0x1BF0 (7152) pixels
0x01B5, 0x00CC, 0x0067, 0x0844, 0x2822, 0x4021, 0x5041, 0x4821, 0x3022, 0x0824, 0x0068, 0x0133, 0x01F9, 0x00F2, 0x0BB9, 0x155F,   // 0x1C00 (7168) pixels
0x1D5F, 0x255F, 0x2D7F, 0x2D7E, 0x245A, 0x0991, 0x00CF, 0x0153, 0x01B7, 0x01D6, 0x0150, 0x00CC, 0x0089, 0x0089, 0x0089, 0x00AB,   // 0x1C10 (7184) pixels
0x010E, 0x0173, 0x01D7, 0x01F8, 0x0174, 0x00F0, 0x00EF, 0x19F1, 0x2A93, 0x00EF, 0x00EF, 0x00EF, 0x00EF, 0x00EF, 0x0950, 0x2232,   // 0x1C20 (7200) pixels
0x4314, 0x8539, 0xC71D, 0xE7DF, 0xEFDF, 0xF7FF, 0xFFFF, 0xF7DF, 0xDF1D, 0xC69C, 0xC67B, 0xADDA, 0x9518, 0x8CB7, 0x8CB7, 0x9518,   // 0x1C30 (7216) pixels
0xADB9, 0xC65B, 0xC67B, 0xCE9C, 0xDF3D, 0xFFDF, 0xFFFF, 0xFFFF, 0xFFFF, 0xFFDF, 0xE75D, 0xD6DC, 0xC69B, 0xC67B, 0xC69B, 0xCEBC,   // 0x1C40 (7232) pixels
0xD6FC, 0xE75E, 0xE73D, 0xD6FC, 0xD6DC, 0xCEDC, 0xD6DC, 0xCEDC, 0xD6DC, 0xDF3D, 0xCE9B, 0xC67B, 0xC67B, 0xBE7B, 0xBE7B, 0xBE7B,   // 0x1C50 (7248) pixels
0xBE9B, 0xD6FC, 0xF7DF, 0xFFFF, 0xEF9F, 0xC6BC, 0xAE3B, 0x9DDA, 0x7CD8, 0x6C77, 0x6456, 0x7497, 0x8579, 0x961B, 0x9E7C, 0x965C,   // 0x1C60 (7264) pixels
0x85DB, 0x5C16, 0x2A52, 0x010F, 0x00EF, 0x00EF, 0x00CF, 0x00EF, 0x00EF, 0x010F, 0x2252, 0x4417, 0x4C98, 0x11B1, 0x00F0, 0x0110,   // 0x1C70 (7280) pixels
0x0194, 0x01D7, 0x01D7, 0x0173, 0x010F, 0x00CC, 0x00AB, 0x00AB, 0x00EE, 0x0152, 0x01D8, 0x0176, 0x00F0, 0x0A74, 0x1D3E, 0x1D5F,   // 0x1C80 (7296) pixels
0x1D5E, 0x257F, 0x2D9F, 0x2DBF, 0x359E, 0x34BA, 0x1A73, 0x00CE, 0x00CE, 0x0132, 0x01B5, 0x01D7, 0x01F8, 0x01F8, 0x01F8, 0x0218,   // 0x1C90 (7312) pixels
0x01F7, 0x0175, 0x0111, 0x00F0, 0x00EF, 0x0130, 0x3B75, 0x75BB, 0x85FB, 0x64D8, 0x5417, 0x5C57, 0x6CD9, 0x757A, 0x85DB, 0x8DFB,   // 0x1CA0 (7328) pixels
0x961B, 0xB6BD, 0xE7DF, 0xEFDF, 0xEFDF, 0xF7FF, 0xF7FF, 0xF7FF, 0xFFFF, 0xFFFF, 0xEF9E, 0xE73D, 0xD6FC, 0xD6FC, 0xD6FC, 0xD6FC,   // 0x1CB0 (7344) pixels
0xDF1D, 0xE75E, 0xF7BF, 0xFFFF, 0xFFFF, 0xFFFF, 0xFFFF, 0xFFFF, 0xFFFF, 0xFFFF, 0xFFFF, 0xFFFF, 0xFFFF, 0xFFFF, 0xFFFF, 0xFFFF,   // 0x1CC0 (7360) pixels
0xFFFF, 0xFFFF, 0xFFFF, 0xFFFF, 0xFFFF, 0xFFFF, 0xFFFF, 0xFFFF, 0xFFFF, 0xFFFF, 0xFFFF, 0xFFFF, 0xFFFF, 0xFFFF, 0xFFFF, 0xD71A,   // 0x1CD0 (7376) pixels
0xAE35, 0xA614, 0xAE15, 0xAE36, 0xBE98, 0xF7DE, 0xEFBF, 0xD71D, 0xC6BC, 0xB69C, 0xB67C, 0xB69C, 0xBEDD, 0xCF5E, 0xE7DF, 0xDFBF,   // 0x1CE0 (7392) pixels
0xBF1E, 0xA67C, 0x9E5C, 0x8DFB, 0x74F9, 0x5C57, 0x4BD6, 0x4BF7, 0x5478, 0x5D3A, 0x5D7B, 0x75FC, 0x7E3C, 0x657B, 0x3B96, 0x0970,   // 0x1CF0 (7408) pixels
0x0110, 0x0110, 0x0110, 0x0153, 0x01B5, 0x01D6, 0x01D7, 0x01D7, 0x01B6, 0x0153, 0x00F0, 0x00EF, 0x1AF5, 0x2D3D, 0x255F, 0x1D3F,   // 0x1D00 (7424) pixels
0x1D5E, 0x257F, 0x2D9F, 0x35BF, 0x3DFF, 0x45FE, 0x3D1B, 0x3438, 0x1A73, 0x012F, 0x010F, 0x0110, 0x00F0, 0x00EF, 0x00EF, 0x00EF,   // 0x1D10 (7440) pixels
0x00EF, 0x00EF, 0x00F0, 0x19F2, 0x3BB7, 0x655B, 0x85FC, 0xC73E, 0xE7BF, 0xC73E, 0xB6DD, 0xB6BD, 0xB6BD, 0xB6DD, 0xBEFD, 0xCF3E,   // 0x1D20 (7456) pixels
0xDF9F, 0xE7DF, 0xE7DF, 0xEFDF, 0xEFDF, 0xF7FF, 0xF7FF, 0xFFFF, 0xFFFF, 0xFFFF, 0xFFFF, 0xFFFF, 0xFFFF, 0xFFFF, 0xFFFF, 0xFFFF,   // 0x1D30 (7472) pixels
0xFFFF, 0xFFFF, 0xFFFF, 0xFFFF, 0xFFFF, 0xFFFF, 0xFFFF, 0xFFFF, 0xFFFF, 0xFFFF, 0xFFFF, 0xFFFF, 0xFFFF, 0xFFFF, 0xFFFF, 0xFFFF,   // 0x1D40 (7488) pixels
0xFFFF, 0xFFFF, 0xFFFF, 0xFFFF, 0xFFFF, 0xFFFF, 0xFFFF, 0xFFFF, 0xFFFF, 0xFFFF, 0xFFFF, 0xFFFF, 0xFFFF, 0xFFFF, 0x7D0F, 0x02C0,   // 0x1D50 (7504) pixels
0x0B00, 0x0B00, 0x0AE0, 0x0AE0, 0x02E0, 0x2344, 0xDF3B, 0xFFFF, 0xFFFF, 0xFFFF, 0xFFFF, 0xF7FF, 0xF7FF, 0xF7FF, 0xEFDF, 0xEFDF,   // 0x1D60 (7520) pixels
0xE7DF, 0xE7DF, 0xCF7E, 0xB6DD, 0x9E7C, 0x963C, 0x861C, 0x861C, 0x8E3D, 0x969D, 0xA71F, 0xAF5F, 0xA73F, 0x96BE, 0x7DFC, 0x759B,   // 0x1D70 (7536) pixels
0x4C17, 0x2273, 0x012F, 0x00EF, 0x00EF, 0x00EF, 0x00EF, 0x010F, 0x0110, 0x0130, 0x1A53, 0x2C18, 0x353D, 0x2D9F, 0x257F, 0x1D3F,   // 0x1D80 (7552) pixels
0x0CDE, 0x151F, 0x1D5F, 0x259F, 0x35BF, 0x3DFF, 0x45FF, 0x457C, 0x451A, 0x3CDA, 0x33F7, 0x2315, 0x1A94, 0x1A33, 0x1A33, 0x1A94,   // 0x1D90 (7568) pixels
0x2B35, 0x3C18, 0x657B, 0x7DD9, 0x5CF1, 0x54AD, 0x4C6A, 0x2BA6, 0x2364, 0x5CAC, 0xDF7D, 0xE7DF, 0xE7BF, 0xE7DF, 0xEFDF, 0xEFDF,   // 0x1DA0 (7584) pixels
0xF7FF, 0xF7FF, 0xF7FF, 0xF7FF, 0xF7FF, 0xF7FF, 0xFFFF, 0xFFFF, 0xFFFF, 0xFFFF, 0xFFFF, 0xFFFF, 0xFFFF, 0xFFFF, 0xFFFF, 0xFFFF,   // 0x1DB0 (7600) pixels
0xFFFF, 0xFFFF, 0xFFFF, 0xFFFF, 0xFFFF, 0xFFFF, 0xFFFF, 0xFFFF, 0xFFFF, 0xFFFF, 0xFFFF, 0xFFFF, 0xFFFF, 0xFFFF, 0xFFFF, 0xFFFF,   // 0x1DC0 (7616) pixels
0xFFFF, 0xFFFF, 0xFFFF, 0xFFFF, 0xFFFF, 0xFFFF, 0xFFFF, 0xFFFF, 0xFFFF, 0xFFFF, 0xFFFF, 0xFFFF, 0xFFFF, 0xDF3B, 0x0280, 0x2340,   // 0x1DD0 (7632) pixels
0xE795, 0xF7B9, 0xEFB8, 0xEFB7, 0xA64B, 0x02A0, 0x5C6C, 0xFFFF, 0xFFFF, 0xFFFF, 0xFFFF, 0xFFFF, 0xFFFF, 0xF7FF, 0xF7FF, 0xF7FF,   // 0x1DE0 (7648) pixels
0xEFDF, 0xEFDF, 0xEFDF, 0xEFDF, 0xE7DF, 0xE7DF, 0xE7DF, 0xD7BF, 0xCF9F, 0xC79F, 0xC79F, 0xBF7F, 0xB75F, 0xAF5F, 0xA71F, 0x8E7D,   // 0x1DF0 (7664) pixels
0x75DB, 0x655A, 0x5D19, 0x4C58, 0x3B96, 0x3314, 0x2AF4, 0x3355, 0x3C38, 0x44FB, 0x3CFB, 0x357E, 0x2D9F, 0x255F, 0x1D3F, 0x0CFF,   // 0x1E00 (7680) pixels
0x0CBE, 0x0CDF, 0x14FF, 0x151F, 0x1D3F, 0x1D5F, 0x257F, 0x2D9F, 0x2D9E, 0x2D7D, 0x2D3C, 0x351C, 0x453A, 0x44B2, 0x23E9, 0x0B25,   // 0x1E10 (7696) pixels
0x1346, 0x344F, 0x6512, 0x0281, 0x0B00, 0x33E2, 0x5CA5, 0x7D49, 0x6CE6, 0x02C0, 0x4C49, 0xE7DF, 0xDFBF, 0xDFDF, 0xE7DF, 0xEFFF,   // 0x1E20 (7712) pixels
0xF7FF, 0xFFFF, 0xFFFF, 0xFFFF, 0xFFFF, 0xFFFF, 0xFFFF, 0xFFFF, 0xFFFF, 0xFFFF, 0xFFFF, 0xFFFF, 0xFFFF, 0xFFFF, 0xFFFF, 0xFFFF,   // 0x1E30 (7728) pixels
0xFFFF, 0xFFFF, 0xFFFF, 0xFFFF, 0xFFFF, 0xFFFF, 0xFFFF, 0xFFFF, 0xFFFF, 0xFFFF, 0xFFFF, 0xFFFF, 0xFFFF, 0xFFFF, 0xFFFF, 0xFFFF,   // 0x1E40 (7744) pixels
0xFFFF, 0xFFFF, 0xFFFF, 0xFFFF, 0xFFFF, 0xFFFF, 0xFFFF, 0xFFFF, 0xFFFF, 0xFFFF, 0xFFFF, 0xFFFF, 0xFFFF, 0xB656, 0x0260, 0x4401,   // 0x1E50 (7760) pixels
0xFFFB, 0xF7FC, 0xF7FC, 0xF7FC, 0xB6CE, 0x0220, 0x3BC7, 0xFFFF, 0xFFFF, 0xFFFF, 0xFFFF, 0xFFFF, 0xFFFF, 0xFFFF, 0xFFFF, 0xFFFF,   // 0x1E60 (7776) pixels
0xFFFF, 0xF7FF, 0xF7FF, 0xEFDF, 0xEFDF, 0xE7DF, 0xE7DF, 0xDFBF, 0xD7BF, 0xCF9F, 0xC79F, 0xC79F, 0xBF7F, 0xAF5F, 0xA73F, 0x9F1F,   // 0x1E70 (7792) pixels
0x8F1F, 0x7E7E, 0x65DC, 0x557B, 0x4D5B, 0x3CFB, 0x34DB, 0x2CFC, 0x2D1D, 0x255E, 0x255F, 0x1D3F, 0x1D3F, 0x151F, 0x14FF, 0x0CDF,   // 0x1E80 (7808) pixels
0x04BE, 0x0CDF, 0x14FF, 0x151F, 0x1D3F, 0x1D3F, 0x259F, 0x3E1E, 0x45BA, 0x4535, 0x4535, 0x55FC, 0x2BCA, 0x02E0, 0x4C63, 0x7D49,   // 0x1E90 (7824) pixels
0x64A4, 0x0AA0, 0x02A0, 0x2380, 0xEFD7, 0xF7FC, 0xFFFC, 0xF7FC, 0xCF50, 0x0260, 0x02E0, 0xDF7D, 0xD7BF, 0xDFBF, 0xE7DF, 0xE7DF,   // 0x1EA0 (7840) pixels
0xEFDF, 0xF7FF, 0xF7FF, 0xFFFF, 0xFFFF, 0xFFFF, 0xFFFF, 0xFFFF, 0xFFFF, 0xFFFF, 0xFFFF, 0xFFFF, 0xFFFF, 0xFFFF, 0xFFFF, 0xFFFF,   // 0x1EB0 (7856) pixels
0xFFFF, 0xFFFF, 0xFFFF, 0xFFFF, 0xFFFF, 0xFFFF, 0xE77C, 0xB676, 0xA615, 0xCEF9, 0xFFFF, 0xFFFF, 0xF7BE, 0xC6B8, 0xA5F4, 0x8D51,   // 0x1EC0 (7872) pixels
0x8550, 0x9DD3, 0xCEB9, 0xFFDF, 0xFFFF, 0xFFFF, 0xFFFF, 0xFFFF, 0xFFFF, 0xFFFF, 0xFFFF, 0xE75C, 0xCEDA, 0x8D91, 0x0260, 0x4442,   // 0x1ED0 (7888) pixels
0xF7FA, 0xEFFA, 0xEFFA, 0xEFFA, 0xAE8E, 0x0200, 0x3BC7, 0xFFFF, 0xFFFF, 0xFFFF, 0xFFFF, 0xFFFF, 0xFFFF, 0xFFFF, 0xFFFF, 0xFFFF,   // 0x1EE0 (7904) pixels
0xFFFF, 0xF7FF, 0xF7FF, 0xEFDF, 0xE7DF, 0xE7DF, 0xDFBF, 0xD7BF, 0xCF9F, 0xBF7F, 0xB77F, 0xAF5F, 0xA73F, 0x971F, 0x8F1F, 0x7EFF,   // 0x1EF0 (7920) pixels
0x76DF, 0x6EBF, 0x669F, 0x5E7F, 0x4E5F, 0x461F, 0x3DFF, 0x35DF, 0x35DF, 0x2D9F, 0x257F, 0x1D5F, 0x1D3F, 0x151F, 0x14FF, 0x0CBF,   // 0x1F00 (7936) pixels
0x0CDE, 0x0CDF, 0x14FF, 0x153F, 0x1CF9, 0x140D, 0x1366, 0x02C1, 0x02A0, 0x0AC0, 0x02A0, 0x02C1, 0x02C0, 0xA62B, 0xF7FA, 0xF7FA,   // 0x1F10 (7952) pixels
0xF7FA, 0x9609, 0x0280, 0x2BC0, 0xEFF8, 0xF7FA, 0xF7FA, 0xF7FA, 0xC750, 0x0200, 0x0300, 0xD73B, 0xDFDF, 0xE7DF, 0xEFDF, 0xEFDF,   // 0x1F20 (7968) pixels
0xEFDF, 0xF7FF, 0xF7FF, 0xFFFF, 0xFFFF, 0xF7DE, 0xAE35, 0x6CCD, 0x4C09, 0x3BC7, 0x4C29, 0x74EE, 0xC698, 0xFFFF, 0xFFFF, 0xAE55,   // 0x1F30 (7984) pixels
0x4C4A, 0x33C7, 0x2364, 0x12C2, 0x1B03, 0x4C2A, 0x02C1, 0x02E0, 0x0AE0, 0x02C0, 0x546A, 0x6CCD, 0x1302, 0x02C0, 0x1340, 0x2BA2,   // 0x1F40 (8000) pixels
0x2381, 0x1300, 0x02A0, 0x2344, 0x95B2, 0xFFDF, 0xFFFF, 0xFFFF, 0xEF9D, 0x7D0F, 0x1B23, 0x02A0, 0x02C0, 0x02E0, 0x0240, 0x4C61,   // 0x1F50 (8016) pixels
0xEFF7, 0xEFF7, 0xEFF8, 0xEFF8, 0xA66D, 0x0220, 0x4408, 0xFFFF, 0xEF9D, 0xAE15, 0x7D0F, 0x644B, 0x646C, 0x7D10, 0xB656, 0xF7DE,   // 0x1F60 (8032) pixels
0xF7FF, 0xF7FF, 0xEFDF, 0xE7DF, 0xE7DF, 0xDFDF, 0xDFDF, 0xDFBF, 0xD7BF, 0xCF9F, 0xBF7F, 0xAF5F, 0xA75F, 0x9F3F, 0x8F1F, 0x7EFF,   // 0x1F70 (8048) pixels
0x76DF, 0x6EBF, 0x669F, 0x5E7F, 0x4E5F, 0x461F, 0x3DFF, 0x35DF, 0x35DF, 0x2D9F, 0x257F, 0x255F, 0x1D3F, 0x151F, 0x14FF, 0x0CBF,   // 0x1F80 (8064) pixels
0x0CDE, 0x0CFF, 0x151F, 0x1496, 0x02C1, 0x1B41, 0x64A6, 0x95CC, 0xC6F2, 0xEFB5, 0x3C21, 0x02A0, 0x1B40, 0xE7D5, 0xEFF7, 0xEFF6,   // 0x1F90 (8080) pixels
0xEFF6, 0xC74E, 0x0280, 0x2360, 0xEFD6, 0xEFF8, 0xEFF8, 0xEFF8, 0xC750, 0x0200, 0x02E0, 0x6CCD, 0x64AC, 0x6CCD, 0x9DD3, 0xE77C,   // 0x1FA0 (8096) pixels
0xFFFF, 0xFFFF, 0xFFFF, 0xFFFF, 0x9DD4, 0x1B24, 0x02A0, 0x3BE3, 0x64C7, 0x7509, 0x64C7, 0x2B81, 0x02A0, 0x43C8, 0x9DD4, 0x02C0,   // 0x1FB0 (8112) pixels
0x4C64, 0x7529, 0x8DAB, 0x9DEE, 0x4C63, 0x1B61, 0x9DEE, 0xDF75, 0xE795, 0x8DA9, 0x02C0, 0x33C2, 0x95CD, 0xD733, 0xEFD7, 0xF7F9,   // 0x1FC0 (8128) pixels
0xF7F9, 0xEFD7, 0xCF12, 0x6CE7, 0x02A0, 0x542A, 0xFFDF, 0xCED9, 0x1B64, 0x1320, 0x7D49, 0xC6D1, 0xD733, 0xBEB0, 0x64A6, 0x4C82,   // 0x1FD0 (8144) pixels
0xEFF6, 0xE7D6, 0xE7D6, 0xE7D6, 0x9E4B, 0x0240, 0x4C49, 0x8550, 0x0B02, 0x02C0, 0x33C1, 0x4C23, 0x4C23, 0x2B61, 0x0280, 0x1B23,   // 0x1FE0 (8160) pixels
0x9592, 0xF7DF, 0xEFDF, 0xEFDF, 0xF7BE, 0xB656, 0x750E, 0x544B, 0x544A, 0x74CE, 0x9DF4, 0xCF3C, 0xC79F, 0x9F3F, 0x8F1F, 0x86FF,   // 0x1FF0 (8176) pixels
0x7EDF, 0x6EBF, 0x669F, 0x5E7F, 0x4E5F, 0x461F, 0x3DFF, 0x35FF, 0x35BF, 0x2D9F, 0x2D9F, 0x257F, 0x1D5F, 0x151F, 0x14FF, 0x0CDF,   // 0x2000 (8192) pixels
0x0CDE, 0x151F, 0x155F, 0x0367, 0x0240, 0xC710, 0xF7FA, 0xEFF9, 0xEFF8, 0xEFD8, 0x4441, 0x0280, 0x0A80, 0xBF4B, 0xDFD3, 0xDFD3,   // 0x2010 (8208) pixels
0xD7D0, 0x6D84, 0x0220, 0x1B00, 0xDFD4, 0xE7F6, 0xE7F6, 0xE7F6, 0xC770, 0x0200, 0x0280, 0x2341, 0x4403, 0x33A2, 0x0AC0, 0x0AE1,   // 0x2020 (8224) pixels
0x8D91, 0xFFFF, 0xFFDF, 0x5C6C, 0x02C0, 0x64A6, 0xD753, 0xEFF9, 0xEFF8, 0xEFF7, 0xEFF7, 0xEFF7, 0xAE2D, 0x12E0, 0x0280, 0x0280,   // 0x2030 (8240) pixels
0xC730, 0xEFF8, 0xEFF7, 0xEFF8, 0x9E4A, 0xD754, 0xEFF7, 0xEFF7, 0xEFF8, 0x9E2B, 0x3C02, 0xEFD7, 0xE7F6, 0xE7D5, 0xE7D5, 0xE7F5,   // 0x2040 (8256) pixels
0xE7F6, 0xE7D6, 0xE7D6, 0xEFF7, 0x9E0C, 0x02C0, 0x6CEE, 0x1303, 0x33A2, 0xDF73, 0xE7D6, 0xE7D5, 0xE7F5, 0xE7F6, 0xEFF7, 0xDF91,   // 0x2050 (8272) pixels
0xE7D4, 0xDFD4, 0xDFD4, 0xDFD4, 0x960A, 0x0220, 0x02A0, 0x02E0, 0x7548, 0xDF94, 0xEFF8, 0xEFF9, 0xEFF9, 0xEFF8, 0xCF11, 0x64C6,   // 0x2060 (8288) pixels
0x0280, 0x43E9, 0xF7BE, 0xBE97, 0x2344, 0x02E0, 0x2BA1, 0x5485, 0x5486, 0x3BC3, 0x0AE0, 0x02C1, 0x4C2A, 0xBED9, 0xAF5F, 0x8F1F,   // 0x2070 (8304) pixels
0x86FF, 0x7EDF, 0x6EBF, 0x669F, 0x5E7F, 0x565F, 0x4E3F, 0x461F, 0x3DFF, 0x35DF, 0x2DBF, 0x2D9F, 0x257F, 0x1D3F, 0x151F, 0x0D1F,   // 0x2080 (8320) pixels
0x1D3E, 0x255F, 0x25BF, 0x0305, 0x01E0, 0xBF0E, 0xEFF6, 0xE7F6, 0xE7F6, 0xEFD7, 0x3C01, 0x02A0, 0x01C0, 0x2BA0, 0x7E05, 0x8645,   // 0x2090 (8336) pixels
0x54E2, 0x0A80, 0x0200, 0x12A0, 0xDFB2, 0xE7F4, 0xE7F4, 0xE7F4, 0xC76F, 0x3B63, 0xB690, 0xEFD7, 0xEFF8, 0xEFF8, 0xDF74, 0x5CA5,   // 0x20A0 (8352) pixels
0x0300, 0x752F, 0x74EF, 0x02C0, 0x962B, 0xEFF7, 0xE7F4, 0xE7D4, 0xE7D4, 0xE7D4, 0xE7F4, 0xE7F4, 0xE7F5, 0xBECF, 0x0AE0, 0x0280,   // 0x20B0 (8368) pixels
0xB70E, 0xE7D5, 0xE7D5, 0xE7D5, 0xE7D5, 0xE7F5, 0xE7F5, 0xE7F5, 0xE7D5, 0x54A3, 0x12A0, 0xCF8E, 0xDFD3, 0xDFD4, 0xDFD3, 0xDFD2,   // 0x20C0 (8384) pixels
0xDFF3, 0xDFD3, 0xDFD3, 0xDFD3, 0xE7F5, 0x4C64, 0x02C0, 0x1300, 0xCF50, 0xDFD4, 0xDFD3, 0xDFD3, 0xDFD3, 0xDFD4, 0xDFD3, 0xDFD2,   // 0x20D0 (8400) pixels
0xD7D1, 0xD7D2, 0xDFD2, 0xDFD3, 0x8E0A, 0x0240, 0x02C0, 0xA62C, 0xEFF6, 0xE7F4, 0xE7F4, 0xE7D4, 0xE7D4, 0xE7D4, 0xDFD3, 0xE7F6,   // 0x20E0 (8416) pixels
0xA64C, 0x0AC0, 0x33C7, 0x0AC1, 0x2B82, 0xBEF1, 0xEFF8, 0xEFF8, 0xEFF8, 0xEFF9, 0xE7B6, 0x9E0C, 0x2381, 0x02A1, 0x7D30, 0xB77F,   // 0x20F0 (8432) pixels
0xA75F, 0x973F, 0x8F1F, 0x86FF, 0x76DF, 0x6EBF, 0x669F, 0x5E7F, 0x567F, 0x4E5F, 0x461F, 0x3DFF, 0x3DDF, 0x35BF, 0x2D9F, 0x257F,   // 0x2100 (8448) pixels
0x1D3E, 0x257F, 0x25DF, 0x0325, 0x01E0, 0xBF0F, 0xE7D4, 0xE7D4, 0xE7D4, 0xE7D6, 0x3BE1, 0x02A0, 0x01C0, 0x0A20, 0x3BC2, 0x64A5,   // 0x2110 (8464) pixels
0x95AB, 0x85A8, 0x0260, 0x1280, 0xD7B0, 0xDFD2, 0xDFD2, 0xDFD2, 0xD7B1, 0xDFB5, 0xDFD3, 0xDFD3, 0xDFD3, 0xDFD3, 0xDFD3, 0xE7D6,   // 0x2120 (8480) pixels
0x5464, 0x0280, 0x02A0, 0x64A4, 0xE7F6, 0xDFD2, 0xD7D2, 0xD7D0, 0xAF0B, 0x9EAA, 0xD7D0, 0xDFD2, 0xDFD2, 0xDFD4, 0x64C6, 0x0260,   // 0x2130 (8496) pixels
0xAECC, 0xDFD3, 0xDFD3, 0xDFD3, 0xDFD2, 0xDFD2, 0xD7D1, 0xD7D0, 0xCFAF, 0x1280, 0x01A0, 0x5D24, 0xBF6C, 0x7586, 0x3C01, 0x2B81,   // 0x2140 (8512) pixels
0x4482, 0xC78D, 0xD7D0, 0xD7D0, 0xD7D0, 0x8DEA, 0x02A0, 0x6D25, 0xDFD3, 0xD7D1, 0xD7D1, 0xD7D1, 0xCFAF, 0xA6EA, 0xC76D, 0xD7D0,   // 0x2150 (8528) pixels
0xD7B0, 0xD7D1, 0xD7D1, 0xD7D2, 0x8DE9, 0x0260, 0x6D08, 0xE7D4, 0xDFD2, 0xDFD2, 0xDFD2, 0xDFD1, 0xDFD2, 0xDFD2, 0xD7D1, 0xD7D1,   // 0x2160 (8544) pixels
0xDFD3, 0x8568, 0x02A0, 0x12E0, 0xD751, 0xE7F4, 0xDFD3, 0xDFD3, 0xDFD3, 0xDFD4, 0xE7D4, 0xDFD4, 0xDF93, 0x3BC3, 0x0260, 0x8DD4,   // 0x2170 (8560) pixels
0xA75F, 0x9F3F, 0x8F1F, 0x86FF, 0x76DF, 0x6EBF, 0x669F, 0x5E7F, 0x565F, 0x5E5F, 0x4E3F, 0x45FF, 0x3DDF, 0x35BF, 0x2D9F, 0x257F,   // 0x2180 (8576) pixels
0x1D3E, 0x257F, 0x25DF, 0x0325, 0x01E0, 0xB6EE, 0xDFD3, 0xDFD3, 0xDFD2, 0xE7D4, 0x3C02, 0x02E0, 0x0280, 0xB6ED, 0xEFF6, 0xE7F5,   // 0x2190 (8592) pixels
0xDFF3, 0xC74E, 0x0240, 0x0A60, 0xCF8F, 0xD7D0, 0xD7D0, 0xD7D0, 0xD7D0, 0xD7D0, 0xD7D1, 0xD7D1, 0xD7D0, 0xD7D0, 0xD7D0, 0xD7F1,   // 0x21A0 (8608) pixels
0xD792, 0x12A0, 0x0AA0, 0xCF6F, 0xD7D0, 0xD7D0, 0xD7D0, 0x6DC5, 0x0AA0, 0x0A40, 0x5503, 0xCFCE, 0xCFCF, 0xD7CF, 0xAECD, 0x0A40,   // 0x21B0 (8624) pixels
0xA6AA, 0xDFD1, 0xD7D1, 0xDFD1, 0xDFD1, 0xAF2C, 0x44C2, 0x2BE0, 0x3421, 0x0180, 0x0160, 0x0220, 0x0A60, 0x01A0, 0x09C0, 0x1A61,   // 0x21C0 (8640) pixels
0x2B02, 0x9E88, 0xCFCD, 0xCFCE, 0xCFCE, 0xAEEC, 0x0260, 0xB6EC, 0xCFCF, 0xCFCF, 0xCFCF, 0xBFAC, 0x3C21, 0x0A80, 0x1B00, 0x96A8,   // 0x21D0 (8656) pixels
0xCFCE, 0xCFCF, 0xCFCF, 0xCFD0, 0x7587, 0x0A80, 0xC76F, 0xD7D0, 0xD7D0, 0xD7CF, 0xCFAD, 0x75C6, 0x54E4, 0xA6E9, 0xCFCF, 0xCFCF,   // 0x21E0 (8672) pixels
0xCFCF, 0xD7B2, 0x1B21, 0x4C63, 0xDFD3, 0xD7D2, 0xD7D1, 0xD7B0, 0xC76D, 0xCFAE, 0xDFD1, 0xD7D2, 0xCFCF, 0x3BE1, 0x0240, 0x4C8C,   // 0x21F0 (8688) pixels
0x973F, 0x8F1F, 0x7EFF, 0x76DF, 0x6EBF, 0x669F, 0x5E7F, 0x5E5F, 0x5E7F, 0xA71F, 0x76BF, 0x461F, 0x3DFF, 0x35DF, 0x2D9F, 0x257F,   // 0x2200 (8704) pixels
0x151E, 0x151F, 0x157F, 0x0326, 0x0220, 0xB6ED, 0xD7D1, 0xD7D1, 0xD7D1, 0xDFD3, 0x33E1, 0x02E0, 0x0240, 0xAECD, 0xD7D1, 0xD7D1,   // 0x2210 (8720) pixels
0xD7D1, 0xC74E, 0x0220, 0x0240, 0xBF4D, 0xCFCE, 0xCFCE, 0xCFCE, 0xCFCE, 0xC7AD, 0x7DA6, 0x5CE4, 0xA6E9, 0xCFCE, 0xCFCE, 0xCFCE,   // 0x2220 (8736) pixels
0xCFD0, 0x4C43, 0x33A0, 0xD7CF, 0xCFCE, 0xC7CD, 0xBF8B, 0x2341, 0x2AC2, 0x4344, 0x6467, 0xC7CA, 0xC7CC, 0xC7CC, 0xC76C, 0x0A40,   // 0x2230 (8752) pixels
0x9668, 0xCFCD, 0xCFCC, 0xC7CB, 0xBF8A, 0x23A1, 0x01C0, 0x0180, 0x01A0, 0x01A0, 0x0240, 0x1A41, 0x7CEA, 0xB6ED, 0xCFAE, 0xCFCE,   // 0x2240 (8768) pixels
0xCFCD, 0xC7AB, 0xBFA8, 0xBFA9, 0xBFA9, 0xA709, 0x0AA0, 0xBF8A, 0xBFA9, 0xBFC8, 0xBFA8, 0x8645, 0x01C0, 0x0160, 0x0160, 0x4461,   // 0x2250 (8784) pixels
0xB7A5, 0xB7A6, 0xB7A7, 0xB7A9, 0x6525, 0x3BC1, 0xCFAE, 0xCFCD, 0xCFCD, 0xCFCD, 0x5D23, 0x09E0, 0x01A0, 0x12E0, 0xB749, 0xC7AD,   // 0x2260 (8800) pixels
0xC7AD, 0xCFCF, 0x5CC6, 0x5D03, 0xCFCE, 0xCFCF, 0xCFCE, 0xAEC9, 0x0A80, 0x1B40, 0x6D84, 0xBF8D, 0x8645, 0x01E0, 0x0240, 0x4CD0,   // 0x2270 (8816) pixels
0x7F1F, 0x76DF, 0x66BF, 0x5E7F, 0x567F, 0x4E5F, 0x463F, 0x3E1F, 0x4E3F, 0xA71F, 0x767F, 0x3DDF, 0x2D9F, 0x257F, 0x1D5F, 0x153F,   // 0x2280 (8832) pixels
0x0CDF, 0x0CFF, 0x0D3F, 0x0346, 0x0220, 0xAECD, 0xD7D0, 0xD7D0, 0xCFCF, 0xDFD2, 0x3C02, 0x02C0, 0x0220, 0x9E8C, 0xD7CF, 0xCFCF,   // 0x2290 (8848) pixels
0xCFCE, 0xBF4D, 0x0240, 0x0200, 0xB72C, 0xCFCC, 0xC7CC, 0xC7CB, 0xBFC9, 0x4CC2, 0x0A20, 0x01C0, 0x1B00, 0xBF89, 0xC7CB, 0xC7AB,   // 0x22A0 (8864) pixels
0xBFAA, 0x7DA7, 0x5CC4, 0xC7CB, 0xBFAA, 0xB7A9, 0xB7A8, 0xC7CB, 0xC7CB, 0xBFC9, 0xB7C7, 0xB7C6, 0xB7A6, 0xAFA5, 0xBF88, 0x0A60,   // 0x22B0 (8880) pixels
0x8624, 0xAFA3, 0xAFA3, 0xAFA3, 0x9703, 0x0200, 0x0280, 0x0240, 0x01E0, 0x02E0, 0x33C3, 0xC76E, 0xBFC8, 0xAFA6, 0xAFA6, 0xAFA5,   // 0x22C0 (8896) pixels
0xAFA5, 0xAF84, 0xA784, 0xA784, 0xA784, 0x9F06, 0x12C0, 0xAF85, 0xA7A4, 0xA7A4, 0xAFA4, 0x6D64, 0x01E0, 0x02E0, 0x0200, 0x33A1,   // 0x22D0 (8912) pixels
0xAFA4, 0xA7A4, 0xA784, 0xAF85, 0x54E2, 0x5CC2, 0xAFC4, 0xAFA4, 0xAFA5, 0xAFA6, 0x1AC0, 0x0180, 0x01C0, 0x01A0, 0x8644, 0xB7A8,   // 0x22E0 (8928) pixels
0xBFA9, 0xBFCA, 0x7DC7, 0x3C01, 0xCFCB, 0xC7CC, 0xC7AB, 0xCFAD, 0xAE4D, 0x4384, 0x09E0, 0x2360, 0x12A0, 0x01A0, 0x02A1, 0x6E3B,   // 0x22F0 (8944) pixels
0x7EFF, 0x76DF, 0x669F, 0x5E7F, 0x567F, 0x4E5F, 0x461F, 0x3E1F, 0x3DFF, 0x461F, 0x35BF, 0x2D9F, 0x255F, 0x1D3F, 0x151F, 0x0CDF,   // 0x2300 (8960) pixels
0x0CDE, 0x0CFF, 0x155F, 0x0346, 0x0220, 0xAEAD, 0xCFCF, 0xCFCE, 0xCFCE, 0xDFD1, 0x3C22, 0x02C0, 0x0220, 0x964B, 0xC7AD, 0xC7AD,   // 0x2310 (8976) pixels
0xC7AC, 0xBF6A, 0x0A40, 0x01E0, 0xA6E7, 0xAFA5, 0xAFC4, 0xAFA4, 0xA784, 0x0A80, 0x01A0, 0x01E0, 0x01C0, 0x96C3, 0xAFA3, 0xAFA4,   // 0x2320 (8992) pixels
0xAFA4, 0x8665, 0x6544, 0xAFA3, 0xA7A3, 0xA7A3, 0xA783, 0xA7A3, 0xAFA4, 0xA783, 0xA783, 0xA763, 0x96E3, 0x8662, 0x6D83, 0x0200,   // 0x2330 (9008) pixels
0x8625, 0xA7A3, 0xA783, 0xA783, 0x96E4, 0x0220, 0x02E0, 0x02A0, 0x02A0, 0x0AA0, 0xB72C, 0xAFA5, 0xAFA5, 0xAFA5, 0x8683, 0x3C41,   // 0x2340 (9024) pixels
0x2361, 0x75E2, 0x9F63, 0x9F83, 0x9F63, 0x9EE6, 0x12C0, 0x9F64, 0x9F63, 0xA783, 0xA783, 0x85A8, 0x0260, 0x02E0, 0x0280, 0x4C23,   // 0x2350 (9040) pixels
0xAFA5, 0xA783, 0x9F83, 0xA785, 0x4CA2, 0x6523, 0xAFA3, 0xA7A3, 0xA7A4, 0xAF86, 0x0A20, 0x0300, 0x0300, 0x01C0, 0x8643, 0xA7A3,   // 0x2360 (9056) pixels
0xA7A3, 0xA7A2, 0x75E3, 0x0A60, 0x8E65, 0xBFA9, 0xBFA9, 0xBFA9, 0xBFA9, 0xCFCE, 0xAE8C, 0x3322, 0x0180, 0x0280, 0x2C0D, 0x7EDF,   // 0x2370 (9072) pixels
0x86FF, 0x76DF, 0x669F, 0x567F, 0x4E5F, 0x4E3F, 0x461F, 0x3DFF, 0x35DF, 0x35DF, 0x2D9F, 0x257F, 0x255F, 0x1D3F, 0x151F, 0x0CFF,   // 0x2380 (9088) pixels
0x0CDE, 0x0CFF, 0x0D5F, 0x0367, 0x0220, 0x9E6C, 0xC7CD, 0xC7CB, 0xBFCA, 0xC7CB, 0x33E1, 0x02A0, 0x0240, 0x8E27, 0xAFA6, 0xAF85,   // 0x2390 (9104) pixels
0xAFA4, 0xAF66, 0x0A00, 0x0200, 0x9EC5, 0xA7A3, 0xA7A3, 0xA7A3, 0x9F45, 0x0200, 0x02E0, 0x0300, 0x0200, 0x8EA3, 0xA783, 0xA783,   // 0x23A0 (9120) pixels
0xA783, 0x8644, 0x4C82, 0xA783, 0x9F82, 0x9F82, 0xA782, 0x4481, 0x2BA0, 0x1B40, 0x12C0, 0x0A60, 0x0A40, 0x0A20, 0x01C0, 0x0160,   // 0x23B0 (9136) pixels
0x7E05, 0x9F62, 0x9F62, 0x9F62, 0x96E4, 0x01E0, 0x02C0, 0x12C3, 0x0280, 0x33C0, 0xB7A9, 0x9F63, 0x9F63, 0xA784, 0x2300, 0x0120,   // 0x23C0 (9152) pixels
0x00E0, 0x7582, 0x9742, 0x9742, 0x9742, 0x96C6, 0x0240, 0x9F08, 0x9F62, 0x9F62, 0x9F62, 0xB72C, 0x12A0, 0x02A0, 0x0240, 0x9E2C,   // 0x23D0 (9168) pixels
0x9F83, 0x9F63, 0x9742, 0xA766, 0x4462, 0x4C82, 0xAF84, 0x9F83, 0xA783, 0xB789, 0x1AC0, 0x0320, 0x0300, 0x0220, 0xA706, 0x9F62,   // 0x23E0 (9184) pixels
0x9F62, 0x9F62, 0x6D43, 0x0160, 0x0A80, 0x75C4, 0xB7A6, 0xB7A8, 0xB7A7, 0xB7A7, 0xB787, 0xCFAD, 0x5424, 0x0260, 0x23E9, 0x971F,   // 0x23F0 (9200) pixels
0x7EFF, 0x76DF, 0x669F, 0x567F, 0x565F, 0x4E5F, 0x461F, 0x35FF, 0x35DF, 0x2DBF, 0x2D9F, 0x257F, 0x1D5F, 0x1D3F, 0x151F, 0x0CFF,   // 0x2400 (9216) pixels
0x0CDE, 0x0CFF, 0x0D3F, 0x0367, 0x0220, 0x8646, 0xAFC5, 0xAFC4, 0xAFC4, 0xB7C6, 0x33C1, 0x02A0, 0x0240, 0x8624, 0xA783, 0xA783,   // 0x2410 (9232) pixels
0xA7A3, 0xAF86, 0x0A40, 0x01E0, 0x96A6, 0xA783, 0x9F83, 0x9F83, 0xAF68, 0x0A60, 0x0300, 0x0320, 0x0AC0, 0xB747, 0x9F62, 0x9F62,   // 0x2420 (9248) pixels
0x9F63, 0x6DA3, 0x1B60, 0xAF86, 0x9742, 0x9762, 0x9F62, 0x85A5, 0x09E0, 0x0180, 0x0140, 0x1A01, 0x7D28, 0x8DE7, 0x01A0, 0x01C0,   // 0x2430 (9264) pixels
0x75C3, 0x8F21, 0x9721, 0x8F22, 0x96E5, 0x01E0, 0x02E0, 0x3BC8, 0x0260, 0x3400, 0xAF86, 0x9742, 0x9722, 0xA745, 0x8549, 0x3B03,   // 0x2440 (9280) pixels
0x74C9, 0xAF48, 0x8F21, 0x8F21, 0x8F01, 0x8EC5, 0x0200, 0x75C7, 0x9F64, 0x9742, 0x8F21, 0x9743, 0xAECC, 0x750A, 0x9E2C, 0xA767,   // 0x2450 (9296) pixels
0x8F22, 0x8F22, 0x8F22, 0x9F66, 0x3C21, 0x1B40, 0xAF85, 0x9742, 0x9742, 0x9F45, 0x7528, 0x0260, 0x0280, 0x4C24, 0xAF87, 0x9742,   // 0x2460 (9312) pixels
0x9762, 0x9F64, 0x4462, 0x0180, 0x0120, 0x0200, 0x33C1, 0x8663, 0xAF85, 0xAF85, 0xAF84, 0xAF85, 0xC78C, 0x1B20, 0x02E0, 0xAE98,   // 0x2470 (9328) pixels
0xCF3C, 0xCF3C, 0xBF5F, 0x76DF, 0x5E9F, 0x567F, 0x465F, 0x3DFF, 0x35DF, 0x2DBF, 0x259F, 0x257F, 0x1D5F, 0x1D3F, 0x151F, 0x0CFF,   // 0x2480 (9344) pixels
0x0CBE, 0x0CFF, 0x0D3F, 0x0368, 0x0200, 0x7E04, 0xA783, 0xA7A3, 0xA7A3, 0xB7C6, 0x3BC1, 0x0280, 0x0220, 0x7DC5, 0x9F83, 0x9F82,   // 0x2490 (9360) pixels
0x9F83, 0xAF86, 0x12A0, 0x01C0, 0x8E66, 0x9762, 0x9742, 0x9742, 0xA766, 0x6CE7, 0x0280, 0x02A0, 0x7D67, 0x9F45, 0x9722, 0x8F22,   // 0x24A0 (9376) pixels
0x9743, 0x3C01, 0x0200, 0x8645, 0x8F22, 0x8F21, 0x8F22, 0x9F44, 0xA6CA, 0x8DA9, 0x9E4B, 0xAF4A, 0x9722, 0x9723, 0x6503, 0x01C0,   // 0x24B0 (9392) pixels
0x75E3, 0x8701, 0x86E1, 0x7EE1, 0x86A4, 0x0200, 0x02C0, 0x3367, 0x0260, 0x0A40, 0x96E6, 0x86E1, 0x86E1, 0x8701, 0x8F22, 0x9F46,   // 0x24C0 (9408) pixels
0x8F22, 0x8F01, 0x7EE1, 0x7EE1, 0x7EE1, 0x86A5, 0x0180, 0x1340, 0x9F27, 0x8701, 0x86E1, 0x86E1, 0x86E1, 0x8701, 0x8701, 0x86E1,   // 0x24D0 (9424) pixels
0x7EC1, 0x7EE1, 0x7EE1, 0x9726, 0x33C1, 0x0200, 0x8666, 0x8F22, 0x8F21, 0x8F21, 0xA747, 0x9E4B, 0x8DCA, 0xAF48, 0x9742, 0x8F21,   // 0x24E0 (9440) pixels
0x8F21, 0x9725, 0x0A80, 0x22E1, 0xA669, 0x2AC1, 0x01A0, 0x0240, 0x2BE1, 0x9702, 0xA763, 0xA784, 0xAFA6, 0x54A4, 0x0260, 0x0AC1,   // 0x24F0 (9456) pixels
0x02E0, 0x02E0, 0x2B86, 0xAE57, 0xBF7F, 0xC73D, 0xB698, 0xBEDA, 0xBF3F, 0x565F, 0x2DBF, 0x259F, 0x1D7F, 0x1D3F, 0x151F, 0x0CFF,   // 0x2500 (9472) pixels
0x0CDE, 0x0CFF, 0x0D3F, 0x0368, 0x01E0, 0x7DC4, 0x9F83, 0x9F83, 0xA7A3, 0xAFA6, 0x33C1, 0x0280, 0x0240, 0x75A5, 0x9762, 0x9762,   // 0x2510 (9488) pixels
0x9742, 0xA766, 0x12C0, 0x01E0, 0x8626, 0x8F21, 0x8F01, 0x8F01, 0x8F02, 0x9F47, 0x9689, 0x9ECA, 0x9F46, 0x8F01, 0x8701, 0x8701,   // 0x2520 (9504) pixels
0x8EC3, 0x0A40, 0x0160, 0x1B40, 0x96E5, 0x86E1, 0x7EE1, 0x8701, 0x8701, 0x8701, 0x8701, 0x7F01, 0x7EE1, 0x8701, 0x7E02, 0x01E0,   // 0x2530 (9520) pixels
0x6DC3, 0x6EA1, 0x6EA1, 0x6E80, 0x7E83, 0x0200, 0x02A0, 0x3B28, 0x02A0, 0x0180, 0x2BE1, 0x8EE3, 0x7EC1, 0x7EE0, 0x7EE1, 0x7EE1,   // 0x2540 (9536) pixels
0x8701, 0x75E2, 0x76C1, 0x6E80, 0x6E80, 0x7E84, 0x01C0, 0x01A0, 0x2C01, 0x86C3, 0x76A1, 0x76C1, 0x76C1, 0x76C1, 0x7EE2, 0x7642,   // 0x2550 (9552) pixels
0x76A0, 0x6E80, 0x6E80, 0x86E5, 0x2BA1, 0x0180, 0x1B60, 0x96E4, 0x7EC1, 0x7EE1, 0x8701, 0x8721, 0x8701, 0x8F01, 0x8701, 0x8701,   // 0x2560 (9568) pixels
0x9723, 0x44A2, 0x0A00, 0x86A2, 0x8F42, 0xAF49, 0x7D6A, 0x4365, 0x3B64, 0x9EE7, 0x9F62, 0x9F62, 0xA784, 0x54E4, 0x0240, 0x3BA3,   // 0x2570 (9584) pixels
0x9E0D, 0x95EC, 0x33A2, 0x02A1, 0x4C29, 0x0AE1, 0x02E0, 0x02C0, 0x2BA5, 0xB677, 0x9F1F, 0xB6DC, 0xAE37, 0xAE59, 0x9EBF, 0x3D7F,   // 0x2580 (9600) pixels
0x0CDE, 0x0CFF, 0x153F, 0x0389, 0x0200, 0x75C4, 0x9F63, 0x9F63, 0x9F83, 0xAFA6, 0x3BC1, 0x0AA0, 0x0260, 0x6D84, 0x8F42, 0x8F22,   // 0x2590 (9616) pixels
0x8721, 0x9F45, 0x1AC0, 0x01E0, 0x7E05, 0x7EC1, 0x7EC1, 0x7EC2, 0x7EC1, 0x76C1, 0x7EC1, 0x7EE1, 0x7EE1, 0x76C1, 0x76C1, 0x86E3,   // 0x25A0 (9632) pixels
0x2361, 0x0180, 0x0240, 0x01A0, 0x1300, 0x6DC2, 0x86E2, 0x76C1, 0x6EC1, 0x6EC1, 0x6EA1, 0x6EA1, 0x7EC2, 0x5521, 0x0A40, 0x0160,   // 0x25B0 (9648) pixels
0x5502, 0x6622, 0x5DE1, 0x5561, 0x44C0, 0x01E0, 0x02A0, 0x640D, 0x0260, 0x01E0, 0x0180, 0x1300, 0x5521, 0x65E1, 0x6601, 0x5541,   // 0x25C0 (9664) pixels
0x1B20, 0x12A0, 0x44C1, 0x4CC1, 0x44A1, 0x3421, 0x01A0, 0x01C0, 0x01A0, 0x12E0, 0x4CC1, 0x6601, 0x6E21, 0x5DA1, 0x2BC1, 0x1B40,   // 0x25D0 (9680) pixels
0x6601, 0x6601, 0x6E21, 0x7E63, 0x2340, 0x01C0, 0x01A0, 0x1B60, 0x7602, 0x7EA1, 0x6EA1, 0x76C1, 0x76C1, 0x76C1, 0x76C1, 0x86E2,   // 0x25E0 (9696) pixels
0x44A2, 0x01A0, 0x33C1, 0x86E1, 0x7EE1, 0x7F01, 0x8701, 0x9F45, 0x9F45, 0x8F21, 0x8F21, 0x8F21, 0x9F44, 0x2320, 0x33A2, 0xCFAF,   // 0x25F0 (9712) pixels
0xBFAA, 0xBFAA, 0xC76E, 0x1B20, 0x02A0, 0x5CA6, 0xAE6E, 0x95EC, 0x2B82, 0x02C0, 0x3BE8, 0x0280, 0x0280, 0x0280, 0x1AE3, 0x8531,   // 0x2600 (9728) pixels
0x153E, 0x1D7F, 0x1D9F, 0x0B8B, 0x0200, 0x6D64, 0x9F43, 0x9742, 0x9742, 0x9763, 0xA707, 0x9706, 0x0A60, 0x6544, 0x7EE1, 0x7EE1,   // 0x2610 (9744) pixels
0x7EE1, 0x9725, 0x1B00, 0x01C0, 0x6DC4, 0x6EA1, 0x6E81, 0x6E81, 0x7EA1, 0x6E61, 0x6E81, 0x6661, 0x6661, 0x76A1, 0x6602, 0x1B20,   // 0x2620 (9760) pixels
0x0180, 0x0240, 0x0300, 0x0220, 0x0140, 0x01E0, 0x1B60, 0x4D02, 0x5582, 0x5581, 0x4D21, 0x3420, 0x0AC0, 0x01C0, 0x0100, 0x0140,   // 0x2630 (9776) pixels
0x0200, 0x0200, 0x01E0, 0x01A0, 0x01A0, 0x0180, 0x02C0, 0x9D94, 0x1203, 0x02A0, 0x01A0, 0x0120, 0x01A0, 0x01E0, 0x0200, 0x01C0,   // 0x2640 (9792) pixels
0x0120, 0x0120, 0x01A0, 0x01A0, 0x01C0, 0x01A0, 0x0180, 0x0320, 0x01C0, 0x0120, 0x01A0, 0x0200, 0x0200, 0x01A0, 0x0160, 0x0180,   // 0x2650 (9808) pixels
0x0200, 0x0200, 0x0200, 0x0200, 0x01C0, 0x02C0, 0x01A0, 0x0180, 0x0240, 0x2BE0, 0x5541, 0x5E01, 0x6621, 0x5DE1, 0x44E1, 0x1300,   // 0x2660 (9824) pixels
0x0180, 0x0100, 0x01C0, 0x3421, 0x76A2, 0x76C1, 0x76C0, 0x7EE1, 0x76E1, 0x76A0, 0x76A0, 0x86E2, 0x54E2, 0x01A0, 0x6544, 0xAF86,   // 0x2670 (9840) pixels
0xAF87, 0xAF87, 0xAF88, 0x54A3, 0x4422, 0xCFCF, 0xC7CB, 0xC7AC, 0xCF70, 0x12E0, 0x0280, 0x4C24, 0x9E0C, 0x8DAB, 0x3362, 0x0260,   // 0x2680 (9856) pixels
0x153E, 0x257F, 0x1D9F, 0x0BAC, 0x0200, 0x5D03, 0x9743, 0x8F22, 0x8F21, 0x8F21, 0x8F21, 0x8722, 0x0AA0, 0x5D23, 0x6E81, 0x6E81,   // 0x2690 (9872) pixels
0x6681, 0x86E5, 0x2340, 0x01A0, 0x6583, 0x6EA2, 0x76C2, 0x7682, 0x5521, 0x0AA0, 0x3C21, 0x4CC1, 0x4481, 0x2360, 0x0200, 0x0140,   // 0x26A0 (9888) pixels
0x0200, 0x0300, 0x01E0, 0x0280, 0x0260, 0x0140, 0x0140, 0x01C0, 0x0200, 0x0200, 0x01E0, 0x01A0, 0x0120, 0x01A0, 0x02C0, 0x0280,   // 0x26B0 (9904) pixels
0x0140, 0x0120, 0x0140, 0x0140, 0x0160, 0x0240, 0x0260, 0xBE58, 0x8CF3, 0x01E0, 0x02C0, 0x0280, 0x0180, 0x0140, 0x0140, 0x01A0,   // 0x26C0 (9920) pixels
0x0240, 0x0240, 0x01E0, 0x01C0, 0x01E0, 0x0200, 0x02C0, 0x0220, 0x02A0, 0x0240, 0x0180, 0x0140, 0x0120, 0x0160, 0x0240, 0x01C0,   // 0x26D0 (9936) pixels
0x0160, 0x0140, 0x0100, 0x0100, 0x01A0, 0x02C0, 0x02C0, 0x01C0, 0x0140, 0x0180, 0x0200, 0x0260, 0x0260, 0x0240, 0x01E0, 0x0160,   // 0x26E0 (9952) pixels
0x01E0, 0x0260, 0x0120, 0x01A0, 0x0AA0, 0x3441, 0x55A1, 0x6E61, 0x6E81, 0x6641, 0x5561, 0x2BC0, 0x01C0, 0x0160, 0x3C41, 0x9F43,   // 0x26F0 (9968) pixels
0x9723, 0x9744, 0x9744, 0x3C21, 0x6582, 0xAF87, 0xAF88, 0xB789, 0xB78A, 0x4C83, 0x4422, 0xCFAF, 0xBFAA, 0xBFAB, 0xCF90, 0x2B82,   // 0x2700 (9984) pixels
0x1D3E, 0x257F, 0x259F, 0x0BCD, 0x01E0, 0x5CE2, 0x8F03, 0x86E1, 0x7EC1, 0x7EE1, 0x7EC0, 0x7F02, 0x0A80, 0x4CA2, 0x6EA2, 0x6E81,   // 0x2710 (10000) pixels
0x6642, 0x5DC2, 0x12A0, 0x0180, 0x12C0, 0x1B20, 0x0AA0, 0x0220, 0x01C0, 0x0100, 0x0140, 0x0180, 0x0180, 0x0140, 0x0140, 0x0260,   // 0x2720 (10016) pixels
0x02E0, 0x01E0, 0x43D0, 0x1A86, 0x0200, 0x02A0, 0x0260, 0x01E0, 0x0180, 0x0160, 0x01A0, 0x0200, 0x02C0, 0x02E0, 0x0220, 0x0200,   // 0x2730 (10032) pixels
0x02A0, 0x02C0, 0x02A0, 0x0280, 0x0240, 0x0200, 0x32E7, 0xEF9E, 0xCEBC, 0x84D2, 0x09C1, 0x01E0, 0x0280, 0x02E0, 0x02E0, 0x02A0,   // 0x2740 (10048) pixels
0x0200, 0x01E0, 0x0240, 0x0220, 0x0220, 0x0200, 0x01C0, 0x5BED, 0x1222, 0x0200, 0x0260, 0x02C0, 0x02C0, 0x02A0, 0x0220, 0x0260,   // 0x2750 (10064) pixels
0x02A0, 0x02C0, 0x02C0, 0x02A0, 0x0280, 0x1243, 0x01E0, 0x0260, 0x0260, 0x01E0, 0x0180, 0x0140, 0x0140, 0x0160, 0x01E0, 0x02A0,   // 0x2760 (10080) pixels
0x0260, 0x0220, 0x02C0, 0x0180, 0x0120, 0x0180, 0x01E0, 0x0220, 0x0220, 0x01E0, 0x01C0, 0x0140, 0x0180, 0x0180, 0x0260, 0x5541,   // 0x2770 (10096) pixels
0x7EC2, 0x7EE2, 0x5D81, 0x0220, 0x3420, 0x9723, 0x8F23, 0x9724, 0x9F44, 0x33E1, 0x6562, 0xB788, 0xB787, 0xB787, 0xB789, 0x6D47,   // 0x2780 (10112) pixels
0x1D3E, 0x257F, 0x259F, 0x0BCE, 0x0200, 0x2B80, 0x9723, 0x76C1, 0x76C1, 0x7EE2, 0x7EC2, 0x65E1, 0x0A60, 0x12E0, 0x23C0, 0x1300,   // 0x2790 (10128) pixels
0x0260, 0x0200, 0x01A0, 0x0180, 0x0100, 0x0100, 0x0100, 0x0100, 0x0120, 0x0240, 0x0200, 0x01C0, 0x01E0, 0x0280, 0x0300, 0x02A0,   // 0x27A0 (10144) pixels
0x01E1, 0x4C11, 0x4CB8, 0x5D19, 0x4BEF, 0x0A02, 0x0220, 0x0280, 0x02A0, 0x02A0, 0x02A0, 0x0260, 0x01E0, 0x1A43, 0x6C70, 0x5C0D,   // 0x27B0 (10160) pixels
0x1242, 0x1222, 0x1A64, 0x22A5, 0x32E8, 0x640E, 0xB63A, 0xF7BF, 0xF7BE, 0xC65B, 0xADF9, 0x6C4F, 0x3B48, 0x22A4, 0x1A84, 0x2AE7,   // 0x27C0 (10176) pixels
0x640E, 0x7470, 0x53AB, 0x53AB, 0x53AC, 0x5BCD, 0x9555, 0xBE7B, 0xB639, 0x6C4F, 0x3307, 0x1263, 0x1263, 0x2AE7, 0x53CD, 0x22A5,   // 0x27D0 (10192) pixels
0x1243, 0x0A01, 0x09E1, 0x01C1, 0x22A6, 0x8D97, 0x7D35, 0x2285, 0x01E0, 0x0260, 0x02C0, 0x0300, 0x02E0, 0x02C0, 0x0280, 0x01C0,   // 0x27E0 (10208) pixels
0x2AE9, 0x1A86, 0x0220, 0x02C0, 0x0280, 0x01E0, 0x0160, 0x0120, 0x0100, 0x0120, 0x0160, 0x0240, 0x02A0, 0x0280, 0x0180, 0x0240,   // 0x27F0 (10224) pixels
0x0AC0, 0x0AA0, 0x01E0, 0x0140, 0x0240, 0x4D01, 0x7EC2, 0x7EE2, 0x4D21, 0x0A40, 0x4481, 0x9F44, 0x9F45, 0x9F45, 0x9F65, 0x4CE2,   // 0x2800 (10240) pixels
0x1D3E, 0x255F, 0x257F, 0x1412, 0x0240, 0x01C0, 0x23A0, 0x44A1, 0x3441, 0x1B40, 0x0260, 0x01E0, 0x0140, 0x0140, 0x0160, 0x0120,   // 0x2810 (10256) pixels
0x0120, 0x0140, 0x01C0, 0x02E0, 0x0240, 0x0240, 0x02A0, 0x02A0, 0x02A0, 0x0220, 0x0220, 0x0240, 0x0240, 0x0220, 0x01C0, 0x22C8,   // 0x2820 (10272) pixels
0x4C55, 0x4478, 0x75BB, 0x9E7D, 0x7DDB, 0x85DA, 0x64B3, 0x4BAC, 0x3329, 0x2AE8, 0x3B49, 0x5C0E, 0x8515, 0xAE3B, 0xB63B, 0xB63B,   // 0x2830 (10288) pixels
0xAE3B, 0xB63B, 0xB65B, 0xB65B, 0xBE5B, 0xBE7B, 0xDF1D, 0xFFFF, 0xFFFF, 0xF79E, 0xC69B, 0xBE3A, 0xBE5B, 0xC67B, 0xC67B, 0xBE7B,   // 0x2840 (10304) pixels
0xBE7B, 0xBE7B, 0xC67B, 0xC67B, 0xBE7B, 0xBE7B, 0xC69B, 0xE75D, 0xCEBC, 0xC67B, 0xBE7B, 0xBE7B, 0xB65B, 0xB67C, 0xB67C, 0xB65C,   // 0x2850 (10320) pixels
0xAE5B, 0xA63B, 0xA61B, 0xA61B, 0xA65C, 0xAE7C, 0xA65C, 0x9E3C, 0x74F4, 0x438C, 0x22A6, 0x1243, 0x1A64, 0x22C7, 0x334C, 0x4435,   // 0x2860 (10336) pixels
0x2C18, 0x3417, 0x2B4E, 0x0A22, 0x01E0, 0x0240, 0x0260, 0x0280, 0x0280, 0x02A0, 0x0260, 0x01C0, 0x01A1, 0x02C0, 0x0280, 0x0140,   // 0x2870 (10352) pixels
0x0120, 0x0120, 0x01A0, 0x0240, 0x0160, 0x0200, 0x0A60, 0x0A60, 0x01E0, 0x0140, 0x0200, 0x4CE2, 0x7EC2, 0x86E2, 0x6DE3, 0x0A40,   // 0x2880 (10368) pixels
0x1D3E, 0x255F, 0x259F, 0x1CB9, 0x0280, 0x0180, 0x0160, 0x0180, 0x0160, 0x0120, 0x0100, 0x0140, 0x0260, 0x0260, 0x0220, 0x0260,   // 0x2890 (10384) pixels
0x02E0, 0x0300, 0x02A0, 0x01E0, 0x0200, 0x0220, 0x0200, 0x01C0, 0x1202, 0x4BAD, 0x43AD, 0x3B2A, 0x3B4A, 0x4BCF, 0x4C76, 0x3C79,   // 0x28A0 (10400) pixels
0x3C58, 0x75DB, 0xBF7F, 0xB77F, 0xAF1E, 0x965D, 0x8E1C, 0x961C, 0x963C, 0xA63B, 0xAE3B, 0xAE3B, 0xAE3B, 0xB65B, 0xD71D, 0xD73E,   // 0x28B0 (10416) pixels
0xBEBC, 0xBE9C, 0xC6BC, 0xCEDC, 0xDF1D, 0xEF9E, 0xFFFF, 0xFFFF, 0xFFFF, 0xFFFF, 0xFFFF, 0xEF9E, 0xDF1D, 0xD6FD, 0xD6FD, 0xDF1D,   // 0x28C0 (10432) pixels
0xEF7E, 0xF7BE, 0xE75E, 0xE77E, 0xE75E, 0xE77E, 0xFFDF, 0xFFFF, 0xFFFF, 0xEF7E, 0xDF1D, 0xCEFD, 0xC6DD, 0xCF1D, 0xD75E, 0xC6FD,   // 0x28D0 (10448) pixels
0xBEBD, 0xB69C, 0xB67C, 0xAE7C, 0xBEFD, 0xDFBF, 0xD77F, 0xA69D, 0x965D, 0x8E3C, 0x85FC, 0x7DDC, 0x6DBC, 0x551A, 0x4499, 0x3C99,   // 0x28E0 (10464) pixels
0x655A, 0x3458, 0x23F7, 0x3C78, 0x33D1, 0x2B0A, 0x1A44, 0x09C1, 0x09E1, 0x1A44, 0x330A, 0x3C33, 0x5475, 0x0A01, 0x0280, 0x02E0,   // 0x28F0 (10480) pixels
0x02C0, 0x02C0, 0x0280, 0x02A0, 0x0260, 0x0160, 0x0120, 0x0140, 0x01E0, 0x0260, 0x0120, 0x01E0, 0x0A60, 0x0A60, 0x01C0, 0x0160,   // 0x2900 (10496) pixels
0x1D3E, 0x1D3F, 0x151F, 0x149D, 0x1AC9, 0x0260, 0x0220, 0x01E0, 0x0200, 0x0260, 0x02C0, 0x02E0, 0x0260, 0x0200, 0x0220, 0x01E0,   // 0x2910 (10512) pixels
0x01E0, 0x0A21, 0x22A5, 0x5C71, 0x64D5, 0x64B2, 0x7516, 0x7D9A, 0x6D7B, 0x44DA, 0x3CBA, 0x34BA, 0x34BA, 0x3499, 0x3499, 0x553A,   // 0x2920 (10528) pixels
0x8E9D, 0xA75F, 0xA75F, 0xAF5F, 0xB77F, 0xBF7F, 0xBF5F, 0xB71E, 0xBF1E, 0xC6FD, 0xCF1D, 0xD73E, 0xE79E, 0xF7DF, 0xEFDF, 0xE7DF,   // 0x2930 (10544) pixels
0xE7DF, 0xEFDF, 0xEFDF, 0xF7DF, 0xFFFF, 0xFFFF, 0xFFFF, 0xFFFF, 0xFFFF, 0xFFFF, 0xFFFF, 0xFFFF, 0xFFFF, 0xFFFF, 0xFFFF, 0xFFFF,   // 0x2940 (10560) pixels
0xFFFF, 0xFFFF, 0xFFFF, 0xFFFF, 0xFFFF, 0xF7FF, 0xFFFF, 0xFFFF, 0xFFFF, 0xFFFF, 0xFFFF, 0xFFFF, 0xEFDF, 0xEFDF, 0xE7DF, 0xE7BF,   // 0x2950 (10576) pixels
0xDFBF, 0xE7DF, 0xEFDF, 0xE7DF, 0xE7DF, 0xDFBF, 0xDFBF, 0xD7BF, 0xBF5F, 0xA6FE, 0x8E9D, 0x7E3D, 0x761D, 0x761D, 0x7E7D, 0xA73F,   // 0x2960 (10592) pixels
0xA73F, 0x96DE, 0x5D9B, 0x3499, 0x3479, 0x34BA, 0x44FA, 0x5D5B, 0x657B, 0x555B, 0x34BA, 0x249B, 0x249A, 0x64F7, 0x3B49, 0x0A22,   // 0x2970 (10608) pixels
0x0200, 0x0A01, 0x330A, 0x09E1, 0x0240, 0x02A0, 0x02A0, 0x02A0, 0x0260, 0x02A0, 0x0280, 0x0160, 0x0100, 0x0100, 0x0160, 0x0280,   // 0x2980 (10624) pixels
0x0CBE, 0x0CDF, 0x14DF, 0x0C7E, 0x3C79, 0x32C7, 0x01E0, 0x0200, 0x0220, 0x01E0, 0x01A0, 0x09E2, 0x3B4A, 0x5495, 0x4431, 0x4453,   // 0x2990 (10640) pixels
0x4CB7, 0x4D1A, 0x451B, 0x453C, 0x4D7C, 0x4D7C, 0x557C, 0x557C, 0x5DBC, 0x763D, 0x7E5D, 0x6DFC, 0x65FC, 0x763D, 0x8EDE, 0x9F3F,   // 0x29A0 (10656) pixels
0x973F, 0x973F, 0x9F3F, 0xA75F, 0xAF5F, 0xB75F, 0xBF7F, 0xD7BF, 0xDFBF, 0xDFBF, 0xE7DF, 0xEFDF, 0xEFDF, 0xEFDF, 0xD7BF, 0xDFBF,   // 0x29B0 (10672) pixels
0xE7BF, 0xE7DF, 0xE7DF, 0xF7FF, 0xFFFF, 0xFFFF, 0xFFFF, 0xFFFF, 0xFFFF, 0xFFFF, 0xF7FF, 0xF7FF, 0xF7FF, 0xFFFF, 0xFFFF, 0xFFFF,   // 0x29C0 (10688) pixels
0xFFFF, 0xFFFF, 0xFFFF, 0xF7FF, 0xF7FF, 0xF7DF, 0xF7FF, 0xFFFF, 0xFFFF, 0xFFFF, 0xF7FF, 0xF7FF, 0xEFDF, 0xE7BF, 0xDFBF, 0xDFBF,   // 0x29D0 (10704) pixels
0xD7BF, 0xD7BF, 0xE7DF, 0xE7DF, 0xDFBF, 0xDFBF, 0xD7BF, 0xCF9F, 0xC79F, 0xB77F, 0xA75F, 0xA73F, 0x9F1F, 0x971F, 0x8F1F, 0x8F1F,   // 0x29E0 (10720) pixels
0x971F, 0x9F3F, 0x971F, 0x96FF, 0x7E7E, 0x65FC, 0x559B, 0x557B, 0x559C, 0x5DDC, 0x663E, 0x6E7E, 0x459D, 0x249A, 0x34DB, 0x5D3B,   // 0x29F0 (10736) pixels
0x54F9, 0x44BA, 0x243A, 0x5476, 0x3309, 0x09E1, 0x01A0, 0x11E2, 0x436C, 0x01E1, 0x0280, 0x02C0, 0x0280, 0x0260, 0x0280, 0x01E1,   // 0x2A00 (10752) pixels
0x0CDF, 0x0CDF, 0x14DF, 0x0CBE, 0x0BFB, 0x3C9A, 0x5C75, 0x5C0F, 0x5C0F, 0x5C52, 0x5CB7, 0x54FA, 0x247A, 0x1C5A, 0x1C7A, 0x249B,   // 0x2A10 (10768) pixels
0x24BB, 0x3D3C, 0x5DFD, 0x6EBF, 0x76BF, 0x769E, 0x76BF, 0x8F1F, 0x9F5F, 0x973F, 0x973F, 0x973F, 0x973F, 0x973F, 0x86FF, 0x86FF,   // 0x2A20 (10784) pixels
0x8F1F, 0x8F1F, 0x973F, 0x9F3F, 0xA75F, 0xAF5F, 0xC79F, 0xCFBF, 0xD7BF, 0xDFBF, 0xE7DF, 0xEFDF, 0xEFFF, 0xD7BF, 0xCF9F, 0xD7BF,   // 0x2A30 (10800) pixels
0xDFBF, 0xDFBF, 0xE7DF, 0xF7FF, 0xF7FF, 0xFFFF, 0xFFFF, 0xFFFF, 0xFFFF, 0xF7DF, 0xEFDF, 0xF7DF, 0xF7FF, 0xFFFF, 0xFFFF, 0xFFFF,   // 0x2A40 (10816) pixels
0xFFFF, 0xFFFF, 0xF7FF, 0xEFDF, 0xEFDF, 0xEFDF, 0xEFDF, 0xFFFF, 0xFFFF, 0xFFFF, 0xF7FF, 0xEFDF, 0xEFDF, 0xDFBF, 0xD7BF, 0xD7BF,   // 0x2A50 (10832) pixels
0xCF9F, 0xC79F, 0xCF9F, 0xDFDF, 0xDFBF, 0xD7BF, 0xD7BF, 0xC79F, 0xBF7F, 0xB77F, 0xA73F, 0x9F3F, 0x971F, 0x8F1F, 0x871F, 0x86FF,   // 0x2A60 (10848) pixels
0x7EFF, 0x7EFF, 0x8F1F, 0x971F, 0x8F1F, 0x8F1F, 0x8F1F, 0x973F, 0x871F, 0x7EFF, 0x76DF, 0x76BF, 0x6E9F, 0x55FD, 0x351C, 0x249B,   // 0x2A70 (10864) pixels
0x1C7A, 0x1C9B, 0x1CBB, 0x1C5A, 0x2C9B, 0x551B, 0x5CFA, 0x4CDA, 0x2C3A, 0x6CD6, 0x32E8, 0x01C0, 0x01E0, 0x01C0, 0x32E7, 0x3417,   // 0x2A80 (10880) pixels
0x0CBE, 0x0CBF, 0x14DF, 0x14DF, 0x0C9D, 0x0C1B, 0x0BF9, 0x13F9, 0x13F9, 0x0BF9, 0x0BF9, 0x145A, 0x1CDC, 0x253D, 0x2D7E, 0x45FE,   // 0x2A90 (10896) pixels
0x667F, 0x66BF, 0x6EBF, 0x6EDF, 0x76DF, 0x7EDF, 0x8F1F, 0x8F1F, 0x8F1F, 0x8F1F, 0x973F, 0x973F, 0x86FF, 0x76DF, 0x76DF, 0x7EFF,   // 0x2AA0 (10912) pixels
0x86FF, 0x8F1F, 0x8F1F, 0x971F, 0x9F3F, 0xBF7F, 0xBF7F, 0xC79F, 0xCFBF, 0xD7BF, 0xDFBF, 0xE7DF, 0xCF9F, 0xC79F, 0xC79F, 0xCF9F,   // 0x2AB0 (10928) pixels
0xCF9F, 0xD7BF, 0xEFDF, 0xF7FF, 0xF7FF, 0xF7FF, 0xFFFF, 0xFFFF, 0xFFFF, 0xE7DF, 0xEFDF, 0xEFDF, 0xEFDF, 0xF7FF, 0xFFFF, 0xFFFF,   // 0x2AC0 (10944) pixels
0xFFFF, 0xFFFF, 0xF7DF, 0xE7DF, 0xE7DF, 0xE7DF, 0xE7BF, 0xF7FF, 0xF7FF, 0xF7FF, 0xEFDF, 0xE7DF, 0xE7DF, 0xDFBF, 0xCF9F, 0xCF9F,   // 0x2AD0 (10960) pixels
0xC79F, 0xBF7F, 0xBF7F, 0xBF9F, 0xD7BF, 0xD7BF, 0xCF9F, 0xC79F, 0xB77F, 0xAF5F, 0xAF5F, 0x9F3F, 0x8F1F, 0x871F, 0x86FF, 0x7EFF,   // 0x2AE0 (10976) pixels
0x76DF, 0x6EDF, 0x6EDF, 0x76DF, 0x8F1F, 0x8F1F, 0x86FF, 0x7EFF, 0x86FF, 0x86FF, 0x76DF, 0x6EBF, 0x669F, 0x5E9F, 0x5E7F, 0x567F,   // 0x2AF0 (10992) pixels
0x4E3F, 0x35DF, 0x2DDF, 0x2D7E, 0x1CBC, 0x145A, 0x143A, 0x143A, 0x143B, 0x141A, 0x345B, 0x4C99, 0x4C78, 0x4C9A, 0x1BDA, 0x03DC,   // 0x2B00 (11008) pixels
0x0CBE, 0x0CBF, 0x14DF, 0x14FF, 0x14FF, 0x14FE, 0x14BD, 0x149D, 0x14BD, 0x1CFD, 0x255E, 0x259F, 0x2DBF, 0x461F, 0x567F, 0x567F,   // 0x2B10 (11024) pixels
0x5E9F, 0x669F, 0x66BF, 0x6EBF, 0x76DF, 0x86FF, 0x7EFF, 0x7EFF, 0x86FF, 0x871F, 0x871F, 0x6EDF, 0x66BF, 0x6EBF, 0x6EDF, 0x76DF,   // 0x2B20 (11040) pixels
0x7EFF, 0x86FF, 0x871F, 0x973F, 0xB77F, 0xB77F, 0xBF7F, 0xC79F, 0xCFBF, 0xD7BF, 0xD7BF, 0xCF9F, 0xB77F, 0xBF7F, 0xC79F, 0xC79F,   // 0x2B30 (11056) pixels
0xC79F, 0xDFBF, 0xEFDF, 0xEFDF, 0xEFDF, 0xF7FF, 0xFFFF, 0xFFFF, 0xEFDF, 0xE7DF, 0xE7DF, 0xE7DF, 0xE7DF, 0xF7FF, 0xFFFF, 0xFFFF,   // 0x2B40 (11072) pixels
0xF7FF, 0xF7FF, 0xEFDF, 0xDFBF, 0xDFBF, 0xDFBF, 0xD7BF, 0xE7DF, 0xF7FF, 0xF7FF, 0xEFDF, 0xE7BF, 0xDFBF, 0xDFBF, 0xD7BF, 0xBF7F,   // 0x2B50 (11088) pixels
0xBF7F, 0xB77F, 0xAF7F, 0xAF7F, 0xBF9F, 0xCF9F, 0xC79F, 0xC79F, 0xB77F, 0xAF5F, 0xA75F, 0x9F3F, 0x8F1F, 0x7EFF, 0x7EFF, 0x76DF,   // 0x2B60 (11104) pixels
0x6EDF, 0x6EBF, 0x66BF, 0x5E9F, 0x66BF, 0x7EFF, 0x7EFF, 0x7EFF, 0x76DF, 0x76DF, 0x76DF, 0x76DF, 0x669F, 0x5E9F, 0x5E7F, 0x567F,   // 0x2B70 (11120) pixels
0x567F, 0x565F, 0x463F, 0x35FF, 0x2D9F, 0x257F, 0x255F, 0x1D5F, 0x1D1F, 0x149D, 0x0C1B, 0x03DB, 0x03DB, 0x03FB, 0x043D, 0x047E,   // 0x2B80 (11136) pixels
0x0C9E, 0x0CBF, 0x14DF, 0x14FF, 0x151F, 0x1D3F, 0x1D3F, 0x1D5F, 0x257F, 0x257F, 0x2DBF, 0x3DFF, 0x463F, 0x4E5F, 0x4E5F, 0x567F,   // 0x2B90 (11152) pixels
0x5E7F, 0x5E9F, 0x6EBF, 0x76DF, 0x76DF, 0x76DF, 0x76DF, 0x7EFF, 0x7EFF, 0x6EDF, 0x5E9F, 0x5E9F, 0x5E9F, 0x66BF, 0x66BF, 0x6EDF,   // 0x2BA0 (11168) pixels
0x76DF, 0x7EFF, 0x971F, 0xAF5F, 0xAF5F, 0xB77F, 0xBF7F, 0xC79F, 0xC79F, 0xCF9F, 0xC79F, 0xAF5F, 0xAF5F, 0xB77F, 0xB77F, 0xBF7F,   // 0x2BB0 (11184) pixels
0xC79F, 0xDFBF, 0xE7DF, 0xE7DF, 0xEFDF, 0xF7FF, 0xF7FF, 0xF7FF, 0xDFBF, 0xD7BF, 0xD7BF, 0xD7BF, 0xD7BF, 0xF7DF, 0xFFFF, 0xF7FF,   // 0x2BC0 (11200) pixels
0xF7DF, 0xF7FF, 0xEFDF, 0xD7BF, 0xD7BF, 0xCF9F, 0xCF9F, 0xD7BF, 0xEFFF, 0xEFDF, 0xEFDF, 0xDFBF, 0xD7BF, 0xD7BF, 0xCFBF, 0xB77F,   // 0x2BD0 (11216) pixels
0xAF7F, 0xAF5F, 0xA75F, 0xA75F, 0x9F3F, 0xB77F, 0xC79F, 0xBF7F, 0xBF7F, 0xAF5F, 0x9F5F, 0x9F3F, 0x973F, 0x871F, 0x6EDF, 0x6EBF,   // 0x2BE0 (11232) pixels
0x6EBF, 0x66BF, 0x5EBF, 0x5E9F, 0x569F, 0x567F, 0x66BF, 0x76FF, 0x76DF, 0x6EBF, 0x66BF, 0x66BF, 0x6EBF, 0x669F, 0x5E9F, 0x567F,   // 0x2BF0 (11248) pixels
0x567F, 0x565F, 0x4E5F, 0x463F, 0x3DFF, 0x259F, 0x1D5F, 0x1D5F, 0x1D3F, 0x151F, 0x14FF, 0x14DF, 0x0CBF, 0x0CBF, 0x04BF, 0x049F,   // 0x2C00 (11264) pixels
0x049E, 0x0CBF, 0x14DF, 0x14FF, 0x1D1F, 0x1D3F, 0x1D3F, 0x1D5F, 0x259F, 0x35DF, 0x3DFF, 0x3E1F, 0x463F, 0x463F, 0x4E5F, 0x567F,   // 0x2C10 (11280) pixels
0x567F, 0x66BF, 0x6EBF, 0x66BF, 0x6EBF, 0x6EBF, 0x76DF, 0x6EDF, 0x5E9F, 0x4E7F, 0x567F, 0x567F, 0x5E9F, 0x5E9F, 0x66BF, 0x6EBF,   // 0x2C20 (11296) pixels
0x6EDF, 0x871F, 0x9F3F, 0xA75F, 0xAF5F, 0xAF5F, 0xB77F, 0xBF7F, 0xC79F, 0xBF9F, 0x9F3F, 0xA75F, 0xA75F, 0xAF5F, 0xAF7F, 0xAF7F,   // 0x2C30 (11312) pixels
0xCF9F, 0xDFBF, 0xDFBF, 0xDFBF, 0xEFDF, 0xF7FF, 0xF7FF, 0xEFDF, 0xCF9F, 0xCF9F, 0xCF9F, 0xCF9F, 0xCF9F, 0xEFDF, 0xF7FF, 0xF7FF,   // 0x2C40 (11328) pixels
0xEFDF, 0xEFDF, 0xEFDF, 0xC79F, 0xC79F, 0xC79F, 0xC79F, 0xBF7F, 0xE7DF, 0xE7DF, 0xE7DF, 0xDFBF, 0xCF9F, 0xCF9F, 0xC79F, 0xBF7F,   // 0x2C50 (11344) pixels
0xA75F, 0xA75F, 0x9F3F, 0x973F, 0x973F, 0x8F3F, 0xB77F, 0xB77F, 0xB77F, 0xB77F, 0xA75F, 0x973F, 0x973F, 0x8F1F, 0x7EDF, 0x669F,   // 0x2C60 (11360) pixels
0x66BF, 0x5EBF, 0x5E9F, 0x569F, 0x567F, 0x4E5F, 0x4E5F, 0x4E7F, 0x66BF, 0x6EBF, 0x66BF, 0x669F, 0x5E9F, 0x5E9F, 0x6EBF, 0x6EDF,   // 0x2C70 (11376) pixels
0x7EBF, 0x5E7F, 0x4E5F, 0x463F, 0x3E1F, 0x35FF, 0x2DBF, 0x257F, 0x1D3F, 0x1D3F, 0x1D1F, 0x14FF, 0x14DF, 0x0CBF, 0x049F, 0x049F,   // 0x2C80 (11392) pixels
0x04BE, 0x0CBF, 0x14DF, 0x14FF, 0x1D1F, 0x1D3F, 0x255F, 0x2DBF, 0x35FF, 0x3DFF, 0x3DFF, 0x3E1F, 0x3E1F, 0x463F, 0x4E5F, 0x567F,   // 0x2C90 (11408) pixels
0x5E9F, 0x5E9F, 0x5E9F, 0x669F, 0x66BF, 0x6EBF, 0x567F, 0x465F, 0x4E5F, 0x4E7F, 0x4E7F, 0x567F, 0x567F, 0x5E9F, 0x66BF, 0x66BF,   // 0x2CA0 (11424) pixels
0x7EFF, 0x973F, 0x9F3F, 0x9F3F, 0xA75F, 0xAF5F, 0xB77F, 0xB77F, 0xBF9F, 0x8F1F, 0x8F1F, 0x973F, 0x9F3F, 0x9F5F, 0xA75F, 0xAF7F,   // 0x2CB0 (11440) pixels
0xCFBF, 0xD7BF, 0xD79F, 0xD7BF, 0xEFDF, 0xEFDF, 0xEFDF, 0xDFBF, 0xBF9F, 0xC79F, 0xC79F, 0xC79F, 0xC79F, 0xEFFF, 0xEFFF, 0xEFDF,   // 0x2CC0 (11456) pixels
0xE7DF, 0xE7DF, 0xE7DF, 0xBF7F, 0xBF7F, 0xBF7F, 0xB77F, 0xB77F, 0xCFBF, 0xE7DF, 0xDFBF, 0xDFBF, 0xCF9F, 0xC79F, 0xBF7F, 0xBF7F,   // 0x2CD0 (11472) pixels
0xA75F, 0x973F, 0x973F, 0x8F3F, 0x8F1F, 0x871F, 0x871F, 0xAF7F, 0xAF7F, 0xAF5F, 0xA75F, 0x973F, 0x8F1F, 0x871F, 0x86FF, 0x76DF,   // 0x2CE0 (11488) pixels
0x5E9F, 0x5E9F, 0x569F, 0x567F, 0x4E7F, 0x4E5F, 0x465F, 0x463F, 0x3E3F, 0x4E5F, 0x5E9F, 0x5E9F, 0x5E9F, 0x5E9F, 0x5E9F, 0x9F3F,   // 0x2CF0 (11504) pixels
0xEFBF, 0x6EBF, 0x4E5F, 0x461F, 0x3E1F, 0x35FF, 0x35DF, 0x35DF, 0x2D9F, 0x255F, 0x1D1F, 0x14FF, 0x14DF, 0x0CBF, 0x049F, 0x047F,   // 0x2D00 (11520) pixels
0x04BE, 0x0CBF, 0x0CBF, 0x14FF, 0x1D3F, 0x257F, 0x2DBF, 0x35DF, 0x35FF, 0x35FF, 0x3DFF, 0x3E1F, 0x461F, 0x463F, 0x4E5F, 0x4E5F,   // 0x2D10 (11536) pixels
0x4E5F, 0x567F, 0x5E9F, 0x5E9F, 0x5E9F, 0x463F, 0x3E1F, 0x463F, 0x465F, 0x465F, 0x4E5F, 0x4E7F, 0x567F, 0x5E9F, 0x5EBF, 0x7EFF,   // 0x2D20 (11552) pixels
0x8F1F, 0x973F, 0x973F, 0x973F, 0xA75F, 0xAF5F, 0xAF5F, 0xAF5F, 0x8F1F, 0x7EFF, 0x86FF, 0x871F, 0x8F1F, 0x973F, 0x973F, 0xBF7F,   // 0x2D30 (11568) pixels
0xCF9F, 0xCF9F, 0xCF9F, 0xD7BF, 0xE7DF, 0xE7DF, 0xE7DF, 0xC79F, 0xB77F, 0xB77F, 0xB77F, 0xBF7F, 0xBF7F, 0xEFFF, 0xEFDF, 0xEFDF,   // 0x2D40 (11584) pixels
0xDFBF, 0xDFBF, 0xDFBF, 0xB77F, 0xB77F, 0xB77F, 0xAF5F, 0xAF5F, 0xB77F, 0xDFBF, 0xD7BF, 0xD7BF, 0xCF9F, 0xB77F, 0xB77F, 0xB77F,   // 0x2D50 (11600) pixels
0xAF7F, 0x8F1F, 0x871F, 0x871F, 0x86FF, 0x7F1F, 0x76FF, 0x7EFF, 0xA75F, 0xA75F, 0x9F3F, 0x9F3F, 0x8F1F, 0x86FF, 0x7EFF, 0x7EFF,   // 0x2D60 (11616) pixels
0x76DF, 0x569F, 0x567F, 0x4E7F, 0x4E5F, 0x465F, 0x463F, 0x3E3F, 0x3E1F, 0x3E1F, 0x3E1F, 0x567F, 0x5E9F, 0x567F, 0x567F, 0x5E9F,   // 0x2D70 (11632) pixels
0x6EBF, 0x5E9F, 0x5E7F, 0x463F, 0x3DFF, 0x35DF, 0x35DF, 0x35DF, 0x2DBF, 0x2D9F, 0x259F, 0x1D3F, 0x14DF, 0x0CBF, 0x047F, 0x047F,   // 0x2D80 (11648) pixels
0x0CBE, 0x0CBF, 0x14FF, 0x255F, 0x2D9F, 0x2D9F, 0x2DBF, 0x35DF, 0x35DF, 0x35FF, 0x3DFF, 0x3E1F, 0x463F, 0x463F, 0x463F, 0x4E5F,   // 0x2D90 (11664) pixels
0x4E5F, 0x567F, 0x567F, 0x463F, 0x35FF, 0x3E1F, 0x3E1F, 0x3E1F, 0x463F, 0x465F, 0x4E5F, 0x4E7F, 0x569F, 0x5E9F, 0x76FF, 0x871F,   // 0x2DA0 (11680) pixels
0x8F1F, 0x8F3F, 0x8F3F, 0x9F3F, 0x9F3F, 0xA75F, 0xAF5F, 0x8F1F, 0x76FF, 0x76FF, 0x7EFF, 0x7EFF, 0x871F, 0x871F, 0x9F5F, 0xC79F,   // 0x2DB0 (11696) pixels
0xC79F, 0xC79F, 0xC79F, 0xDFBF, 0xDFBF, 0xDFBF, 0xDFBF, 0xAF5F, 0xAF5F, 0xAF5F, 0xAF7F, 0xB77F, 0xB77F, 0xE7DF, 0xE7DF, 0xE7DF,   // 0x2DC0 (11712) pixels
0xD7BF, 0xD7BF, 0xD7BF, 0xB77F, 0xA75F, 0xA75F, 0x9F5F, 0xA75F, 0xA75F, 0xD7BF, 0xD7BF, 0xCF9F, 0xCFBF, 0xB75F, 0xAF5F, 0xAF5F,   // 0x2DD0 (11728) pixels
0xAF5F, 0x973F, 0x7EFF, 0x7EFF, 0x76FF, 0x76FF, 0x6EDF, 0x6EDF, 0x86FF, 0x9F5F, 0x9F3F, 0x973F, 0x973F, 0x7EFF, 0x7EFF, 0x76DF,   // 0x2DE0 (11744) pixels
0x76DF, 0x6EDF, 0x567F, 0x4E5F, 0x465F, 0x463F, 0x3E3F, 0x3E1F, 0x3E1F, 0x3E1F, 0x3E1F, 0x35FF, 0x3E1F, 0x567F, 0x567F, 0x567F,   // 0x2DF0 (11760) pixels
0x4E5F, 0x4E3F, 0x463F, 0x4E3F, 0x463F, 0x3DFF, 0x35DF, 0x2DBF, 0x2D9F, 0x2D9F, 0x2D7F, 0x257F, 0x253F, 0x14DF, 0x0C9F, 0x047F,   // 0x2E00 (11776) pixels
0x0CDE, 0x1D3F, 0x255F, 0x257F, 0x2D7F, 0x2D9F, 0x2DBF, 0x2DBF, 0x35DF, 0x35DF, 0x3DFF, 0x3E1F, 0x3E1F, 0x463F, 0x463F, 0x465F,   // 0x2E10 (11792) pixels
0x4E5F, 0x463F, 0x35DF, 0x35DF, 0x35FF, 0x35FF, 0x35FF, 0x3E1F, 0x3E1F, 0x463F, 0x463F, 0x465F, 0x4E7F, 0x76DF, 0x7EFF, 0x871F,   // 0x2E20 (11808) pixels
0x871F, 0x8F1F, 0x973F, 0x973F, 0x9F3F, 0x9F3F, 0x8F1F, 0x6EDF, 0x76DF, 0x76FF, 0x7F1F, 0x7EFF, 0x7EFF, 0x7EFF, 0xB77F, 0xBF7F,   // 0x2E30 (11824) pixels
0xBF7F, 0xBF9F, 0xCFBF, 0xDFBF, 0xD7BF, 0xD7BF, 0xC79F, 0x9F3F, 0x9F3F, 0xA75F, 0xA75F, 0xA75F, 0xB77F, 0xDFBF, 0xDFBF, 0xDFBF,   // 0x2E40 (11840) pixels
0xCF9F, 0xCF9F, 0xCFBF, 0xAF7F, 0x9F5F, 0x9F3F, 0x973F, 0x973F, 0x973F, 0xB77F, 0xC79F, 0xC79F, 0xCF9F, 0xB77F, 0xA75F, 0xA75F,   // 0x2E50 (11856) pixels
0xA73F, 0x9F3F, 0x7EFF, 0x76DF, 0x6EDF, 0x6EDF, 0x66DF, 0x66DF, 0x66BF, 0x871F, 0x973F, 0x971F, 0x8F1F, 0x871F, 0x76FF, 0x76DF,   // 0x2E60 (11872) pixels
0x6EDF, 0x6EBF, 0x6EBF, 0x4E5F, 0x463F, 0x3E3F, 0x3E1F, 0x3E1F, 0x35FF, 0x35FF, 0x35FF, 0x35DF, 0x35DF, 0x35DF, 0x463F, 0x4E5F,   // 0x2E70 (11888) pixels
0x4E3F, 0x461F, 0x461F, 0x3E1F, 0x3DFF, 0x3DFF, 0x3DFF, 0x35DF, 0x2DBF, 0x2D9F, 0x257F, 0x255F, 0x253F, 0x1D1F, 0x14FF, 0x0CBF,   // 0x2E80 (11904) pixels
0x1D3E, 0x1D3F, 0x1D5F, 0x255F, 0x257F, 0x257F, 0x2D9F, 0x2DBF, 0x35DF, 0x35DF, 0x35FF, 0x3E1F, 0x3E1F, 0x461F, 0x463F, 0x463F,   // 0x2E90 (11920) pixels
0x35FF, 0x2DBF, 0x2DBF, 0x2DDF, 0x35FF, 0x35FF, 0x35FF, 0x35FF, 0x3E1F, 0x3E3F, 0x463F, 0x465F, 0x6EDF, 0x76DF, 0x7EFF, 0x7EFF,   // 0x2EA0 (11936) pixels
0x86FF, 0x8F1F, 0x973F, 0x973F, 0x973F, 0x971F, 0x66DF, 0x66DF, 0x6EDF, 0x6EDF, 0x6EFF, 0x76FF, 0x76FF, 0x973F, 0xAF5F, 0xB77F,   // 0x2EB0 (11952) pixels
0xB77F, 0xB77F, 0xD7BF, 0xD7BF, 0xCFBF, 0xCFBF, 0xAF5F, 0x973F, 0x973F, 0x973F, 0x973F, 0x9F5F, 0xAF7F, 0xD7BF, 0xD7BF, 0xD7BF,   // 0x2EC0 (11968) pixels
0xC79F, 0xC79F, 0xC79F, 0xAF5F, 0x973F, 0x973F, 0x8F1F, 0x871F, 0x871F, 0x973F, 0xBF7F, 0xBF7F, 0xBF7F, 0xBF7F, 0xA73F, 0x9F3F,   // 0x2ED0 (11984) pixels
0x9F3F, 0x9F3F, 0x8F1F, 0x6EDF, 0x6EDF, 0x66BF, 0x5EBF, 0x5EBF, 0x5EBF, 0x569F, 0x871F, 0x8F1F, 0x8F1F, 0x871F, 0x7EFF, 0x6EDF,   // 0x2EE0 (12000) pixels
0x6EBF, 0x66BF, 0x66BF, 0x669F, 0x465F, 0x3E1F, 0x35FF, 0x35FF, 0x35FF, 0x35FF, 0x35FF, 0x2DDF, 0x2DBF, 0x2DBF, 0x2DBF, 0x35DF,   // 0x2EF0 (12016) pixels
0x461F, 0x461F, 0x3E1F, 0x3DFF, 0x35FF, 0x35DF, 0x35DF, 0x3DFF, 0x35DF, 0x2DBF, 0x2D9F, 0x255F, 0x253F, 0x1D1F, 0x1D1F, 0x14FF,   // 0x2F00 (12032) pixels
0x1D5F, 0x1D5F, 0x1D5F, 0x255F, 0x257F, 0x257F, 0x2D9F, 0x2DBF, 0x2DBF, 0x2DDF, 0x35DF, 0x35FF, 0x3E1F, 0x3E1F, 0x3DFF, 0x2DBF,   // 0x2F10 (12048) pixels
0x2DBF, 0x2DBF, 0x2DBF, 0x2DDF, 0x2DDF, 0x2DDF, 0x35FF, 0x35FF, 0x3E1F, 0x3E1F, 0x465F, 0x66BF, 0x6EDF, 0x76DF, 0x76DF, 0x7EFF,   // 0x2F20 (12064) pixels
0x871F, 0x8F1F, 0x8F1F, 0x8F1F, 0x8F1F, 0x5EBF, 0x5EBF, 0x5EBF, 0x66BF, 0x66DF, 0x66DF, 0x6EDF, 0x76FF, 0xA75F, 0xAF5F, 0xAF5F,   // 0x2F30 (12080) pixels
0xAF7F, 0xB77F, 0xD7BF, 0xCF9F, 0xCF9F, 0xC79F, 0x973F, 0x8F1F, 0x8F3F, 0x8F3F, 0x8F3F, 0x8F3F, 0xA75F, 0xCFBF, 0xCF9F, 0xCF9F,   // 0x2F40 (12096) pixels
0xB77F, 0xB77F, 0xBF7F, 0xA75F, 0x8F1F, 0x871F, 0x871F, 0x7EFF, 0x7EFF, 0x7EFF, 0xB77F, 0xB77F, 0xB77F, 0xBF7F, 0xA75F, 0x9F3F,   // 0x2F50 (12112) pixels
0x973F, 0x973F, 0x973F, 0x76DF, 0x66BF, 0x5EBF, 0x569F, 0x569F, 0x569F, 0x569F, 0x569F, 0x86FF, 0x871F, 0x86FF, 0x7EFF, 0x76DF,   // 0x2F60 (12128) pixels
0x66BF, 0x66BF, 0x66BF, 0x66BF, 0x5E9F, 0x463F, 0x35FF, 0x35FF, 0x35FF, 0x35FF, 0x35FF, 0x2DDF, 0x2DBF, 0x2DBF, 0x2DBF, 0x2D9F,   // 0x2F70 (12144) pixels
0x2D9F, 0x35FF, 0x3E1F, 0x35FF, 0x35DF, 0x35DF, 0x35DF, 0x35DF, 0x35DF, 0x35DF, 0x4E1F, 0x255F, 0x255F, 0x1D3F, 0x1D1F, 0x14FF,   // 0x2F80 (12160) pixels
0x1D3E, 0x1D5F, 0x1D5F, 0x255F, 0x257F, 0x257F, 0x2D9F, 0x2DBF, 0x2DBF, 0x2DBF, 0x2DDF, 0x35DF, 0x35FF, 0x2DBF, 0x259F, 0x2D9F,   // 0x2F90 (12176) pixels
0x2D9F, 0x2D9F, 0x2DBF, 0x2DBF, 0x2DBF, 0x2DDF, 0x35DF, 0x35FF, 0x35FF, 0x463F, 0x66BF, 0x66BF, 0x6EBF, 0x6EDF, 0x6EDF, 0x7EFF,   // 0x2FA0 (12192) pixels
0x871F, 0x871F, 0x871F, 0x8F1F, 0x5E9F, 0x569F, 0x569F, 0x5EBF, 0x5EBF, 0x5EBF, 0x66DF, 0x66DF, 0x8F3F, 0xA75F, 0xA75F, 0xA75F,   // 0x2FB0 (12208) pixels
0xAF5F, 0xC79F, 0xCF9F, 0xC79F, 0xC79F, 0xB77F, 0x871F, 0x871F, 0x871F, 0x871F, 0x871F, 0x871F, 0xA75F, 0xC79F, 0xC79F, 0xC79F,   // 0x2FC0 (12224) pixels
0xAF5F, 0xAF5F, 0xB75F, 0xA75F, 0x871F, 0x7F1F, 0x7EFF, 0x76FF, 0x76DF, 0x76DF, 0xA75F, 0xAF5F, 0xAF5F, 0xB77F, 0xAF5F, 0x973F,   // 0x2FD0 (12240) pixels
0x973F, 0x973F, 0x973F, 0x871F, 0x5EBF, 0x569F, 0x567F, 0x4E7F, 0x4E7F, 0x4E7F, 0x4E7F, 0x569F, 0x871F, 0x7EFF, 0x7EFF, 0x76DF,   // 0x2FE0 (12256) pixels
0x6EBF, 0x66BF, 0x66BF, 0x5EBF, 0x5E9F, 0x5E9F, 0x463F, 0x35FF, 0x35FF, 0x35FF, 0x2DDF, 0x2DDF, 0x2DBF, 0x2DBF, 0x2DBF, 0x2DBF,   // 0x2FF0 (12272) pixels
0x259F, 0x257F, 0x257F, 0x35DF, 0x35DF, 0x35DF, 0x35DF, 0x35BF, 0x35BF, 0x2DBF, 0x35BF, 0x257F, 0x255F, 0x1D3F, 0x151F, 0x14FF,   // 0x3000 (12288) pixels
0x151E, 0x1D3F, 0x1D5F, 0x255F, 0x255F, 0x257F, 0x257F, 0x2D9F, 0x2D9F, 0x2DBF, 0x2DDF, 0x2DBF, 0x257F, 0x257F, 0x259F, 0x259F,   // 0x3010 (12304) pixels
0x259F, 0x259F, 0x259F, 0x2D9F, 0x2DBF, 0x2DDF, 0x2DDF, 0x35FF, 0x465F, 0x66BF, 0x66BF, 0x66BF, 0x66BF, 0x6EBF, 0x6EDF, 0x7EFF,   // 0x3020 (12320) pixels
0x871F, 0x871F, 0x871F, 0x66DF, 0x4E7F, 0x569F, 0x56BF, 0x56BF, 0x569F, 0x569F, 0x5EBF, 0x76FF, 0x9F5F, 0x9F5F, 0x9F5F, 0x9F3F,   // 0x3030 (12336) pixels
0x973F, 0xAF3F, 0x96FF, 0x96DF, 0x8EDF, 0x6E9F, 0x563F, 0x4E1F, 0x45FF, 0x3DDF, 0x3DDF, 0x3DFF, 0x4DFF, 0x55FF, 0x55FF, 0x55FF,   // 0x3040 (12352) pixels
0x4DBF, 0x4DDF, 0x55FF, 0x4DDF, 0x3DBF, 0x3DBF, 0x3DBF, 0x3DBF, 0x45DF, 0x45DF, 0x561F, 0x767F, 0x7E9F, 0x86BF, 0x96DF, 0x86DF,   // 0x3050 (12368) pixels
0x86FF, 0x8F1F, 0x8F1F, 0x8F3F, 0x6EFF, 0x569F, 0x4E7F, 0x4E7F, 0x4E7F, 0x4E7F, 0x4E7F, 0x4E7F, 0x5EBF, 0x7EFF, 0x7EFF, 0x76DF,   // 0x3060 (12384) pixels
0x6EDF, 0x6EBF, 0x66BF, 0x5E9F, 0x5E9F, 0x5E9F, 0x567F, 0x463F, 0x35FF, 0x35FF, 0x2DFF, 0x2DDF, 0x2DBF, 0x2DBF, 0x4E3F, 0x2DBF,   // 0x3070 (12400) pixels
0x259F, 0x257F, 0x255F, 0x255F, 0x35BF, 0x35DF, 0x35DF, 0x35BF, 0x2DBF, 0x2D9F, 0x2D9F, 0x257F, 0x255F, 0x1D3F, 0x1D1F, 0x14FF,   // 0x3080 (12416) pixels
0x0CFE, 0x151F, 0x1D3F, 0x1D5F, 0x255F, 0x257F, 0x257F, 0x259F, 0x2D9F, 0x2D9F, 0x257F, 0x1D5F, 0x257F, 0x257F, 0x257F, 0x257F,   // 0x3090 (12432) pixels
0x257F, 0x257F, 0x259F, 0x259F, 0x2DBF, 0x2DBF, 0x2DDF, 0x463F, 0x5E9F, 0x669F, 0x66BF, 0x66BF, 0x66BF, 0x6EDF, 0x76DF, 0x76FF,   // 0x30A0 (12448) pixels
0x7EFF, 0x7F1F, 0x6EDF, 0x361F, 0x35FF, 0x3DFF, 0x35DF, 0x359F, 0x255F, 0x1D3F, 0x1D1F, 0x1CFF, 0x14FF, 0x0CDF, 0x0CDF, 0x04DF,   // 0x30B0 (12464) pixels
0x04DF, 0x0CDF, 0x0CFF, 0x151F, 0x1D3F, 0x255F, 0x355F, 0x355F, 0x3D7F, 0x457F, 0x4D9F, 0x55DF, 0x5DDF, 0x5DDF, 0x5DDF, 0x5DDF,   // 0x30C0 (12480) pixels
0x5DDF, 0x5DBF, 0x5DBF, 0x5DBF, 0x559F, 0x559F, 0x4D7F, 0x453F, 0x3D1F, 0x351F, 0x2CFF, 0x1CDF, 0x149F, 0x0C7F, 0x0C5E, 0x043E,   // 0x30D0 (12496) pixels
0x03FE, 0x03FE, 0x0C1E, 0x141E, 0x143E, 0x147E, 0x1C9E, 0x24DE, 0x251E, 0x2D5E, 0x357F, 0x35BF, 0x35DF, 0x5E7F, 0x76DF, 0x6EDF,   // 0x30E0 (12512) pixels
0x6EBF, 0x6EBF, 0x66BF, 0x5E9F, 0x567F, 0x567F, 0x567F, 0x567F, 0x463F, 0x35FF, 0x35FF, 0x35DF, 0x2DDF, 0x2DDF, 0x2DDF, 0x2DBF,   // 0x30F0 (12528) pixels
0x259F, 0x257F, 0x257F, 0x255F, 0x257F, 0x257F, 0x2DBF, 0x2DBF, 0x2D9F, 0x2D9F, 0x257F, 0x255F, 0x253F, 0x1D3F, 0x1D1F, 0x14FF,   // 0x3100 (12544) pixels
0x0CDE, 0x14FF, 0x1D3F, 0x1D5F, 0x1D5F, 0x257F, 0x257F, 0x2D9F, 0x257F, 0x1D3F, 0x1D3F, 0x1D5F, 0x255F, 0x257F, 0x257F, 0x257F,   // 0x3110 (12560) pixels
0x257F, 0x259F, 0x259F, 0x25BF, 0x2DBF, 0x2DDF, 0x3E3F, 0x5E9F, 0x5E9F, 0x5E9F, 0x5E9F, 0x563F, 0x45BF, 0x3D7F, 0x351E, 0x24DF,   // 0x3120 (12576) pixels
0x1C7F, 0x0C3E, 0x03FF, 0x03FF, 0x041E, 0x145E, 0x249E, 0x3CFE, 0x557F, 0x6DDF, 0x863F, 0x9E9F, 0xAEDF, 0xBF1F, 0xC75F, 0xDF7F,   // 0x3130 (12592) pixels
0xE7BF, 0xF7DF, 0xFFFF, 0xFFFF, 0xFFFF, 0xFFFF, 0xFFFF, 0xF7FF, 0xEFDF, 0xE79F, 0xDF9F, 0xDF9F, 0xDF7F, 0xD75F, 0xD75F, 0xD75F,   // 0x3140 (12608) pixels
0xD75F, 0xCF5F, 0xCF5F, 0xD75F, 0xD77F, 0xDF7F, 0xDF7F, 0xE79F, 0xEFBF, 0xF7DF, 0xFFFF, 0xFFFF, 0xFFFF, 0xFFFF, 0xF7DF, 0xE79F,   // 0x3150 (12624) pixels
0xDF7F, 0xCF1F, 0xBEFF, 0xAE9F, 0x963E, 0x7DBE, 0x6D3E, 0x54FE, 0x44DE, 0x2C5E, 0x13FE, 0x0BDE, 0x039E, 0x039E, 0x0B9E, 0x13FE,   // 0x3160 (12640) pixels
0x245E, 0x2CBE, 0x3D3E, 0x3D5E, 0x45BF, 0x4E3F, 0x567F, 0x567F, 0x567F, 0x463F, 0x35FF, 0x35FF, 0x35DF, 0x35DF, 0x2DDF, 0x2DBF,   // 0x3170 (12656) pixels
0x259F, 0x259F, 0x257F, 0x257F, 0x257F, 0x1D5F, 0x1D3F, 0x257F, 0x2D9F, 0x2D7F, 0x257F, 0x255F, 0x253F, 0x1D1F, 0x14FF, 0x14FF,   // 0x3180 (12672) pixels
0x0CDE, 0x14FF, 0x1D1F, 0x1D3F, 0x1D5F, 0x257F, 0x257F, 0x1D1F, 0x14FF, 0x151F, 0x1D1F, 0x1D3F, 0x1D5F, 0x257F, 0x257F, 0x257F,   // 0x3190 (12688) pixels
0x259F, 0x259F, 0x25BF, 0x25BF, 0x257F, 0x2D5E, 0x2CFE, 0x24BE, 0x1C3E, 0x0BDE, 0x039E, 0x039E, 0x13DE, 0x2C7E, 0x4D1E, 0x6D9F,   // 0x31A0 (12704) pixels
0x8E1F, 0xA69F, 0xC6FF, 0xDF7F, 0xF7BF, 0xF7DF, 0xEF9F, 0xDF5F, 0xC71F, 0xB6DF, 0x9E9F, 0x8E7F, 0x7E5F, 0x6E1F, 0x5DFF, 0x4DDF,   // 0x31B0 (12720) pixels
0x459F, 0x357F, 0x255F, 0x1D3F, 0x151F, 0x0CFF, 0x0CFF, 0x0CFF, 0x04DF, 0x04BF, 0x04BF, 0x04BF, 0x04BF, 0x049F, 0x049F, 0x04BF,   // 0x31C0 (12736) pixels
0x04BF, 0x049F, 0x049F, 0x049F, 0x049F, 0x047F, 0x047F, 0x045F, 0x045F, 0x047F, 0x0C7E, 0x149E, 0x1CDF, 0x24FF, 0x2D1F, 0x3D3F,   // 0x31D0 (12752) pixels
0x4D5F, 0x5D9F, 0x6DBE, 0x7DDE, 0x8E1F, 0x9E5F, 0xB69F, 0xC6FF, 0xDF5F, 0xEF9F, 0xF7DF, 0xF7DF, 0xDF7F, 0xC6FF, 0xAE7E, 0x8DFE,   // 0x31E0 (12768) pixels
0x757E, 0x54FE, 0x343D, 0x1BBD, 0x033D, 0x031D, 0x031C, 0x139C, 0x241D, 0x2C9D, 0x2D3E, 0x2D7F, 0x2DDF, 0x2DDF, 0x2DBF, 0x2DBF,   // 0x31F0 (12784) pixels
0x2D9F, 0x259F, 0x259F, 0x257F, 0x257F, 0x1D5F, 0x1D3F, 0x1D3F, 0x1D3F, 0x255F, 0x255F, 0x255F, 0x253F, 0x1D1F, 0x1CFF, 0x14FF,   // 0x3200 (12800) pixels
0x0CDE, 0x14FF, 0x1D1F, 0x1D3F, 0x1D5F, 0x1D3F, 0x14FF, 0x14FF, 0x14FF, 0x151F, 0x151F, 0x1D3F, 0x1D5F, 0x257F, 0x257F, 0x1CFF,   // 0x3210 (12816) pixels
0x147E, 0x0C1E, 0x039D, 0x031D, 0x02FD, 0x0B5D, 0x341D, 0x5CFE, 0x85BE, 0xA65E, 0xC6FF, 0xE77F, 0xF7BF, 0xEF9F, 0xCF3F, 0xAE9F,   // 0x3220 (12832) pixels
0x8E1F, 0x759F, 0x5D3E, 0x44DE, 0x2C7F, 0x141E, 0x03FE, 0x041E, 0x045E, 0x047F, 0x047F, 0x049E, 0x04BF, 0x04BF, 0x04DF, 0x04DF,   // 0x3230 (12848) pixels
0x04BF, 0x04BF, 0x04DF, 0x04BF, 0x043E, 0x03DC, 0x045D, 0x04DF, 0x04BF, 0x04BF, 0x04BF, 0x049F, 0x049F, 0x047E, 0x047E, 0x047F,   // 0x3240 (12864) pixels
0x047F, 0x047F, 0x047F, 0x047E, 0x047E, 0x045E, 0x045E, 0x045E, 0x045E, 0x045E, 0x045E, 0x045E, 0x045E, 0x045E, 0x045E, 0x045E,   // 0x3250 (12880) pixels
0x043E, 0x041E, 0x041E, 0x03FE, 0x03DE, 0x03DE, 0x03BE, 0x039E, 0x037E, 0x037E, 0x13BE, 0x2C1E, 0x3C7E, 0x54DE, 0x6D5E, 0x8DDE,   // 0x3260 (12896) pixels
0xA67F, 0xC6FF, 0xE77F, 0xF7BF, 0xEF9F, 0xCF1E, 0xAE3E, 0x857D, 0x5CBD, 0x3BDC, 0x12FC, 0x029C, 0x029B, 0x02DB, 0x139C, 0x1C3D,   // 0x3270 (12912) pixels
0x1CBE, 0x255F, 0x259F, 0x259F, 0x257F, 0x255F, 0x1D5F, 0x1D3F, 0x1D1F, 0x1D1F, 0x1D3F, 0x255F, 0x255F, 0x1D3F, 0x1D1F, 0x14FF,   // 0x3280 (12928) pixels
0x0CDE, 0x14FF, 0x1D1F, 0x1D3F, 0x14FF, 0x14DF, 0x14FF, 0x14FF, 0x151F, 0x151F, 0x149E, 0x0C1E, 0x0BBD, 0x035D, 0x033D, 0x033E,   // 0x3290 (12944) pixels
0x23DD, 0x549E, 0x7D7E, 0xAE5E, 0xD71F, 0xF7DF, 0xEFBF, 0xC6FF, 0x9E3F, 0x7DBF, 0x54FF, 0x347F, 0x141F, 0x03DF, 0x03DF, 0x03BF,   // 0x32A0 (12960) pixels
0x03BE, 0x03BE, 0x03BE, 0x03DE, 0x03FE, 0x03FE, 0x03FE, 0x043E, 0x045E, 0x047F, 0x047F, 0x049E, 0x049F, 0x049F, 0x04BF, 0x04BF,   // 0x32B0 (12976) pixels
0x04BF, 0x049F, 0x041D, 0x4210, 0xA2E9, 0xC3CA, 0x9AE9, 0x3A11, 0x041D, 0x04BF, 0x049F, 0x049E, 0x047E, 0x045E, 0x045E, 0x047E,   // 0x32C0 (12992) pixels
0x045E, 0x047E, 0x047E, 0x047E, 0x045E, 0x045E, 0x045E, 0x045E, 0x045E, 0x043E, 0x043E, 0x043E, 0x043E, 0x043E, 0x043E, 0x043E,   // 0x32D0 (13008) pixels
0x041E, 0x03FE, 0x03FE, 0x03DE, 0x03DE, 0x03BE, 0x03BE, 0x039E, 0x039E, 0x037E, 0x037E, 0x037E, 0x035E, 0x035E, 0x035E, 0x035E,   // 0x32E0 (13024) pixels
0x039E, 0x039E, 0x037E, 0x0BBE, 0x2C1E, 0x4CBE, 0x6D3E, 0x95DE, 0xB69E, 0xDF5F, 0xF7DF, 0xDF3F, 0xB65E, 0x853C, 0x5C5C, 0x337B,   // 0x32F0 (13040) pixels
0x0A7A, 0x023A, 0x027A, 0x0B3B, 0x13DC, 0x147D, 0x1D1F, 0x1D3F, 0x1D3F, 0x1D3F, 0x1D1F, 0x1D1F, 0x253F, 0x1D3F, 0x151F, 0x14FF,   // 0x3300 (13056) pixels
0x0CBE, 0x14FF, 0x14DF, 0x0CDF, 0x0CDF, 0x0CBF, 0x0C1E, 0x039D, 0x02FC, 0x029C, 0x029B, 0x235C, 0x5CBD, 0x8DBE, 0xBEBF, 0xEFBF,   // 0x3310 (13072) pixels
0xEF9F, 0xBEBF, 0x95DE, 0x6D3E, 0x3C7E, 0x1BDE, 0x03BF, 0x039E, 0x039E, 0x039E, 0x039E, 0x037E, 0x033C, 0x033C, 0x039E, 0x039E,   // 0x3320 (13088) pixels
0x039E, 0x039E, 0x03BE, 0x03FE, 0x03FE, 0x03FE, 0x041E, 0x041E, 0x043E, 0x047F, 0x047F, 0x049F, 0x049F, 0x049F, 0x049F, 0x049F,   // 0x3330 (13104) pixels
0x049F, 0x043E, 0x418F, 0xED8C, 0xFFFD, 0xFFFD, 0xFFDB, 0xE4C8, 0x396F, 0x045E, 0x049F, 0x047E, 0x047E, 0x045E, 0x045E, 0x045E,   // 0x3340 (13120) pixels
0x045E, 0x045E, 0x047E, 0x045E, 0x045E, 0x045E, 0x043E, 0x043E, 0x043E, 0x043E, 0x043E, 0x041E, 0x041E, 0x043E, 0x043E, 0x043E,   // 0x3350 (13136) pixels
0x041E, 0x03FE, 0x03FE, 0x03DE, 0x03BE, 0x03BE, 0x039E, 0x039E, 0x037E, 0x037E, 0x035E, 0x035E, 0x033E, 0x02BB, 0x61AC, 0x9A88,   // 0x3360 (13152) pixels
0x8A29, 0x71CB, 0x51CE, 0x1A36, 0x035D, 0x033D, 0x033D, 0x031D, 0x02FD, 0x02DC, 0x131C, 0x33DC, 0x5C7C, 0x8D7D, 0xB65E, 0xDF3E,   // 0x3370 (13168) pixels
0xEF7F, 0xC69E, 0x957D, 0x645B, 0x333A, 0x0A39, 0x01F9, 0x029A, 0x0B5C, 0x141D, 0x14DE, 0x1CFF, 0x14DF, 0x14DF, 0x14FF, 0x14DF,   // 0x3380 (13184) pixels
0x04BE, 0x049F, 0x03FE, 0x037D, 0x02DC, 0x027B, 0x027B, 0x335B, 0x6CDD, 0xAE3E, 0xE77F, 0xEF9F, 0xC6DF, 0x8DBE, 0x549E, 0x23BE,   // 0x3390 (13200) pixels
0x033E, 0x033E, 0x033E, 0x035E, 0x035E, 0x037E, 0x037E, 0x039E, 0x033C, 0x31F2, 0x722C, 0x9AE8, 0xBBAA, 0xC3A7, 0x416E, 0x035D,   // 0x33A0 (13216) pixels
0x039E, 0x039E, 0x03BE, 0x03DE, 0x03FE, 0x03FE, 0x041E, 0x041E, 0x043E, 0x045F, 0x047F, 0x047F, 0x047F, 0x049F, 0x049F, 0x049F,   // 0x33B0 (13232) pixels
0x047F, 0x037B, 0x81A5, 0xFFB5, 0xFFFA, 0xFFFA, 0xFFF9, 0xFF31, 0x8125, 0x02FB, 0x047F, 0x047F, 0x047F, 0x047F, 0x047F, 0x047E,   // 0x33C0 (13248) pixels
0x045E, 0x045E, 0x045F, 0x045E, 0x045E, 0x045E, 0x045E, 0x043E, 0x043E, 0x043E, 0x043E, 0x043E, 0x043E, 0x043E, 0x043E, 0x043E,   // 0x33D0 (13264) pixels
0x043E, 0x041E, 0x03FE, 0x03DE, 0x03DE, 0x03BE, 0x03BE, 0x039E, 0x039E, 0x037E, 0x035E, 0x035E, 0x033E, 0x1993, 0xE4A6, 0xFFFD,   // 0x33E0 (13280) pixels
0xFFFC, 0xFFB9, 0xFF35, 0xAA63, 0x0217, 0x035D, 0x033D, 0x031D, 0x02FC, 0x02BC, 0x02BB, 0x029B, 0x029B, 0x029B, 0x027B, 0x027B,   // 0x33F0 (13296) pixels
0x12DB, 0x3BBC, 0x6CDD, 0xA5FE, 0xDF3F, 0xE75F, 0xB63D, 0x851C, 0x43BB, 0x1259, 0x01F8, 0x025A, 0x031B, 0x0BDD, 0x0C7F, 0x14DF,   // 0x3400 (13312) pixels
0x02BB, 0x025A, 0x023A, 0x231B, 0x6CBD, 0xA5FE, 0xDF5F, 0xD73F, 0x9DFE, 0x64DE, 0x2BBD, 0x0B1D, 0x031E, 0x031E, 0x031E, 0x031E,   // 0x3410 (13328) pixels
0x033E, 0x033E, 0x033E, 0x035E, 0x035E, 0x035E, 0x035E, 0x035E, 0x314F, 0xED89, 0xFFDB, 0xFFFD, 0xFFFD, 0xFF52, 0x8125, 0x0218,   // 0x3420 (13344) pixels
0x03BE, 0x03BE, 0x03BE, 0x03BE, 0x03DE, 0x03FE, 0x041E, 0x041E, 0x043E, 0x045F, 0x045F, 0x045F, 0x045F, 0x047F, 0x047F, 0x047F,   // 0x3430 (13360) pixels
0x045F, 0x037B, 0x7926, 0xFEA9, 0xFFF5, 0xFFF6, 0xFFD4, 0xED05, 0x68E4, 0x0258, 0x047F, 0x045F, 0x047F, 0x03FD, 0x039C, 0x03BC,   // 0x3440 (13376) pixels
0x041E, 0x045E, 0x043E, 0x041E, 0x041E, 0x041E, 0x043E, 0x045F, 0x043E, 0x043E, 0x041E, 0x043E, 0x043E, 0x041E, 0x043E, 0x045E,   // 0x3450 (13392) pixels
0x043E, 0x041E, 0x03FE, 0x03DE, 0x03DE, 0x03BE, 0x03BE, 0x039E, 0x039E, 0x037E, 0x037E, 0x035E, 0x033E, 0x3950, 0xF5A8, 0xFFFC,   // 0x3460 (13408) pixels
0xFFFC, 0xFFFB, 0xFFFB, 0xC2E1, 0x0953, 0x033D, 0x033D, 0x031D, 0x02DC, 0x02BC, 0x02BC, 0x029B, 0x027B, 0x027B, 0x027B, 0x027B,   // 0x3470 (13424) pixels
0x027B, 0x025B, 0x027B, 0x027B, 0x027B, 0x1AFB, 0x4C1C, 0x8D9D, 0xC69E, 0xDF5F, 0xB65D, 0x7CDB, 0x3B39, 0x01D8, 0x01B7, 0x0279,   // 0x3480 (13440) pixels
0x335A, 0x853C, 0xBE9E, 0xCEFE, 0x95BD, 0x5C5D, 0x235C, 0x02DC, 0x02BC, 0x02BC, 0x02DD, 0x02FD, 0x031E, 0x02FD, 0x027A, 0x1A15,   // 0x3490 (13456) pixels
0x31F2, 0x31F2, 0x2A14, 0x1257, 0x02FC, 0x035E, 0x035E, 0x035D, 0x392C, 0xF5AA, 0xFFFC, 0xFFFC, 0xFFFC, 0xFF95, 0xA1A2, 0x01B6,   // 0x34A0 (13472) pixels
0x03DF, 0x03DF, 0x03BE, 0x03BE, 0x03DE, 0x03FE, 0x03FE, 0x041E, 0x043F, 0x041E, 0x03DD, 0x037C, 0x0B7B, 0x047F, 0x0B5A, 0x2A14,   // 0x34B0 (13488) pixels
0x39F1, 0x2A12, 0x294E, 0xB9E1, 0xECA2, 0xF504, 0xE381, 0x98E0, 0x18EC, 0x0279, 0x045F, 0x0B5A, 0x39B0, 0x8229, 0xA329, 0xA329,   // 0x34C0 (13504) pixels
0x71EA, 0x31F1, 0x69EB, 0x7A6A, 0x7A4A, 0x7229, 0x51AC, 0x0B1A, 0x045F, 0x039C, 0x2255, 0x51EF, 0x724A, 0x826A, 0x7A49, 0x620B,   // 0x34D0 (13520) pixels
0x3232, 0x0AF9, 0x03FE, 0x03FE, 0x03DE, 0x03DE, 0x03BE, 0x039E, 0x039E, 0x033D, 0x02FC, 0x031C, 0x033D, 0x514D, 0xF68B, 0xFFFA,   // 0x34E0 (13536) pixels
0xFFFA, 0xFFFA, 0xFFD7, 0xA9E1, 0x0153, 0x033D, 0x033D, 0x031D, 0x02FC, 0x02BC, 0x029B, 0x029B, 0x029B, 0x027B, 0x027B, 0x027B,   // 0x34F0 (13552) pixels
0x027B, 0x027B, 0x025A, 0x11B4, 0x2150, 0x11B3, 0x01D6, 0x01F8, 0x023A, 0x129A, 0x4BFB, 0x853D, 0xC69E, 0xCEDE, 0x8D3B, 0x4379,   // 0x3500 (13568) pixels
0xB65D, 0x74DC, 0x335B, 0x027B, 0x027B, 0x027B, 0x029C, 0x02BC, 0x02BC, 0x02BC, 0x02BC, 0x029B, 0x21D4, 0x8249, 0xCC4B, 0xEDB0,   // 0x3510 (13584) pixels
0xFE93, 0xFEB3, 0xF630, 0xD48A, 0x8A07, 0x29B2, 0x033D, 0x037D, 0x214F, 0xE4A6, 0xFFFA, 0xFFFA, 0xFFFA, 0xFFD6, 0xBA42, 0x09B4,   // 0x3520 (13600) pixels
0x1297, 0x4273, 0x4232, 0x2234, 0x0B1B, 0x03FF, 0x03FF, 0x039D, 0x41F0, 0x8A69, 0xB36A, 0xC40A, 0xB307, 0x516D, 0xB3CA, 0xF631,   // 0x3530 (13616) pixels
0xFEB3, 0xEDEE, 0xAA23, 0xAB27, 0xDC6C, 0xE4ED, 0xED4F, 0xE4EA, 0x5908, 0x0298, 0x1A55, 0xBB08, 0xF693, 0xFFDB, 0xFFFC, 0xFFFC,   // 0x3540 (13632) pixels
0xFFB9, 0xE4EB, 0xFED1, 0xFFFB, 0xFFDB, 0xFFDA, 0xED27, 0x392D, 0x3A12, 0xB36A, 0xEDD0, 0xFF97, 0xFFFB, 0xFFFC, 0xFFFB, 0xFFB8,   // 0x3550 (13648) pixels
0xF670, 0xBBA7, 0x49AE, 0x039C, 0x03FE, 0x03DE, 0x039E, 0x1A76, 0x69AC, 0xAAE7, 0xBB88, 0xAAE7, 0x69AA, 0x7149, 0xFEEE, 0xFFF9,   // 0x3560 (13664) pixels
0xFFF9, 0xFFF8, 0xFF92, 0x8902, 0x0195, 0x035E, 0x033D, 0x031D, 0x02FD, 0x02BC, 0x029C, 0x029B, 0x029B, 0x027B, 0x027B, 0x027B,   // 0x3570 (13680) pixels
0x027B, 0x027B, 0x0195, 0xB2E4, 0xF652, 0xE56E, 0xD48B, 0xA348, 0x69A9, 0x09D7, 0x025A, 0x023A, 0x0219, 0x22DA, 0x6C7B, 0xAE1D,   // 0x3580 (13696) pixels
0x0219, 0x0219, 0x023A, 0x025B, 0x027B, 0x027B, 0x029C, 0x02BC, 0x02BC, 0x02BC, 0x09F7, 0x7A09, 0xEDAE, 0xFFDA, 0xFFFC, 0xFFFB,   // 0x3590 (13712) pixels
0xFFFB, 0xFFFB, 0xFFFB, 0xFFFC, 0xFFB8, 0xDC88, 0x716A, 0x02DA, 0x0952, 0xD3A3, 0xFFF9, 0xFFF9, 0xFFF8, 0xFFD6, 0xD2E2, 0x9248,   // 0x35A0 (13728) pixels
0xDCEC, 0xFEB3, 0xFEF3, 0xEDCE, 0xC346, 0x49AF, 0x039D, 0x1236, 0xD3E5, 0xFFFB, 0xFFFC, 0xFFFC, 0xF691, 0xECEA, 0xFFFB, 0xFFFA,   // 0x35B0 (13744) pixels
0xFFF9, 0xFF94, 0xD1C0, 0xF66E, 0xFFFA, 0xFFF9, 0xFFF9, 0xFF2F, 0x8904, 0x1172, 0xC367, 0xFFD9, 0xFFF9, 0xFFF9, 0xFFF9, 0xFFF9,   // 0x35C0 (13760) pixels
0xFFF9, 0xFFF9, 0xFFD7, 0xFFD8, 0xFFD8, 0xFFD8, 0xED47, 0x7126, 0xDC27, 0xFFFB, 0xFFF9, 0xFFF9, 0xFFF9, 0xFFF9, 0xFFF9, 0xFFD8,   // 0x35D0 (13776) pixels
0xFFD8, 0xFFFA, 0xE52A, 0x494B, 0x039D, 0x037D, 0x498E, 0xDC47, 0xFF75, 0xFFFB, 0xFFFB, 0xFFFA, 0xFF76, 0xE447, 0xFF70, 0xFFF7,   // 0x35E0 (13792) pixels
0xFFF7, 0xFFD7, 0xFF0D, 0x70C4, 0x01F7, 0x033E, 0x033D, 0x0A99, 0x1A15, 0x19F4, 0x11F5, 0x0A38, 0x027B, 0x027B, 0x027B, 0x027B,   // 0x35F0 (13808) pixels
0x027B, 0x027A, 0x192F, 0xE443, 0xFFFA, 0xFFFA, 0xFFFB, 0xFFFC, 0xF569, 0x38EC, 0x023A, 0x023A, 0x0219, 0x01F9, 0x01F8, 0x01D8,   // 0x3600 (13824) pixels
0x0219, 0x0219, 0x023A, 0x025A, 0x027B, 0x029B, 0x02BC, 0x02BC, 0x02BC, 0x09F6, 0xA2A7, 0xFF76, 0xFFFB, 0xFFF9, 0xFFF9, 0xFFF9,   // 0x3610 (13840) pixels
0xFFF9, 0xFFF9, 0xFFF9, 0xFFF9, 0xFFF9, 0xFFF9, 0xF5EB, 0x6969, 0x0994, 0xC2E2, 0xFFF5, 0xFFF7, 0xFFF7, 0xFFF6, 0xF568, 0xFF98,   // 0x3620 (13856) pixels
0xFFDA, 0xFFD8, 0xFFF9, 0xFFF9, 0xFFD8, 0xEDAB, 0x59AB, 0x11B3, 0xCB21, 0xFFD7, 0xFFF8, 0xFFF9, 0xFFD7, 0xFFD8, 0xFFD8, 0xFFD7,   // 0x3630 (13872) pixels
0xFFF7, 0xFE4C, 0xA900, 0xF60A, 0xFFD6, 0xFFD6, 0xFFD6, 0xFF2E, 0x8943, 0x89A7, 0xFF54, 0xFFF7, 0xFFF7, 0xFFF7, 0xFFF6, 0xFFD3,   // 0x3640 (13888) pixels
0xFFB2, 0xFFF5, 0xFFD5, 0xFFD5, 0xFFD5, 0xFFD5, 0xED46, 0x70E4, 0xC200, 0xFF71, 0xFFD6, 0xFFD5, 0xFFB2, 0xFF91, 0xFFD4, 0xFFD7,   // 0x3650 (13904) pixels
0xFFD7, 0xFFD7, 0xFFD8, 0xBB04, 0x11D4, 0x396E, 0xE4E9, 0xFFF9, 0xFFF7, 0xFFD7, 0xFFF7, 0xFFD7, 0xFFD6, 0xFFD7, 0xFFD5, 0xFFD5,   // 0x3660 (13920) pixels
0xFFD6, 0xFFD5, 0xF5E8, 0x60E7, 0x0239, 0x1257, 0x69A9, 0xC3A8, 0xE52C, 0xEDAE, 0xED6D, 0xCC28, 0x9227, 0x31B1, 0x025A, 0x025B,   // 0x3670 (13936) pixels
0x025B, 0x025A, 0x390C, 0xF505, 0xFFF9, 0xFFF9, 0xFFF9, 0xFFF8, 0xDC03, 0x20EC, 0x0219, 0x0219, 0x0219, 0x01F8, 0x01D8, 0x01D7,   // 0x3680 (13952) pixels
0x0219, 0x0239, 0x023A, 0x025A, 0x029B, 0x029B, 0x02BC, 0x02BC, 0x0239, 0x9247, 0xFF75, 0xFFF8, 0xFFF8, 0xFFD7, 0xFFD7, 0xFFB4,   // 0x3690 (13968) pixels
0xFF30, 0xFF72, 0xFFD6, 0xFFF7, 0xFFD7, 0xFFD6, 0xFFD7, 0xE4A7, 0x414D, 0xAA03, 0xFFD2, 0xFFD5, 0xFFD5, 0xFFD5, 0xFFD7, 0xFFD7,   // 0x36A0 (13984) pixels
0xFFD7, 0xFFD7, 0xFFD7, 0xFFD6, 0xFFD6, 0xFFD7, 0xE4E8, 0x390B, 0xB282, 0xFFD4, 0xFFD6, 0xFFF6, 0xFFF6, 0xFFF6, 0xFFD5, 0xFF71,   // 0x36B0 (14000) pixels
0xFF91, 0xECC5, 0x88C0, 0xF5C8, 0xFFD2, 0xFFD2, 0xFFD2, 0xFF4D, 0xA961, 0xCB83, 0xFFD5, 0xFFD3, 0xFFD4, 0xFFD3, 0xF609, 0xDA20,   // 0x36C0 (14016) pixels
0xD200, 0xECE6, 0xFFD2, 0xFFD3, 0xFFD2, 0xFFD2, 0xED66, 0x50E8, 0x70E4, 0xDBE3, 0xED26, 0xDB01, 0xC9C0, 0xC960, 0xD2A1, 0xFF4F,   // 0x36D0 (14032) pixels
0xFFF5, 0xFFD5, 0xFFD4, 0xED4A, 0x412B, 0xBB44, 0xFFD7, 0xFFD6, 0xFFD5, 0xFFD6, 0xFFD5, 0xFFD4, 0xFFD4, 0xFFD4, 0xFFD4, 0xFFD4,   // 0x36E0 (14048) pixels
0xFFD4, 0xFFD4, 0xED26, 0x40E9, 0x294F, 0xCB25, 0xFF75, 0xFFFA, 0xFFF9, 0xFFF8, 0xFFF8, 0xFFF9, 0xFFD7, 0xEDAC, 0x7987, 0x09B6,   // 0x36F0 (14064) pixels
0x025B, 0x01F8, 0x490A, 0xFDC8, 0xFFF7, 0xFFF7, 0xFFF7, 0xFFD3, 0xBA01, 0x090F, 0x023A, 0x0219, 0x01F9, 0x01F8, 0x01D8, 0x01B7,   // 0x3700 (14080) pixels
0x0219, 0x0239, 0x025A, 0x025A, 0x027A, 0x027B, 0x029B, 0x029B, 0x414D, 0xF60D, 0xFFD7, 0xFFD6, 0xFFF6, 0xFFD5, 0xF62A, 0xDA60,   // 0x3710 (14096) pixels
0xC960, 0xD1E0, 0xED07, 0xFFD4, 0xFFD5, 0xFFD5, 0xFFD4, 0xFF90, 0xAA22, 0x9143, 0xFF8F, 0xFFD3, 0xFFD4, 0xFFD4, 0xFFD4, 0xFFB2,   // 0x3720 (14112) pixels
0xF66C, 0xF66C, 0xFFD3, 0xFFF5, 0xFFD4, 0xFFD4, 0xFF91, 0x99E3, 0xAA22, 0xFFB2, 0xFFD4, 0xFFD4, 0xFFF4, 0xFFB2, 0xE3A3, 0xD9E0,   // 0x3730 (14128) pixels
0xD9E0, 0xB960, 0x58A2, 0xF587, 0xFFAD, 0xFFAD, 0xFFAD, 0xFF6A, 0xC1A0, 0xE4E5, 0xFFAE, 0xFF8D, 0xFFAD, 0xFF8B, 0xD220, 0x3884,   // 0x3740 (14144) pixels
0x3084, 0xA960, 0xFF2A, 0xFF8C, 0xFF8C, 0xFF8C, 0xED25, 0x5109, 0x114E, 0x80C1, 0xB9C1, 0xCB88, 0xD48C, 0xD4AC, 0xD4AC, 0xFF30,   // 0x3750 (14160) pixels
0xFFD1, 0xFFD2, 0xFFD2, 0xF649, 0x9902, 0xF62C, 0xFFD4, 0xFFD4, 0xFFD4, 0xFFD3, 0xF568, 0xE2E1, 0xE3A3, 0xFF2D, 0xFFD1, 0xFFD2,   // 0x3760 (14176) pixels
0xFFD2, 0xFFD2, 0xE444, 0x40E7, 0xBAE5, 0xFFD7, 0xFFD6, 0xFFD6, 0xFFD6, 0xFFD6, 0xFFD6, 0xFFD6, 0xFFD6, 0xFFD7, 0xF6B1, 0x81C6,   // 0x3770 (14192) pixels
0x09D7, 0x01D7, 0x6907, 0xFE6A, 0xFFF5, 0xFFD5, 0xFFD5, 0xFF2D, 0x88E3, 0x0133, 0x021A, 0x0219, 0x01F9, 0x01D8, 0x01D7, 0x01B7,   // 0x3780 (14208) pixels
0x01F9, 0x0219, 0x0239, 0x023A, 0x025A, 0x025B, 0x029B, 0x0217, 0x9A24, 0xFFB5, 0xFFD4, 0xFFD4, 0xFFD4, 0xFF2D, 0xD1C0, 0x5882,   // 0x3790 (14224) pixels
0x1087, 0x2087, 0x9101, 0xF609, 0xFFD2, 0xFFD2, 0xFFD2, 0xFFD1, 0xE483, 0x90E1, 0xFF0B, 0xFFD1, 0xFFD1, 0xFFD1, 0xFFAF, 0xE342,   // 0x37A0 (14240) pixels
0xB100, 0xB140, 0xEC84, 0xFFD0, 0xFFB1, 0xFFB0, 0xFFB0, 0xDBE2, 0xB1A0, 0xFF8E, 0xFFAE, 0xFFAE, 0xFFAE, 0xF608, 0x90A0, 0x3885,   // 0x37B0 (14256) pixels
0x48A4, 0x4085, 0x38E8, 0xED24, 0xFF46, 0xFF46, 0xFF47, 0xFF47, 0xC1C0, 0xED24, 0xFF68, 0xFF68, 0xFF48, 0xFF27, 0x9141, 0x0172,   // 0x37C0 (14272) pixels
0x0174, 0x8103, 0xFF07, 0xFF47, 0xFF47, 0xFF47, 0xECE4, 0x5109, 0x41CC, 0xDD6C, 0xFF91, 0xFFAF, 0xFFAC, 0xFF8B, 0xFF8B, 0xFF8A,   // 0x37D0 (14288) pixels
0xFF8A, 0xFF8A, 0xFF8A, 0xF626, 0xB940, 0xFF2C, 0xFF8E, 0xFF8E, 0xFF8F, 0xFEAA, 0xA941, 0x40A5, 0x80C2, 0xE3C2, 0xFFAD, 0xFFAF,   // 0x37E0 (14304) pixels
0xFFAF, 0xFFAF, 0xD362, 0x8942, 0xFF0F, 0xFFD4, 0xFFD4, 0xFFD4, 0xFFD4, 0xFF30, 0xFF0E, 0xFFD3, 0xFFD4, 0xFFD4, 0xFFD4, 0xF64F,   // 0x37F0 (14320) pixels
0x5929, 0x01B5, 0x7925, 0xFEEB, 0xFFD3, 0xFFD3, 0xFFD3, 0xF5A8, 0x48A6, 0x0195, 0x021A, 0x0219, 0x01F9, 0x01D8, 0x01D7, 0x01B7,   // 0x3800 (14336) pixels
0x01F8, 0x0219, 0x0219, 0x023A, 0x023A, 0x025B, 0x027B, 0x1172, 0xDC46, 0xFFD5, 0xFFD2, 0xFFD2, 0xFFD1, 0xED05, 0x78A2, 0x00CE,   // 0x3810 (14352) pixels
0x0132, 0x0132, 0x18AA, 0xD341, 0xFFAE, 0xFFAE, 0xFFAE, 0xFFAE, 0xF625, 0x90A0, 0xF648, 0xFFAD, 0xFF8C, 0xFF8B, 0xF666, 0x98C0,   // 0x3820 (14368) pixels
0x10A9, 0x08CB, 0xA9A1, 0xFF46, 0xFF48, 0xFF68, 0xFF67, 0xED65, 0xB960, 0xFF48, 0xFF47, 0xFF68, 0xFF68, 0xF5C5, 0x48C6, 0x0153,   // 0x3830 (14384) pixels
0x0152, 0x0151, 0x290A, 0xE4C4, 0xFF24, 0xFF05, 0xFF05, 0xFF47, 0xC1C0, 0xDC43, 0xFF68, 0xFF27, 0xFF27, 0xFF48, 0xC2C3, 0x11D4,   // 0x3840 (14400) pixels
0x0A16, 0xB263, 0xFF69, 0xFF27, 0xFF27, 0xFF26, 0xECE4, 0x88E2, 0xEDEA, 0xFF8B, 0xFF6A, 0xFF69, 0xFF27, 0xF5A4, 0xED44, 0xFEE5,   // 0x3850 (14416) pixels
0xFF47, 0xFF48, 0xFF68, 0xEDC5, 0xB980, 0xFF48, 0xFF47, 0xFF47, 0xFF47, 0xED04, 0x38C7, 0x0195, 0x10EB, 0xD301, 0xFF46, 0xFF26,   // 0x3860 (14432) pixels
0xFF26, 0xFF68, 0xC2A1, 0xCB62, 0xFFB0, 0xFFD0, 0xFFD1, 0xFFD2, 0xF5C8, 0xC980, 0xC160, 0xEBE3, 0xFFB0, 0xFFD2, 0xFFD2, 0xFFD4,   // 0x3870 (14448) pixels
0xC365, 0x112F, 0x8944, 0xFF49, 0xFF8C, 0xFF8E, 0xFFAF, 0xE3E3, 0x18CA, 0x01D7, 0x021A, 0x0219, 0x01F8, 0x01D8, 0x01D8, 0x01D8,   // 0x3880 (14464) pixels
0x01F8, 0x0219, 0x0219, 0x0219, 0x023A, 0x025B, 0x027B, 0x312D, 0xED89, 0xFFD1, 0xFFD0, 0xFFD0, 0xFFCF, 0xE442, 0x40A6, 0x0153,   // 0x3890 (14480) pixels
0x0278, 0x0279, 0x0152, 0x8983, 0xFF48, 0xFF68, 0xFF68, 0xFF67, 0xFEC5, 0x90A0, 0xED45, 0xFF45, 0xFF26, 0xFF26, 0xFE45, 0x78A3,   // 0x38A0 (14496) pixels
0x01B6, 0x01D7, 0x68E5, 0xFEC4, 0xFF05, 0xFF26, 0xFF26, 0xF585, 0xB100, 0xFEE7, 0xFF06, 0xFF06, 0xFF06, 0xF625, 0x60E6, 0x01B3,   // 0x38B0 (14512) pixels
0x01D3, 0x01D3, 0x20EB, 0xE463, 0xFEE4, 0xFEC4, 0xFEC4, 0xFF27, 0xC1E0, 0xCA80, 0xFF48, 0xFF06, 0xFF06, 0xFF05, 0xFEE9, 0xCC29,   // 0x38C0 (14528) pixels
0xC429, 0xFECA, 0xFF06, 0xFF06, 0xFEE6, 0xFEE6, 0xECC4, 0xC200, 0xFF6A, 0xFF47, 0xFF47, 0xFF47, 0xCA20, 0x8880, 0x88A0, 0xF644,   // 0x38D0 (14544) pixels
0xFF05, 0xFF06, 0xFF26, 0xED45, 0xB140, 0xFF28, 0xFF06, 0xFF06, 0xFF06, 0xECE5, 0x290C, 0x0219, 0x112F, 0xE423, 0xFF25, 0xFF05,   // 0x38E0 (14560) pixels
0xFF05, 0xFF27, 0xC1E0, 0xE4A4, 0xFF67, 0xFF67, 0xFF68, 0xFF89, 0xCA81, 0x2086, 0x1888, 0xA100, 0xF6A8, 0xFFAE, 0xFFAF, 0xFFAE,   // 0x38F0 (14576) pixels
0xED6A, 0x38E9, 0x9182, 0xFF47, 0xFF27, 0xFF47, 0xFF68, 0xB201, 0x08EE, 0x01D8, 0x021A, 0x01F9, 0x01F8, 0x01D8, 0x01D8, 0x01D8,   // 0x3900 (14592) pixels
0x01D8, 0x01F9, 0x01F9, 0x0219, 0x023A, 0x025B, 0x025B, 0x392C, 0xF588, 0xFFAE, 0xFFAC, 0xFF8B, 0xFF68, 0xECC3, 0x48A7, 0x01D7,   // 0x3910 (14608) pixels
0x02FD, 0x02FD, 0x01D6, 0x60E5, 0xFEC6, 0xFF46, 0xFF26, 0xFF25, 0xFEC5, 0x90C0, 0xDC63, 0xFF05, 0xFF05, 0xFF05, 0xFF07, 0xA163,   // 0x3920 (14624) pixels
0x01D7, 0x0259, 0x91C4, 0xFF25, 0xFEE4, 0xFEE5, 0xFEE5, 0xECC4, 0xA0C0, 0xFE46, 0xFEC4, 0xFEC4, 0xFEC4, 0xFE86, 0x78E5, 0x0298,   // 0x3930 (14640) pixels
0x03BD, 0x035B, 0x190D, 0xE423, 0xFEA3, 0xFE83, 0xFE63, 0xFEE5, 0xBA01, 0x9101, 0xF544, 0xFEE6, 0xFEC4, 0xFEC4, 0xFEC4, 0xFEA3,   // 0x3940 (14656) pixels
0xFEC4, 0xFEC5, 0xFEE5, 0xFEC5, 0xFEC5, 0xFEC5, 0xECA3, 0xCA00, 0xFF27, 0xFEE5, 0xFEE5, 0xFF07, 0xCBE6, 0x81E3, 0xC427, 0xFEE5,   // 0x3950 (14672) pixels
0xFEC4, 0xFEC4, 0xFEC4, 0xECE4, 0xA8A0, 0xFE69, 0xFEE5, 0xFEE5, 0xFEE5, 0xFEC9, 0x9227, 0x2192, 0x71A8, 0xFE88, 0xFEE4, 0xFEE4,   // 0x3960 (14688) pixels
0xFEE4, 0xFEE6, 0xB140, 0xECC4, 0xFF26, 0xFF26, 0xFF06, 0xFF06, 0x8962, 0x0133, 0x0153, 0x68C4, 0xF624, 0xFF46, 0xFF27, 0xFF48,   // 0x3970 (14704) pixels
0xF5E8, 0x40C7, 0xA9A1, 0xFF27, 0xFEE5, 0xFEE5, 0xFEA5, 0x6883, 0x0111, 0x0219, 0x0219, 0x01F9, 0x01F8, 0x01D8, 0x01D8, 0x01D8,   // 0x3980 (14720) pixels
0x01D8, 0x01F8, 0x01F9, 0x0219, 0x023A, 0x023B, 0x025A, 0x290C, 0xE466, 0xFF8B, 0xFF47, 0xFF46, 0xFF26, 0xF5E6, 0x6884, 0x01B6,   // 0x3990 (14736) pixels
0x02FD, 0x02FD, 0x0259, 0x7986, 0xFEE7, 0xFF04, 0xFEE5, 0xFEE4, 0xFE44, 0x8080, 0xCB83, 0xFF06, 0xFEC4, 0xFEC4, 0xFEE5, 0xED88,   // 0x39A0 (14752) pixels
0x71E9, 0x7A2A, 0xF5E8, 0xFEC4, 0xFEA4, 0xFE84, 0xFEC5, 0xD2A0, 0x7880, 0xF5A5, 0xFE83, 0xFE83, 0xFE83, 0xFEC6, 0x9984, 0x0279,   // 0x39B0 (14768) pixels
0x03FE, 0x037D, 0x190D, 0xE3A2, 0xFE63, 0xFE42, 0xFE22, 0xFE84, 0xBA21, 0x30C7, 0xC980, 0xF564, 0xFEA4, 0xFE62, 0xFE82, 0xFE62,   // 0x39C0 (14784) pixels
0xFE82, 0xFEA4, 0xFEA4, 0xFEC4, 0xFEA4, 0xFEA4, 0xECA3, 0xB960, 0xFE46, 0xFEA3, 0xFE83, 0xFE83, 0xFEA5, 0xFEC8, 0xFE83, 0xFE83,   // 0x39D0 (14800) pixels
0xFE83, 0xFE63, 0xFE63, 0xECC4, 0x8880, 0xEC24, 0xFEE6, 0xFEC4, 0xFEC4, 0xFEC4, 0xFF0B, 0xFE4A, 0xFEC9, 0xFEA4, 0xFEA3, 0xFEA3,   // 0x39E0 (14816) pixels
0xFE83, 0xFE44, 0x98A0, 0xE3C2, 0xFF06, 0xFEC5, 0xFEC5, 0xFEE6, 0xA1E3, 0x0196, 0x0195, 0x8164, 0xFEE6, 0xFEE5, 0xFEE5, 0xFF05,   // 0x39F0 (14832) pixels
0xED45, 0x40C6, 0xB1C0, 0xFEC5, 0xFEA4, 0xFEA3, 0xECE3, 0x3886, 0x0195, 0x021A, 0x0219, 0x01F9, 0x01F8, 0x01F8, 0x01D8, 0x01D8,   // 0x3A00 (14848) pixels
0x01B8, 0x01D8, 0x01F8, 0x0219, 0x021A, 0x023A, 0x025A, 0x090F, 0xBA61, 0xFF6D, 0xFF26, 0xFF25, 0xFF05, 0xFF2A, 0xC2A3, 0x190F,   // 0x3A10 (14864) pixels
0x02DC, 0x031D, 0x1A15, 0xCBC5, 0xFEE6, 0xFEA3, 0xFEA3, 0xFE83, 0xECC3, 0x5862, 0xBAC2, 0xFEE7, 0xFE83, 0xFE83, 0xFE83, 0xFE84,   // 0x3A20 (14880) pixels
0xFEC8, 0xFEC7, 0xFE82, 0xFE62, 0xFE63, 0xFE63, 0xF584, 0xA0C1, 0x4084, 0xED04, 0xFE42, 0xFE42, 0xFE42, 0xFEA5, 0xA9A2, 0x01F7,   // 0x3A30 (14896) pixels
0x041F, 0x03BD, 0x110E, 0xDB41, 0xFE63, 0xFE43, 0xFE23, 0xFE84, 0xCAC2, 0x10ED, 0x48A6, 0xC140, 0xE2E0, 0xECA2, 0xF542, 0xF522,   // 0x3A40 (14912) pixels
0xEC21, 0xD200, 0xFE84, 0xFEA3, 0xFE83, 0xFEA4, 0xEC02, 0x5882, 0xCA21, 0xFE45, 0xFE63, 0xFE21, 0xFE21, 0xFE42, 0xFE44, 0xFE44,   // 0x3A50 (14928) pixels
0xFE01, 0xFE01, 0xFE22, 0xECC4, 0x4863, 0xB940, 0xFDE6, 0xFE84, 0xFE83, 0xFE83, 0xFE82, 0xFE62, 0xFE62, 0xFE62, 0xFE42, 0xFE42,   // 0x3A60 (14944) pixels
0xFE42, 0xF5A4, 0x7041, 0xC9E0, 0xFEE7, 0xFE83, 0xFE83, 0xFE83, 0xED87, 0x61AA, 0x61AA, 0xED28, 0xFEC5, 0xFEC4, 0xFEA4, 0xFEC4,   // 0x3A70 (14960) pixels
0xDBA2, 0x28C8, 0xB181, 0xEC02, 0xEC83, 0xF562, 0xC2A1, 0x08AA, 0x01B6, 0x021A, 0x0219, 0x01F9, 0x01F8, 0x01D8, 0x01D8, 0x01D8,   // 0x3A80 (14976) pixels
0x01F8, 0x01D8, 0x01F8, 0x01F9, 0x0219, 0x023A, 0x023A, 0x0172, 0x78E2, 0xF64A, 0xFEE5, 0xFEE4, 0xFEC4, 0xFEA4, 0xFEAB, 0xB2E6,   // 0x3A90 (14992) pixels
0x596A, 0x61CB, 0xC40A, 0xFEA7, 0xFE42, 0xFE62, 0xFE42, 0xFE83, 0xCA41, 0x2888, 0xAA22, 0xFEC7, 0xFE42, 0xFE42, 0xFE42, 0xFE41,   // 0x3AA0 (15008) pixels
0xFE21, 0xFE21, 0xFE21, 0xFE21, 0xFE22, 0xFDE3, 0xD9A0, 0x3887, 0x20CA, 0xE422, 0xFE63, 0xFE22, 0xFE02, 0xFDE2, 0xB1A1, 0x0174,   // 0x3AB0 (15024) pixels
0x041F, 0x03DE, 0x08EE, 0xC9C0, 0xE3A1, 0xE341, 0xDAE1, 0xDAA0, 0xB940, 0x0911, 0x10ED, 0xB363, 0xE466, 0xC1E1, 0xB900, 0xB0E0,   // 0x3AC0 (15040) pixels
0xB100, 0xDC65, 0xFEC4, 0xFE62, 0xFE62, 0xFEA4, 0xD260, 0x18CA, 0x5083, 0xC120, 0xDB01, 0xEC21, 0xEC41, 0xE361, 0xD160, 0xE321,   // 0x3AD0 (15056) pixels
0xF4A2, 0xF502, 0xF522, 0xDB61, 0x30A8, 0x3085, 0xC960, 0xECE3, 0xFEA4, 0xFE62, 0xFE41, 0xFE62, 0xFDE2, 0xF5C3, 0xFE01, 0xFE01,   // 0x3AE0 (15072) pixels
0xFE01, 0xED44, 0x4864, 0x90C1, 0xF504, 0xFE64, 0xFE22, 0xFE21, 0xFE42, 0xFEA7, 0xFEA8, 0xFEA4, 0xFE83, 0xFE83, 0xFE62, 0xFE42,   // 0x3AF0 (15088) pixels
0xA0E1, 0x18CA, 0xA961, 0xD303, 0xD2C2, 0xB0E0, 0x6861, 0x00EF, 0x01D8, 0x0219, 0x01F9, 0x01F8, 0x01D8, 0x01B7, 0x01B7, 0x01D7,   // 0x3B00 (15104) pixels
0x0278, 0x01D8, 0x01D8, 0x01F8, 0x0219, 0x0219, 0x023A, 0x01B5, 0x28A8, 0xD2E1, 0xFEE9, 0xFE83, 0xFE83, 0xFE63, 0xFE62, 0xFEA7,   // 0x3B10 (15120) pixels
0xFEA9, 0xFEC9, 0xFE65, 0xFE01, 0xFE01, 0xFE01, 0xFE22, 0xECA2, 0x8881, 0x00CE, 0x9182, 0xFE86, 0xFE02, 0xFDE1, 0xFE43, 0xEBA1,   // 0x3B20 (15136) pixels
0xF541, 0xFE41, 0xFE22, 0xF581, 0xEBC1, 0xD140, 0x5062, 0x0110, 0x08EC, 0xB920, 0xD180, 0xC940, 0xC900, 0xB8C0, 0x7061, 0x0112,   // 0x3B30 (15152) pixels
0x03FE, 0x041F, 0x0173, 0x40A3, 0x68A1, 0x6081, 0x5881, 0x5062, 0x2865, 0x0111, 0x79C5, 0xFE85, 0xFE42, 0xFE85, 0xFE46, 0xFE07,   // 0x3B40 (15168) pixels
0xFE67, 0xFE63, 0xFE41, 0xFE21, 0xFE22, 0xFDE4, 0xA0C0, 0x0910, 0x0131, 0x20A6, 0x6081, 0x88A0, 0x88A0, 0x6881, 0x2865, 0x80A1,   // 0x3B50 (15184) pixels
0x98A0, 0xA0A0, 0xA080, 0x8060, 0x08CC, 0x012F, 0x38A5, 0xB100, 0xD9E0, 0xEB61, 0xEBA1, 0xDAC0, 0xC140, 0xDAC0, 0xECA2, 0xF521,   // 0x3B60 (15200) pixels
0xFD81, 0xE462, 0x3887, 0x2887, 0xB960, 0xF564, 0xFE22, 0xFDE0, 0xFDE0, 0xFDE1, 0xFE01, 0xFE21, 0xFE21, 0xFE21, 0xFE83, 0xD261,   // 0x3B70 (15216) pixels
0x3884, 0xAA84, 0xFF0B, 0xFF29, 0xFF2A, 0xF66B, 0x7922, 0x00F0, 0x01D8, 0x01F8, 0x01D8, 0x01B7, 0x01B7, 0x01B7, 0x0197, 0x0217,   // 0x3B80 (15232) pixels
0x0AD9, 0x01B7, 0x01B7, 0x01D8, 0x01F8, 0x0219, 0x0219, 0x01D7, 0x00EF, 0x6882, 0xEC03, 0xFE64, 0xFE42, 0xFE21, 0xFE21, 0xFE21,   // 0x3B90 (15248) pixels
0xFE01, 0xFE01, 0xFDE0, 0xFDC0, 0xFDA0, 0xFDC1, 0xF4E2, 0xB900, 0x2086, 0x0111, 0x8103, 0xF583, 0xECE2, 0xEC42, 0xE361, 0xB920,   // 0x3BA0 (15264) pixels
0xA8E0, 0xC920, 0xC920, 0xB8E0, 0x88A0, 0x2864, 0x00EF, 0x0152, 0x0130, 0x1886, 0x2084, 0x1885, 0x1087, 0x0889, 0x00CD, 0x0153,   // 0x3BB0 (15280) pixels
0x03FE, 0x041F, 0x0278, 0x0132, 0x0110, 0x0110, 0x00F0, 0x0111, 0x0132, 0x18CD, 0xE403, 0xFE01, 0xFDE1, 0xFDE0, 0xFDE0, 0xFDE0,   // 0x3BC0 (15296) pixels
0xFDC0, 0xFDE0, 0xFDC0, 0xFDE1, 0xFDC4, 0xD1C0, 0x4065, 0x0154, 0x01D5, 0x0153, 0x0110, 0x00ED, 0x00ED, 0x00EE, 0x0131, 0x00EE,   // 0x3BD0 (15312) pixels
0x00AC, 0x00AB, 0x00AA, 0x00CB, 0x0131, 0x01B4, 0x0152, 0x08C9, 0x4083, 0x68A1, 0x7081, 0x5082, 0x1865, 0x7081, 0x9880, 0xA8A0,   // 0x3BE0 (15328) pixels
0xB080, 0xA860, 0x188A, 0x00EF, 0x4084, 0xB920, 0xE3E2, 0xFDE2, 0xFE01, 0xFDC1, 0xFDA0, 0xFDC1, 0xFE22, 0xFDA3, 0xD261, 0x5863,   // 0x3BF0 (15344) pixels
0x40A6, 0xF523, 0xFEA3, 0xFE83, 0xFE83, 0xFEA4, 0xE445, 0x18CC, 0x01D8, 0x01D8, 0x01B7, 0x01B7, 0x01B7, 0x0197, 0x0196, 0x0A57,   // 0x3C00 (15360) pixels
0x0B39, 0x01B7, 0x0197, 0x01B7, 0x01D8, 0x01D8, 0x01F8, 0x01F8, 0x0152, 0x08AA, 0x80A1, 0xE361, 0xFE44, 0xFE22, 0xFDC0, 0xFDC0,   // 0x3C10 (15376) pixels
0xFDA0, 0xFDA0, 0xFDA0, 0xFDC1, 0xFDC2, 0xE361, 0xB080, 0x3064, 0x0110, 0x0131, 0x4085, 0xA080, 0x9880, 0x8080, 0x6081, 0x2885,   // 0x3C20 (15392) pixels
0x08CB, 0x1086, 0x1865, 0x1067, 0x00AC, 0x00F1, 0x0152, 0x02B8, 0x0277, 0x0152, 0x0132, 0x0112, 0x0131, 0x0131, 0x0172, 0x02D8,   // 0x3C30 (15408) pixels
0x03FE, 0x03FE, 0x03BD, 0x0255, 0x01D2, 0x01D2, 0x01F3, 0x0213, 0x0255, 0x112D, 0xC140, 0xEB61, 0xF501, 0xFDE1, 0xFDE1, 0xFDC0,   // 0x3C40 (15424) pixels
0xFDC0, 0xFDE0, 0xF561, 0xEBA1, 0xC900, 0x5062, 0x00EF, 0x0215, 0x037B, 0x0296, 0x01D2, 0x01B2, 0x01B2, 0x01B2, 0x01F3, 0x0191,   // 0x3C50 (15440) pixels
0x0151, 0x0151, 0x0131, 0x0151, 0x0215, 0x031B, 0x01F5, 0x0173, 0x0111, 0x00CF, 0x00CE, 0x00EF, 0x0112, 0x00EE, 0x00AB, 0x08A9,   // 0x3C60 (15456) pixels
0x1087, 0x0868, 0x00CF, 0x0132, 0x010F, 0x2885, 0x88A0, 0xC920, 0xDA60, 0xE3A1, 0xE3C1, 0xE321, 0xD1E0, 0xB0A0, 0x4843, 0x00CE,   // 0x3C70 (15472) pixels
0x50A6, 0xEBE0, 0xFE21, 0xFE21, 0xFE21, 0xFE21, 0xEC62, 0x30A9, 0x0197, 0x01B7, 0x01B7, 0x0197, 0x0196, 0x0196, 0x0176, 0x0AB8,   // 0x3C80 (15488) pixels
0x1339, 0x01D7, 0x0196, 0x0196, 0x01B7, 0x01B7, 0x01B7, 0x01D7, 0x0195, 0x0131, 0x08A9, 0x6082, 0xC940, 0xE382, 0xF4E2, 0xF541,   // 0x3C90 (15504) pixels
0xF541, 0xF4E2, 0xEC42, 0xDAE0, 0xC920, 0x8080, 0x1866, 0x00EF, 0x0152, 0x01D5, 0x00EE, 0x08A9, 0x00AB, 0x00AC, 0x00CF, 0x0112,   // 0x3CA0 (15520) pixels
0x0132, 0x0152, 0x0111, 0x00F0, 0x0151, 0x01D3, 0x02D9, 0x037D, 0x037C, 0x0296, 0x0234, 0x0255, 0x0276, 0x02B7, 0x031A, 0x039D,   // 0x3CB0 (15536) pixels
0x03BE, 0x03DE, 0x03DE, 0x03BD, 0x039C, 0x03BD, 0x03DD, 0x03FE, 0x03FE, 0x01F5, 0x20C8, 0x80C2, 0xB8E0, 0xD160, 0xD1E0, 0xDA00,   // 0x3CC0 (15552) pixels
0xE220, 0xD160, 0xB880, 0x8080, 0x2843, 0x00CE, 0x0173, 0x031A, 0x03DE, 0x03DD, 0x03BC, 0x037B, 0x035B, 0x037C, 0x039D, 0x035B,   // 0x3CD0 (15568) pixels
0x033A, 0x02F9, 0x02D8, 0x02D9, 0x035D, 0x035D, 0x031C, 0x0257, 0x01B3, 0x0171, 0x0151, 0x0171, 0x01B3, 0x0172, 0x0131, 0x0131,   // 0x3CE0 (15584) pixels
0x0111, 0x00F0, 0x0151, 0x01F7, 0x0153, 0x0111, 0x08AA, 0x2064, 0x5882, 0x7881, 0x7881, 0x6861, 0x4042, 0x0888, 0x00F0, 0x0111,   // 0x3CF0 (15600) pixels
0x18A9, 0xB8E0, 0xF4C1, 0xFE21, 0xFE02, 0xFDA2, 0xB980, 0x18AA, 0x0176, 0x0197, 0x0176, 0x0176, 0x0176, 0x0155, 0x01B6, 0x0AB8,   // 0x3D00 (15616) pixels
0x12F8, 0x0A37, 0x0176, 0x0196, 0x0196, 0x0196, 0x01B7, 0x01B7, 0x01B7, 0x0173, 0x0110, 0x00CC, 0x1865, 0x6061, 0x9880, 0xB0A0,   // 0x3D10 (15632) pixels
0xB8A0, 0xA8A0, 0x8860, 0x5861, 0x2064, 0x00CC, 0x0112, 0x0152, 0x01F6, 0x029A, 0x01B4, 0x0152, 0x0151, 0x0131, 0x0151, 0x01B3,   // 0x3D20 (15648) pixels
0x0256, 0x0277, 0x0236, 0x0256, 0x02B9, 0x033C, 0x035D, 0x035E, 0x039E, 0x03BE, 0x039D, 0x039D, 0x039D, 0x037D, 0x039D, 0x039E,   // 0x3D30 (15664) pixels
0x03BE, 0x03BE, 0x03BE, 0x03BE, 0x03BE, 0x03BE, 0x0BFE, 0x0C1E, 0x1C3E, 0x1B5A, 0x0193, 0x010F, 0x08A8, 0x2864, 0x4042, 0x4841,   // 0x3D40 (15680) pixels
0x4841, 0x3043, 0x1086, 0x08ED, 0x0153, 0x09D3, 0x1B17, 0x245D, 0x1C3E, 0x141E, 0x141E, 0x03BD, 0x039D, 0x03BD, 0x03BE, 0x039E,   // 0x3D50 (15696) pixels
0x039E, 0x039E, 0x037D, 0x035D, 0x035D, 0x033D, 0x031D, 0x031D, 0x02FC, 0x02BA, 0x029A, 0x029A, 0x02BB, 0x0279, 0x0237, 0x01F6,   // 0x3D60 (15712) pixels
0x01D4, 0x01B4, 0x0218, 0x025A, 0x0218, 0x0153, 0x0131, 0x0110, 0x00EE, 0x00CD, 0x00CD, 0x00CE, 0x00F0, 0x0112, 0x0131, 0x0152,   // 0x3D70 (15728) pixels
0x00EF, 0x3063, 0xA880, 0xC960, 0xD1A0, 0xB0E0, 0x4063, 0x00EF, 0x0175, 0x0176, 0x0176, 0x0155, 0x0155, 0x0135, 0x01F6, 0x0AB7,   // 0x3D80 (15744) pixels
0x0AD7, 0x0A77, 0x0155, 0x0176, 0x0196, 0x0196, 0x0196, 0x01B7, 0x01B7, 0x01B7, 0x0174, 0x0111, 0x00F0, 0x00CE, 0x00CB, 0x08A9,   // 0x3D90 (15760) pixels
0x08A9, 0x08AA, 0x00AC, 0x00EF, 0x0112, 0x0111, 0x0152, 0x0217, 0x029B, 0x029B, 0x027A, 0x0237, 0x0258, 0x0279, 0x02BB, 0x02DC,   // 0x3DA0 (15776) pixels
0x031D, 0x033E, 0x033D, 0x031D, 0x031D, 0x033D, 0x0B7D, 0x1BBD, 0x2C3E, 0x449E, 0x54FE, 0x6D3E, 0x7D9E, 0x8DFE, 0x9E1E, 0xAE7F,   // 0x3DB0 (15792) pixels
0xB6BE, 0xC6DE, 0xCF3F, 0xDF7F, 0xE79F, 0xF7BF, 0xFFDF, 0xFFFF, 0xFFFF, 0xFFDF, 0x9D57, 0x3AB2, 0x1A13, 0x0173, 0x0132, 0x0111,   // 0x3DC0 (15808) pixels
0x0111, 0x0132, 0x0992, 0x2A51, 0x5B92, 0xB619, 0xFFDF, 0xFFFF, 0xFFFF, 0xFFFF, 0xFFDF, 0xF7DF, 0xEFBF, 0xE79F, 0xDF5F, 0xCF1F,   // 0x3DD0 (15824) pixels
0xBEDE, 0xAE7E, 0x9E3E, 0x95DE, 0x859E, 0x6CFD, 0x549D, 0x443D, 0x33DD, 0x1B5C, 0x0AFC, 0x02BB, 0x02BC, 0x02BC, 0x029B, 0x027B,   // 0x3DE0 (15840) pixels
0x025A, 0x025A, 0x025A, 0x025A, 0x023A, 0x0218, 0x0194, 0x0152, 0x0131, 0x0110, 0x0110, 0x0110, 0x0131, 0x0152, 0x01B6, 0x01B6,   // 0x3DF0 (15856) pixels
0x0112, 0x00F0, 0x08A8, 0x2863, 0x3063, 0x1067, 0x00CE, 0x0111, 0x0176, 0x0155, 0x0155, 0x0134, 0x0134, 0x0134, 0x0236, 0x0A77,   // 0x3E00 (15872) pixels
0x0A36, 0x0AB7, 0x0175, 0x0175, 0x0176, 0x0176, 0x0176, 0x0196, 0x0196, 0x01B7, 0x01B7, 0x0195, 0x0152, 0x0131, 0x0131, 0x0111,   // 0x3E10 (15888) pixels
0x0111, 0x0131, 0x0131, 0x0131, 0x0152, 0x01B4, 0x0239, 0x027B, 0x027B, 0x027B, 0x027B, 0x029B, 0x02BC, 0x02DC, 0x133C, 0x33DD,   // 0x3E20 (15904) pixels
0x547D, 0x753E, 0x8DBE, 0xA63E, 0xC6DE, 0xE77F, 0xF7DF, 0xFFFF, 0xFFDF, 0xF7BF, 0xDF5F, 0xCEFE, 0xBEBE, 0xAE5E, 0x9E1E, 0x8DDE,   // 0x3E30 (15920) pixels
0x7DBE, 0x759E, 0x655E, 0x5D3E, 0x4CFE, 0x44BE, 0x3C9E, 0x347E, 0x2C5E, 0x245E, 0x1C1E, 0x0B9B, 0x0B18, 0x0275, 0x01F3, 0x01D1,   // 0x3E40 (15936) pixels
0x01D1, 0x0212, 0x0275, 0x02F8, 0x0BBC, 0x143E, 0x1C3E, 0x243E, 0x2C3E, 0x2C5E, 0x349E, 0x44BE, 0x4CDE, 0x54FE, 0x651E, 0x6D5E,   // 0x3E50 (15952) pixels
0x7D7E, 0x85BE, 0x95FE, 0xA65E, 0xB67E, 0xC6DE, 0xD73E, 0xE77F, 0xF7BF, 0xF7BF, 0xEF9F, 0xE77F, 0xD6FE, 0xBE9E, 0xA61E, 0x853D,   // 0x3E60 (15968) pixels
0x6CBC, 0x53FC, 0x2B1B, 0x12BB, 0x023A, 0x0219, 0x01F9, 0x01F9, 0x01D8, 0x01B6, 0x0196, 0x01B6, 0x01B7, 0x01B8, 0x01B8, 0x01B7,   // 0x3E70 (15984) pixels
0x0175, 0x0111, 0x0111, 0x00F0, 0x00F0, 0x00F0, 0x00F0, 0x0154, 0x0175, 0x0155, 0x0155, 0x0134, 0x0134, 0x0134, 0x0A57, 0x01D5,   // 0x3E80 (16000) pixels
0x0194, 0x0A97, 0x01B6, 0x0155, 0x0155, 0x0175, 0x0176, 0x0176, 0x0196, 0x0197, 0x0197, 0x01B7, 0x01B7, 0x01D7, 0x01B6, 0x0195,   // 0x3E90 (16016) pixels
0x0195, 0x01B5, 0x01D6, 0x01D7, 0x01F9, 0x023A, 0x023A, 0x12BB, 0x337B, 0x545C, 0x7D1D, 0x9DDE, 0xBE9E, 0xDF3F, 0xEF9F, 0xEF9F,   // 0x3EA0 (16032) pixels
0xD71E, 0xBE9E, 0xA61E, 0x859E, 0x751D, 0x5CBD, 0x445D, 0x2BFD, 0x137D, 0x033C, 0x033C, 0x031C, 0x033C, 0x033D, 0x033C, 0x035D,   // 0x3EB0 (16048) pixels
0x035D, 0x035D, 0x037D, 0x037D, 0x037D, 0x037D, 0x037D, 0x037D, 0x037D, 0x039D, 0x039D, 0x039D, 0x03BE, 0x03BE, 0x039D, 0x039D,   // 0x3EC0 (16064) pixels
0x039D, 0x039D, 0x03BE, 0x03BE, 0x03BE, 0x03BE, 0x039D, 0x039D, 0x037D, 0x037D, 0x037D, 0x037D, 0x035D, 0x035D, 0x035D, 0x035D,   // 0x3ED0 (16080) pixels
0x033C, 0x033C, 0x033C, 0x033C, 0x033C, 0x031C, 0x031C, 0x031C, 0x0B1B, 0x1B5C, 0x33BC, 0x4C3C, 0x649C, 0x7D1C, 0x959D, 0xAE1D,   // 0x3EE0 (16096) pixels
0xC69E, 0xD71E, 0xE77E, 0xE77F, 0xD6FE, 0xAE1D, 0x955C, 0x6C9B, 0x4B9A, 0x2ADA, 0x09F8, 0x01B8, 0x01B8, 0x01B7, 0x01B7, 0x0197,   // 0x3EF0 (16112) pixels
0x0197, 0x0176, 0x0153, 0x0131, 0x0111, 0x0132, 0x0154, 0x0175, 0x0155, 0x0155, 0x0134, 0x0134, 0x0134, 0x0194, 0x0236, 0x0173,   // 0x3F00 (16128) pixels
0x0133, 0x0A56, 0x01F6, 0x0155, 0x0155, 0x0155, 0x0155, 0x0176, 0x0176, 0x0196, 0x0196, 0x0197, 0x0197, 0x01B7, 0x01D8, 0x01D8,   // 0x3F10 (16144) pixels
0x01F9, 0x0A39, 0x2B1A, 0x541B, 0x7CFC, 0xA5DD, 0xCEDE, 0xDF5E, 0xD71E, 0xBE7E, 0x9DBC, 0x7CFC, 0x645C, 0x43DC, 0x233B, 0x0A9B,   // 0x3F20 (16160) pixels
0x027B, 0x029B, 0x02DC, 0x02FC, 0x02DC, 0x02FC, 0x031C, 0x02FC, 0x02FC, 0x031C, 0x031C, 0x031C, 0x031C, 0x031C, 0x02DB, 0x02DA,   // 0x3F30 (16176) pixels
0x02BA, 0x0299, 0x0279, 0x0278, 0x0257, 0x0257, 0x0237, 0x0236, 0x0236, 0x0215, 0x01F5, 0x01F4, 0x01D4, 0x01D4, 0x01B4, 0x01B4,   // 0x3F40 (16192) pixels
0x01D4, 0x01D4, 0x01D4, 0x01D5, 0x01D4, 0x01F4, 0x0215, 0x0215, 0x0216, 0x0216, 0x0216, 0x0236, 0x0237, 0x0257, 0x0278, 0x02B9,   // 0x3F50 (16208) pixels
0x02BA, 0x02DA, 0x02FB, 0x031C, 0x031C, 0x031C, 0x02FC, 0x02DB, 0x02BB, 0x02BB, 0x029B, 0x029B, 0x027A, 0x027A, 0x025A, 0x025A,   // 0x3F60 (16224) pixels
0x0239, 0x0219, 0x0A39, 0x2AF9, 0x439A, 0x645B, 0x8D3C, 0xA5DD, 0xBE7D, 0xD6FD, 0xCEDD, 0xAE1C, 0x8D1B, 0x641A, 0x3B19, 0x1217,   // 0x3F70 (16240) pixels
0x0176, 0x0197, 0x0197, 0x0176, 0x0176, 0x0155, 0x0155, 0x0155, 0x0155, 0x0134, 0x0134, 0x0134, 0x0113, 0x01B4, 0x0215, 0x0113,   // 0x3F80 (16256) pixels
0x00F2, 0x01F5, 0x0216, 0x0134, 0x0134, 0x0135, 0x0155, 0x0155, 0x0176, 0x0176, 0x0176, 0x0176, 0x0196, 0x2298, 0x53BA, 0x7CDB,   // 0x3F90 (16272) pixels
0xADFC, 0xCEDD, 0xCEDD, 0xB65D, 0x957C, 0x6C7B, 0x435A, 0x2299, 0x0A19, 0x01F9, 0x01F8, 0x01F9, 0x0219, 0x023A, 0x023A, 0x023A,   // 0x3FA0 (16288) pixels
0x025A, 0x025A, 0x027B, 0x027A, 0x0259, 0x0237, 0x01F6, 0x01D5, 0x0193, 0x0193, 0x0192, 0x0191, 0x01B1, 0x09D1, 0x09F1, 0x0A31,   // 0x3FB0 (16304) pixels
0x1272, 0x12B2, 0x12D3, 0x1AF3, 0x1B13, 0x1313, 0x1354, 0x1375, 0x1395, 0x13B5, 0x13B5, 0x23D5, 0x33F5, 0x2BD5, 0x2BD5, 0x2BD5,   // 0x3FC0 (16320) pixels
0x33F5, 0x33F5, 0x33F5, 0x3416, 0x1BD6, 0x13B5, 0x13B5, 0x1395, 0x1375, 0x0B55, 0x1334, 0x1B33, 0x12F3, 0x12D3, 0x1292, 0x0A72,   // 0x3FD0 (16336) pixels
0x0A52, 0x0A11, 0x09F0, 0x01B0, 0x0190, 0x0191, 0x0192, 0x0192, 0x01B3, 0x01D5, 0x01F6, 0x01F7, 0x0218, 0x0239, 0x025A, 0x023A,   // 0x3FE0 (16352) pixels
0x0239, 0x0219, 0x01F8, 0x01D8, 0x01D8, 0x01D7, 0x01D8, 0x01D8, 0x01D8, 0x09F7, 0x2A98, 0x5399, 0x7CBB, 0x9D9C, 0xBE7D, 0xCEBD,   // 0x3FF0 (16368) pixels
0xB61C, 0x84FB, 0x53B9, 0x2277, 0x0175, 0x0155, 0x0155, 0x0155, 0x0155, 0x0134, 0x0134, 0x0133, 0x0113, 0x0215, 0x01D4, 0x00F2,   // 0x4000 (16384) pixels
0x00D2, 0x0173, 0x0216, 0x0154, 0x0134, 0x0134, 0x0134, 0x0134, 0x0155, 0x2A77, 0x5BD9, 0x8D1B, 0xBE7D, 0xCEDD, 0xAE1C, 0x7CDB,   // 0x4010 (16400) pixels
0x4BBA, 0x2299, 0x09D8, 0x01B8, 0x01B8, 0x01B8, 0x01B8, 0x01B8, 0x01B8, 0x01B8, 0x01D8, 0x01D7, 0x0196, 0x01B5, 0x0173, 0x0131,   // 0x4020 (16416) pixels
0x010F, 0x014F, 0x0190, 0x0A11, 0x0A92, 0x0AD3, 0x0B34, 0x1395, 0x13D6, 0x1C36, 0x1C57, 0x2477, 0x2C77, 0x2C77, 0x2C57, 0x2C77,   // 0x4030 (16432) pixels
0x2C77, 0x2C77, 0x3477, 0x2C76, 0x2C56, 0x1C36, 0x1C56, 0x1C57, 0x1C77, 0x1C77, 0x1C57, 0x2C56, 0x3C76, 0x3C76, 0x3C76, 0x3C76,   // 0x4040 (16448) pixels
0x3C76, 0x3C97, 0x3C97, 0x4497, 0x2C77, 0x1C57, 0x1C57, 0x1C77, 0x1C77, 0x1C57, 0x1C57, 0x2C77, 0x2C57, 0x2C56, 0x2C57, 0x2457,   // 0x4050 (16464) pixels
0x2477, 0x2477, 0x2477, 0x2478, 0x1C57, 0x1C37, 0x1437, 0x13F6, 0x1395, 0x0B34, 0x0AD3, 0x0A72, 0x0232, 0x01F1, 0x01B0, 0x0170,   // 0x4060 (16480) pixels
0x0130, 0x0131, 0x0153, 0x0153, 0x0174, 0x0196, 0x01B7, 0x01B7, 0x0197, 0x0197, 0x0197, 0x0196, 0x0196, 0x0196, 0x0176, 0x1A17,   // 0x4070 (16496) pixels
0x4338, 0x747A, 0xA5BB, 0xC69C, 0xB61C, 0x84DA, 0x4B78, 0x19F6, 0x0134, 0x0134, 0x0134, 0x0134, 0x0174, 0x0A36, 0x0173, 0x00F2,   // 0x4080 (16512) pixels
0x00D1, 0x0112, 0x0A36, 0x0195, 0x0114, 0x0954, 0x3AB6, 0x7459, 0xADFB, 0xB65C, 0x8D1A, 0x5BD9, 0x32B7, 0x09B6, 0x0176, 0x0197,   // 0x4090 (16528) pixels
0x0197, 0x0197, 0x0197, 0x0197, 0x0176, 0x0154, 0x0154, 0x0132, 0x0110, 0x012F, 0x0190, 0x01F1, 0x0A72, 0x0AF3, 0x0B55, 0x13D6,   // 0x40A0 (16544) pixels
0x1417, 0x1438, 0x1437, 0x1457, 0x1C57, 0x1C57, 0x1C57, 0x1C57, 0x1C77, 0x1C77, 0x2477, 0x2C97, 0x2C97, 0x2C97, 0x2C97, 0x2C97,   // 0x40B0 (16560) pixels
0x3497, 0x34B7, 0x34B7, 0x3CB7, 0x3497, 0x2497, 0x2497, 0x2498, 0x2498, 0x24B8, 0x2497, 0x3497, 0x44B7, 0x4497, 0x3C97, 0x3C97,   // 0x40C0 (16576) pixels
0x4497, 0x44B7, 0x44B7, 0x44B7, 0x34B8, 0x24B8, 0x24B8, 0x24B8, 0x2498, 0x2498, 0x2498, 0x3498, 0x3497, 0x3497, 0x3497, 0x2C97,   // 0x40D0 (16592) pixels
0x2C98, 0x2C98, 0x2C98, 0x2C98, 0x1C78, 0x1C57, 0x1C57, 0x1457, 0x1457, 0x1437, 0x1437, 0x1417, 0x1437, 0x1458, 0x1458, 0x1458,   // 0x40E0 (16608) pixels
0x1437, 0x13B6, 0x1354, 0x0AB3, 0x0A31, 0x01B0, 0x014F, 0x00EF, 0x0110, 0x0132, 0x0154, 0x0175, 0x0176, 0x0176, 0x0155, 0x0155,   // 0x40F0 (16624) pixels
0x0155, 0x0155, 0x0155, 0x0974, 0x3AB6, 0x6C18, 0x9D9B, 0xBE7C, 0x955A, 0x5B97, 0x19F5, 0x0133, 0x01B5, 0x0A36, 0x0112, 0x00D1,   // 0x4100 (16640) pixels
0x00D0, 0x00F2, 0x01B4, 0x32F6, 0x7479, 0xA5FB, 0x957A, 0x63F8, 0x3296, 0x0975, 0x0155, 0x0175, 0x0175, 0x0175, 0x0175, 0x0175,   // 0x4110 (16656) pixels
0x0154, 0x0132, 0x0131, 0x0150, 0x01B0, 0x0A11, 0x0A93, 0x0B14, 0x0B76, 0x13B7, 0x13D7, 0x13F7, 0x1C17, 0x1417, 0x1417, 0x1417,   // 0x4120 (16672) pixels
0x1437, 0x1437, 0x1458, 0x1C78, 0x1C78, 0x1C78, 0x1C78, 0x1C98, 0x24B8, 0x24B8, 0x2CB8, 0x34B8, 0x34B8, 0x34D8, 0x34D8, 0x34D8,   // 0x4130 (16688) pixels
0x3CD8, 0x3CF8, 0x44F8, 0x3CF8, 0x34D8, 0x2CD9, 0x2CF9, 0x2CF9, 0x2CF9, 0x2CF9, 0x2CF9, 0x3CF8, 0x4CF8, 0x4CF8, 0x4CF8, 0x4CF8,   // 0x4140 (16704) pixels
0x4CF8, 0x4CF8, 0x4D18, 0x4D18, 0x4519, 0x3519, 0x2D19, 0x2CF9, 0x2CF9, 0x2CD9, 0x2CD9, 0x34D9, 0x3CD8, 0x3CD8, 0x3CD8, 0x34D8,   // 0x4150 (16720) pixels
0x34D8, 0x2CB8, 0x2CB8, 0x2CB8, 0x24B9, 0x1C98, 0x1C98, 0x1C78, 0x1C78, 0x1C58, 0x1C58, 0x1458, 0x1C58, 0x1C58, 0x1C58, 0x1438,   // 0x4160 (16736) pixels
0x1438, 0x1417, 0x1C17, 0x1C17, 0x1BF7, 0x13D7, 0x13D7, 0x13B7, 0x0B55, 0x0AD4, 0x0252, 0x01D0, 0x014F, 0x00EF, 0x00F0, 0x0111,   // 0x4170 (16752) pixels
0x0133, 0x0154, 0x0154, 0x0133, 0x0113, 0x0113, 0x0113, 0x19B4, 0x4B16, 0x7C98, 0xA599, 0x7C97, 0x4357, 0x09F5, 0x00F2, 0x00F0,   // 0x4180 (16768) pixels
0x00EE, 0x0952, 0x7C98, 0x9DBA, 0x5BB7, 0x21F4, 0x0133, 0x0134, 0x0134, 0x0134, 0x0134, 0x0133, 0x0132, 0x0110, 0x00CD, 0x00AA,   // 0x4190 (16784) pixels
0x0212, 0x0AD5, 0x0B36, 0x1377, 0x1377, 0x1397, 0x13B7, 0x13B7, 0x13B7, 0x13D7, 0x13F7, 0x1417, 0x1418, 0x1418, 0x1418, 0x1438,   // 0x41A0 (16800) pixels
0x1458, 0x1458, 0x1C78, 0x1C99, 0x1CB9, 0x1CB9, 0x24D9, 0x24D9, 0x24F9, 0x2CFA, 0x3D1A, 0x3D3A, 0x3D3A, 0x453A, 0x455A, 0x455A,   // 0x41B0 (16816) pixels
0x4D5A, 0x4D7A, 0x559A, 0x559A, 0x3D5A, 0x355B, 0x357B, 0x357B, 0x3D7B, 0x3D9B, 0x3D7B, 0x559A, 0x5DBA, 0x5D9A, 0x5D9A, 0x65BA,   // 0x41C0 (16832) pixels
0x65BA, 0x65BA, 0x65BA, 0x65BA, 0x55BB, 0x3D9B, 0x3D9B, 0x3D7B, 0x357B, 0x357B, 0x357B, 0x457B, 0x4D7A, 0x4D5A, 0x455A, 0x453A,   // 0x41D0 (16848) pixels
0x3D3A, 0x3D1A, 0x3D1A, 0x351A, 0x351A, 0x24FA, 0x24D9, 0x24D9, 0x1CB9, 0x1CB9, 0x1CB9, 0x1C99, 0x1C99, 0x1C79, 0x1C78, 0x1458,   // 0x41E0 (16864) pixels
0x1458, 0x1438, 0x1C18, 0x1C18, 0x1BF7, 0x1BF7, 0x13D7, 0x13D7, 0x13B7, 0x13B7, 0x0B76, 0x0B56, 0x0B56, 0x0B15, 0x02B4, 0x0212,   // 0x41F0 (16880) pixels
0x008A, 0x00CC, 0x00EF, 0x0111, 0x00F1, 0x00F2, 0x0112, 0x0113, 0x00F2, 0x00F2, 0x0952, 0x42F5, 0x8D39, 0x7CB8, 0x1172, 0x00F0,   // 0x4200 (16896) pixels
0x00EE, 0x5355, 0x5396, 0x0195, 0x0113, 0x00F2, 0x0113, 0x0113, 0x0112, 0x00CF, 0x00AD, 0x00AA, 0x0089, 0x0068, 0x0067, 0x0046,   // 0x4210 (16912) pixels
0x0A30, 0x0B56, 0x1356, 0x1357, 0x1377, 0x1397, 0x13B7, 0x13B7, 0x13D7, 0x13F8, 0x1C18, 0x1C38, 0x1439, 0x1459, 0x1459, 0x1479,   // 0x4220 (16928) pixels
0x1479, 0x1C99, 0x1CD9, 0x24FA, 0x251A, 0x253B, 0x2D5B, 0x2D5B, 0x357B, 0x3D9C, 0x4DDC, 0x55DC, 0x55FC, 0x55FC, 0x55FC, 0x5E1D,   // 0x4230 (16944) pixels
0x663D, 0x6E3C, 0x6E5D, 0x767D, 0x4E1D, 0x463D, 0x463E, 0x463E, 0x4E3E, 0x4E5E, 0x4E3D, 0x6E7D, 0x7E9D, 0x7E9D, 0x7E9D, 0x7E9D,   // 0x4240 (16960) pixels
0x86BD, 0x86BD, 0x869D, 0x869D, 0x6E7E, 0x4E5E, 0x4E3E, 0x4E3E, 0x463D, 0x463D, 0x463D, 0x565E, 0x6E7D, 0x6E3C, 0x663D, 0x5E1C,   // 0x4250 (16976) pixels
0x55FC, 0x55FD, 0x4DDC, 0x4DBC, 0x45BC, 0x2D7C, 0x2D5C, 0x2D5B, 0x253B, 0x253B, 0x251B, 0x251B, 0x1CFB, 0x1CFA, 0x1CDA, 0x1CBA,   // 0x4260 (16992) pixels
0x1C9A, 0x1C79, 0x1459, 0x1C39, 0x1C18, 0x1C18, 0x13F8, 0x13D8, 0x13B7, 0x13B7, 0x1397, 0x0B56, 0x0B16, 0x0AF5, 0x0AF5, 0x0210,   // 0x4270 (17008) pixels
0x0067, 0x0088, 0x0088, 0x0089, 0x00AA, 0x00AC, 0x00CF, 0x00F1, 0x00F2, 0x00F2, 0x00F2, 0x0112, 0x0153, 0x3AB4, 0x4B35, 0x00F0,   // 0x4280 (17024) pixels
0x00EF, 0x0910, 0x00F2, 0x0154, 0x0132, 0x00CF, 0x00AC, 0x0089, 0x0068, 0x008A, 0x00AB, 0x00CC, 0x00CC, 0x00AB, 0x0089, 0x0067,   // 0x4290 (17040) pixels
0x018D, 0x0B36, 0x0B36, 0x0B57, 0x1397, 0x13B8, 0x13D8, 0x13D8, 0x13F8, 0x1419, 0x1C7A, 0x1C9A, 0x1C9A, 0x1CBA, 0x1CDB, 0x1CDB,   // 0x42A0 (17056) pixels
0x1CFB, 0x1D1B, 0x255C, 0x2D7C, 0x2DBD, 0x35DD, 0x35FE, 0x3E1E, 0x3E1E, 0x565E, 0x5E7E, 0x667E, 0x669E, 0x669E, 0x66BE, 0x76BE,   // 0x42B0 (17072) pixels
0x76DE, 0x7EDF, 0x7EDF, 0x76DF, 0x4E9F, 0x4E9F, 0x4EBF, 0x4EBF, 0x4E9F, 0x4E9F, 0x467F, 0x7EFF, 0x871F, 0x871F, 0x871F, 0x871F,   // 0x42C0 (17088) pixels
0x8F1F, 0x8F1F, 0x8F1F, 0x8F1F, 0x7EFF, 0x569F, 0x569F, 0x4E9F, 0x4E9F, 0x4E9F, 0x4E9F, 0x4E9F, 0x7EFF, 0x7EDF, 0x76DF, 0x76BF,   // 0x42D0 (17104) pixels
0x6EBF, 0x669E, 0x5E7E, 0x5E7E, 0x5E5E, 0x4E3E, 0x361E, 0x35FE, 0x35DE, 0x2DDE, 0x2DBE, 0x2DBD, 0x259D, 0x257D, 0x257D, 0x255D,   // 0x42E0 (17120) pixels
0x251C, 0x1CFB, 0x1CDB, 0x1C9B, 0x1C7A, 0x1C5A, 0x1C59, 0x1439, 0x13F9, 0x13D8, 0x13B8, 0x0B77, 0x0B16, 0x0AF5, 0x02D5, 0x018E,   // 0x42F0 (17136) pixels
0x0088, 0x00AA, 0x00CB, 0x00CC, 0x00AC, 0x00AB, 0x0089, 0x0068, 0x0068, 0x008A, 0x00AD, 0x00F1, 0x0112, 0x00D0, 0x00F0, 0x0110,   // 0x4300 (17152) pixels
0x0130, 0x00CE, 0x00CF, 0x00AB, 0x0088, 0x0088, 0x0089, 0x0089, 0x00AB, 0x00CE, 0x00EF, 0x0110, 0x0111, 0x00EF, 0x00CC, 0x0089,   // 0x4310 (17168) pixels
0x010B, 0x0B57, 0x0B57, 0x0B98, 0x0BD8, 0x13F9, 0x1419, 0x1439, 0x1C7A, 0x1CBB, 0x1CDC, 0x1CFC, 0x1D1D, 0x1D3D, 0x255D, 0x257E,   // 0x4320 (17184) pixels
0x259E, 0x25BE, 0x2DDE, 0x35FF, 0x361F, 0x363F, 0x363F, 0x3E5F, 0x3E5F, 0x66BF, 0x66BF, 0x66BF, 0x66BF, 0x66DF, 0x6EDF, 0x76FF,   // 0x4330 (17200) pixels
0x76FF, 0x7EFF, 0x7EFF, 0x66DF, 0x467F, 0x469F, 0x4E9F, 0x4E9F, 0x4E9F, 0x469F, 0x469F, 0x7F1F, 0x86FF, 0x871F, 0x871F, 0x871F,   // 0x4340 (17216) pixels
0x8F1F, 0x8F3F, 0x8F3F, 0x8F1F, 0x7EFF, 0x4E7F, 0x467F, 0x469F, 0x467F, 0x467F, 0x469F, 0x3E7F, 0x76FF, 0x76FF, 0x76FF, 0x76FF,   // 0x4350 (17232) pixels
0x6EDF, 0x66BF, 0x66BF, 0x66BF, 0x66BF, 0x5E9F, 0x3E3F, 0x3E3F, 0x3E1F, 0x361F, 0x361F, 0x361F, 0x2DFF, 0x2DFF, 0x2DDF, 0x35DF,   // 0x4360 (17248) pixels
0x2DBF, 0x2D9E, 0x255E, 0x253E, 0x251D, 0x251D, 0x24FC, 0x1CBC, 0x1C7B, 0x145A, 0x141A, 0x13F9, 0x0B78, 0x0AF6, 0x0AD5, 0x012C,   // 0x4370 (17264) pixels
0x00AA, 0x00EC, 0x010F, 0x0110, 0x00F0, 0x00EF, 0x00CD, 0x00AC, 0x00AA, 0x0089, 0x0067, 0x0067, 0x008A, 0x00CF, 0x00EF, 0x0152,   // 0x4380 (17280) pixels
0x19F2, 0x19AE, 0x198C, 0x112A, 0x110A, 0x112C, 0x090C, 0x00AB, 0x00AC, 0x00CD, 0x00CD, 0x00CC, 0x00CC, 0x00CC, 0x00CB, 0x008A,   // 0x4390 (17296) pixels
0x00AA, 0x0B98, 0x13D9, 0x13FA, 0x145B, 0x1C9C, 0x1CBC, 0x1CDD, 0x253D, 0x255E, 0x253E, 0x255E, 0x255F, 0x257F, 0x259F, 0x25BF,   // 0x43A0 (17312) pixels
0x2DBF, 0x2DDF, 0x2DFF, 0x361F, 0x361F, 0x361F, 0x363F, 0x363F, 0x465F, 0x5E9F, 0x5E9F, 0x5EBF, 0x5EBF, 0x66BF, 0x6EDF, 0x76DF,   // 0x43B0 (17328) pixels
0x76DF, 0x76FF, 0x76FF, 0x5EBF, 0x467F, 0x467F, 0x467F, 0x467F, 0x3E7F, 0x3E7F, 0x3E7F, 0x7EFF, 0x7EFF, 0x7EFF, 0x7EFF, 0x7EFF,   // 0x43C0 (17344) pixels
0x871F, 0x871F, 0x871F, 0x871F, 0x7EFF, 0x3E5F, 0x3E5F, 0x3E5F, 0x3E5F, 0x3E5F, 0x3E5F, 0x365F, 0x66BF, 0x76DF, 0x6EDF, 0x6EDF,   // 0x43D0 (17360) pixels
0x6EDF, 0x66BF, 0x5EBF, 0x5E9F, 0x5E9F, 0x5E9F, 0x3E3F, 0x35FF, 0x35FF, 0x361F, 0x361F, 0x2DFF, 0x2DFF, 0x2DFF, 0x361F, 0x6EBF,   // 0x43E0 (17376) pixels
0x3E1F, 0x2DBF, 0x2D9F, 0x257F, 0x257F, 0x2D7F, 0x255F, 0x253E, 0x1CFE, 0x1CDE, 0x1CBD, 0x149D, 0x141B, 0x0B57, 0x0AF6, 0x010C,   // 0x43F0 (17392) pixels
0x00AB, 0x00AB, 0x00AB, 0x00AC, 0x00CC, 0x00CD, 0x00CD, 0x00CD, 0x00CC, 0x090C, 0x112B, 0x1129, 0x194A, 0x21CE, 0x2A11, 0x2276,   // 0x4400 (17408) pixels
0x74B8, 0x42D2, 0x196C, 0x112B, 0x08EB, 0x00AB, 0x00AB, 0x00AB, 0x00AB, 0x00AB, 0x00AA, 0x0089, 0x0067, 0x0066, 0x0045, 0x0046,   // 0x4410 (17424) pixels
0x014C, 0x143B, 0x147C, 0x14BD, 0x1CFE, 0x1D1E, 0x1D1E, 0x253F, 0x257F, 0x257F, 0x255F, 0x257F, 0x257F, 0x257F, 0x257F, 0x259F,   // 0x4420 (17440) pixels
0x259F, 0x25BF, 0x2DDF, 0x2DFF, 0x35FF, 0x35FF, 0x35FF, 0x361F, 0x4E5F, 0x567F, 0x5E9F, 0x5E9F, 0x5E9F, 0x5EBF, 0x66BF, 0x6EDF,   // 0x4430 (17456) pixels
0x6EDF, 0x6EDF, 0x76DF, 0x4E7F, 0x3E5F, 0x3E5F, 0x3E3F, 0x3E3F, 0x363F, 0x363F, 0x3E5F, 0x76FF, 0x76DF, 0x76DF, 0x76DF, 0x7EFF,   // 0x4440 (17472) pixels
0x871F, 0x7EFF, 0x7EFF, 0x7EFF, 0x76FF, 0x3E3F, 0x3E3F, 0x3E5F, 0x365F, 0x363F, 0x363F, 0x363F, 0x569F, 0x76DF, 0x6EDF, 0x6EDF,   // 0x4450 (17488) pixels
0x66DF, 0x66BF, 0x5E9F, 0x5E9F, 0x569F, 0x567F, 0x465F, 0x2DDF, 0x2DDF, 0x2DDF, 0x2DDF, 0x2DDF, 0x2DDF, 0x2DDF, 0x565F, 0xDF9F,   // 0x4460 (17504) pixels
0x6E9F, 0x2DBF, 0x257F, 0x257F, 0x255F, 0x1D5F, 0x2D7F, 0x255F, 0x253F, 0x1D1F, 0x1D1F, 0x1CFF, 0x149E, 0x0BBA, 0x0B17, 0x018E,   // 0x4470 (17520) pixels
0x0066, 0x0066, 0x0066, 0x0088, 0x00AA, 0x00AB, 0x00AC, 0x00CC, 0x00AC, 0x00AC, 0x00AB, 0x08EB, 0x194C, 0x21CE, 0x5374, 0x851A,   // 0x4480 (17536) pixels
0x01B7, 0x0153, 0x00CC, 0x00AA, 0x00AA, 0x00AB, 0x00AB, 0x00AB, 0x00AB, 0x00AB, 0x00AA, 0x00AA, 0x0088, 0x0067, 0x00C9, 0x01EF,   // 0x4490 (17552) pixels
0x0BBA, 0x147D, 0x1CDE, 0x1CFF, 0x1D1F, 0x1D1F, 0x1D1F, 0x253F, 0x255F, 0x1D1F, 0x1D3F, 0x1D3F, 0x1D5F, 0x1D5F, 0x1D5F, 0x257F,   // 0x44A0 (17568) pixels
0x259F, 0x259F, 0x25BF, 0x2DBF, 0x2DDF, 0x2DDF, 0x2DDF, 0x35FF, 0x565F, 0x565F, 0x567F, 0x567F, 0x569F, 0x569F, 0x66BF, 0x66BF,   // 0x44B0 (17584) pixels
0x66BF, 0x66BF, 0x6EBF, 0x361F, 0x361F, 0x361F, 0x361F, 0x361F, 0x361F, 0x361F, 0x3E3F, 0x6EDF, 0x6EDF, 0x6EBF, 0x6EDF, 0x76DF,   // 0x44C0 (17600) pixels
0x76FF, 0x76FF, 0x76DF, 0x76DF, 0x76DF, 0x361F, 0x363F, 0x363F, 0x363F, 0x361F, 0x361F, 0x2E1F, 0x465F, 0x6EDF, 0x6EBF, 0x6EBF,   // 0x44D0 (17616) pixels
0x66BF, 0x66BF, 0x5E9F, 0x567F, 0x567F, 0x567F, 0x4E7F, 0x2DDF, 0x2DBF, 0x25BF, 0x25BF, 0x25BF, 0x259F, 0x259F, 0x25BF, 0x4E1F,   // 0x44E0 (17632) pixels
0x2DBF, 0x257F, 0x255F, 0x255F, 0x1D3F, 0x1D1F, 0x1D3F, 0x255F, 0x253F, 0x1D1F, 0x1CFF, 0x1CDF, 0x149E, 0x0BFB, 0x0B37, 0x0AD6,   // 0x44F0 (17648) pixels
0x01CF, 0x00EA, 0x0088, 0x0089, 0x00AB, 0x00AC, 0x00AC, 0x00AC, 0x00AC, 0x00AC, 0x00AB, 0x008A, 0x008A, 0x00CD, 0x0174, 0x01F8,   // 0x4500 (17664) pixels
0x01D8, 0x0174, 0x00CE, 0x00AA, 0x00AA, 0x00AA, 0x00AB, 0x00ED, 0x014E, 0x0190, 0x01D1, 0x0232, 0x0A94, 0x0AF6, 0x0B37, 0x0B78,   // 0x4510 (17680) pixels
0x0BFB, 0x149E, 0x1CDF, 0x1CDF, 0x1CFF, 0x1CFF, 0x1CFF, 0x1D1F, 0x1CFF, 0x14DF, 0x1CFF, 0x1CFF, 0x1D1F, 0x1D3F, 0x1D3F, 0x1D5F,   // 0x4520 (17696) pixels
0x45DF, 0x257F, 0x259F, 0x259F, 0x259F, 0x25BF, 0x25BF, 0x3E1F, 0x4E5F, 0x4E5F, 0x4E5F, 0x567F, 0x567F, 0x567F, 0x5E9F, 0x5E9F,   // 0x4530 (17712) pixels
0x5E9F, 0x5E9F, 0x5E7F, 0x2DDF, 0x2DDF, 0x2DFF, 0x361F, 0x361F, 0x2DFF, 0x2DFF, 0x3E3F, 0x66BF, 0x66BF, 0x669F, 0x66BF, 0x66BF,   // 0x4540 (17728) pixels
0x6EDF, 0x6EDF, 0x6EBF, 0x6EBF, 0x6EBF, 0x361F, 0x35FF, 0x361F, 0x361F, 0x2E1F, 0x2E1F, 0x2DFF, 0x2DFF, 0x6EDF, 0x66BF, 0x66BF,   // 0x4550 (17744) pixels
0x66BF, 0x669F, 0x567F, 0x567F, 0x567F, 0x4E7F, 0x4E7F, 0x3E1F, 0x2D9F, 0x259F, 0x259F, 0x259F, 0x257F, 0x257F, 0x257F, 0x257F,   // 0x4560 (17760) pixels
0x257F, 0x255F, 0x253F, 0x1D3F, 0x1D1F, 0x1CFF, 0x1CFF, 0x1D1F, 0x251F, 0x1CFF, 0x1CDF, 0x14BF, 0x149F, 0x143D, 0x0B79, 0x0AD6,   // 0x4570 (17776) pixels
0x02B5, 0x0295, 0x0295, 0x0254, 0x0212, 0x01D1, 0x0170, 0x014F, 0x010D, 0x00AB, 0x00AA, 0x008A, 0x008A, 0x00EE, 0x0195, 0x01F8,   // 0x4580 (17792) pixels
0x010F, 0x010E, 0x014F, 0x01B1, 0x01F3, 0x0234, 0x0276, 0x0296, 0x0296, 0x02B6, 0x02D6, 0x0AD6, 0x0AF6, 0x0AF6, 0x0B37, 0x0BBA,   // 0x4590 (17808) pixels
0x143D, 0x149E, 0x14DF, 0x14DF, 0x14DF, 0x1CDF, 0x1CDF, 0x1CDF, 0x14BF, 0x14BF, 0x14BF, 0x14DF, 0x14FF, 0x1D1F, 0x1D1F, 0x1D3F,   // 0x45A0 (17824) pixels
0x1D5F, 0x1D5F, 0x255F, 0x257F, 0x259F, 0x259F, 0x259F, 0x461F, 0x463F, 0x463F, 0x4E5F, 0x4E5F, 0x4E5F, 0x567F, 0x5E7F, 0x5E7F,   // 0x45B0 (17840) pixels
0x5E7F, 0x5E9F, 0x463F, 0x2DDF, 0x2DDF, 0x2DDF, 0x2DFF, 0x2DFF, 0x2DFF, 0x2DDF, 0x3E1F, 0x5E9F, 0x5E9F, 0x5E9F, 0x5E9F, 0x5E9F,   // 0x45C0 (17856) pixels
0x66BF, 0x66BF, 0x66BF, 0x66BF, 0x66BF, 0x35FF, 0x2DDF, 0x2DFF, 0x2DFF, 0x2DFF, 0x2DFF, 0x2DDF, 0x25DF, 0x669F, 0x66BF, 0x669F,   // 0x45D0 (17872) pixels
0x5E9F, 0x5E9F, 0x567F, 0x565F, 0x565F, 0x4E5F, 0x4E5F, 0x463F, 0x259F, 0x257F, 0x257F, 0x255F, 0x1D5F, 0x1D5F, 0x1D3F, 0x1D3F,   // 0x45E0 (17888) pixels
0x1D3F, 0x1D3F, 0x1D1F, 0x1CFF, 0x1CFF, 0x1CDF, 0x14DF, 0x14BF, 0x1CFF, 0x1CDF, 0x1CDF, 0x14BF, 0x14BF, 0x147E, 0x0BFB, 0x0318,   // 0x45F0 (17904) pixels
0x02B5, 0x0295, 0x02B5, 0x02B6, 0x02B6, 0x02B6, 0x0276, 0x0275, 0x0275, 0x0275, 0x0234, 0x01F3, 0x01B1, 0x014F, 0x010E, 0x010F,   // 0x4600 (17920) pixels
0x0255, 0x0255, 0x0255, 0x0255, 0x0255, 0x0275, 0x0275, 0x0275, 0x0275, 0x0295, 0x02B6, 0x02D6, 0x02D6, 0x0317, 0x0B9A, 0x0C1C,   // 0x4610 (17936) pixels
0x145E, 0x149E, 0x149F, 0x149F, 0x14BF, 0x1CBF, 0x1CBF, 0x149F, 0x149F, 0x149F, 0x14BF, 0x14BF, 0x14DF, 0x14DF, 0x14FF, 0x1D1F,   // 0x4620 (17952) pixels
0x1D1F, 0x1D1F, 0x1D3F, 0x1D3F, 0x1D5F, 0x1D5F, 0x2DBF, 0x3E1F, 0x461F, 0x463F, 0x463F, 0x4E5F, 0x4E5F, 0x565F, 0x565F, 0x567F,   // 0x4630 (17968) pixels
0x567F, 0x5E7F, 0x3DFF, 0x2DBF, 0x25BF, 0x25BF, 0x2DBF, 0x2DBF, 0x2DBF, 0x25BF, 0x3E1F, 0x567F, 0x567F, 0x567F, 0x567F, 0x569F,   // 0x4640 (17984) pixels
0x5E9F, 0x5E9F, 0x5E7F, 0x5E9F, 0x5E9F, 0x35FF, 0x2DBF, 0x25BF, 0x25BF, 0x2DBF, 0x2DBF, 0x2DBF, 0x25BF, 0x4E5F, 0x5E9F, 0x5E9F,   // 0x4650 (18000) pixels
0x5E7F, 0x5E7F, 0x567F, 0x4E5F, 0x4E5F, 0x4E3F, 0x463F, 0x461F, 0x2DBF, 0x255F, 0x1D5F, 0x1D3F, 0x1D3F, 0x1D3F, 0x1D1F, 0x1CFF,   // 0x4660 (18016) pixels
0x1CFF, 0x1CFF, 0x1CDF, 0x1CDF, 0x14BF, 0x14BF, 0x14BF, 0x149F, 0x149F, 0x1CDF, 0x14BF, 0x14BF, 0x149F, 0x149F, 0x0C5E, 0x0BDC,   // 0x4670 (18032) pixels
0x0359, 0x02F7, 0x02D6, 0x02D6, 0x02B6, 0x0296, 0x0296, 0x0255, 0x0255, 0x0235, 0x0235, 0x0255, 0x0255, 0x0255, 0x0235, 0x0214,   // 0x4680 (18048) pixels
0x0235, 0x0235, 0x0235, 0x0235, 0x0255, 0x0276, 0x0276, 0x0276, 0x0296, 0x02B6, 0x02F7, 0x0339, 0x037A, 0x0BBB, 0x0C1D, 0x145E,   // 0x4690 (18064) pixels
0x145E, 0x147E, 0x147E, 0x147E, 0x149F, 0x14BF, 0x0C7F, 0x0C7F, 0x147F, 0x147F, 0x0C9F, 0x149F, 0x14BF, 0x14DF, 0x14DF, 0x14FF,   // 0x46A0 (18080) pixels
0x1CFF, 0x1CFF, 0x1D1F, 0x1D1F, 0x1D3F, 0x1D3F, 0x35DF, 0x3DFF, 0x3E1F, 0x461F, 0x463F, 0x463F, 0x463F, 0x4E5F, 0x4E5F, 0x565F,   // 0x46B0 (18096) pixels
0x565F, 0x567F, 0x2DBF, 0x259F, 0x259F, 0x259F, 0x25BF, 0x25BF, 0x25BF, 0x259F, 0x3E1F, 0x4E7F, 0x4E7F, 0x4E5F, 0x4E7F, 0x567F,   // 0x46C0 (18112) pixels
0x567F, 0x567F, 0x567F, 0x567F, 0x567F, 0x35FF, 0x259F, 0x259F, 0x259F, 0x259F, 0x25BF, 0x259F, 0x259F, 0x3DFF, 0x567F, 0x567F,   // 0x46D0 (18128) pixels
0x567F, 0x567F, 0x4E5F, 0x4E3F, 0x463F, 0x461F, 0x461F, 0x3DFF, 0x35DF, 0x1D5F, 0x1D3F, 0x1D3F, 0x1D1F, 0x1D1F, 0x1CFF, 0x14DF,   // 0x46E0 (18144) pixels
0x14DF, 0x14BF, 0x14BF, 0x14BF, 0x149F, 0x149F, 0x147F, 0x0C5F, 0x0C5F, 0x149F, 0x1CBF, 0x14BF, 0x149F, 0x147F, 0x145F, 0x0C5E,   // 0x46F0 (18160) pixels
0x0C1E, 0x03DC, 0x037B, 0x035A, 0x0319, 0x02F8, 0x02B7, 0x0296, 0x0255, 0x0235, 0x0234, 0x0235, 0x0235, 0x0235, 0x0214, 0x0214,   // 0x4700 (18176) pixels
0x0235, 0x0235, 0x0235, 0x0255, 0x0256, 0x0297, 0x02B8, 0x02F9, 0x033A, 0x037B, 0x03BC, 0x0BDD, 0x0BFE, 0x0C1E, 0x0C1E, 0x0C3E,   // 0x4710 (18192) pixels
0x0C3E, 0x145E, 0x145E, 0x145E, 0x149F, 0x149F, 0x0C3F, 0x0C5F, 0x0C5F, 0x0C7F, 0x0C7E, 0x0C7F, 0x149F, 0x14BF, 0x14BF, 0x14DF,   // 0x4720 (18208) pixels
0x14DF, 0x14DF, 0x14DF, 0x1CFF, 0x1CFF, 0x1D3F, 0x35DF, 0x35DF, 0x3DFF, 0x3E1F, 0x461F, 0x461F, 0x461F, 0x463F, 0x4E3F, 0x4E3F,   // 0x4730 (18224) pixels
0x4E3F, 0x463F, 0x1D5F, 0x1D7F, 0x1D7F, 0x257F, 0x257F, 0x257F, 0x257F, 0x259F, 0x3E1F, 0x465F, 0x465F, 0x465F, 0x465F, 0x4E5F,   // 0x4740 (18240) pixels
0x4E5F, 0x4E5F, 0x4E5F, 0x4E5F, 0x4E7F, 0x35FF, 0x1D7F, 0x1D7F, 0x1D7F, 0x1D7F, 0x257F, 0x257F, 0x257F, 0x2DBF, 0x4E5F, 0x4E5F,   // 0x4750 (18256) pixels
0x4E5F, 0x4E3F, 0x463F, 0x461F, 0x3E1F, 0x3DFF, 0x3DFF, 0x35DF, 0x35DF, 0x1D5F, 0x1D1F, 0x1D1F, 0x1CFF, 0x14DF, 0x14DF, 0x14BF,   // 0x4760 (18272) pixels
0x14BF, 0x149F, 0x149F, 0x147F, 0x147F, 0x0C5F, 0x0C5F, 0x0C3F, 0x0C3F, 0x0C3F, 0x149F, 0x149F, 0x147F, 0x0C5F, 0x0C5F, 0x0C3E,   // 0x4770 (18288) pixels
0x0C1E, 0x0C1E, 0x0BFE, 0x03DE, 0x03BD, 0x039C, 0x037C, 0x033B, 0x02FA, 0x0298, 0x0276, 0x0255, 0x0255, 0x0235, 0x0215, 0x0214,   // 0x4780 (18304) pixels
0x0276, 0x0277, 0x0278, 0x02B9, 0x02DA, 0x031B, 0x035C, 0x039D, 0x03BD, 0x03BE, 0x03DE, 0x0BFE, 0x0BFE, 0x0C1E, 0x0C1E, 0x0C1E,   // 0x4790 (18320) pixels
0x0C3E, 0x0C3E, 0x0C3E, 0x0C5E, 0x147F, 0x0C3F, 0x0C1F, 0x0C3F, 0x0C3F, 0x0C5F, 0x0C5F, 0x0C5F, 0x0C7F, 0x0C7F, 0x149F, 0x149F,   // 0x47A0 (18336) pixels
0x14BF, 0x14BF, 0x14BF, 0x14DF, 0x14FF, 0x257F, 0x35BF, 0x35BF, 0x35BF, 0x3DDF, 0x3DFF, 0x3DFF, 0x3DFF, 0x3DFF, 0x461F, 0x461F,   // 0x47B0 (18352) pixels
0x461F, 0x35DF, 0x1D3F, 0x1D3F, 0x1D5F, 0x1D5F, 0x1D5F, 0x1D5F, 0x1D5F, 0x257F, 0x3E1F, 0x463F, 0x463F, 0x463F, 0x3E3F, 0x463F,   // 0x47C0 (18368) pixels
0x463F, 0x463F, 0x463F, 0x4E3F, 0x463F, 0x35DF, 0x1D5F, 0x1D3F, 0x1D3F, 0x1D3F, 0x1D5F, 0x1D5F, 0x1D5F, 0x1D5F, 0x4E3F, 0x463F,   // 0x47D0 (18384) pixels
0x463F, 0x461F, 0x3E1F, 0x3DFF, 0x3DFF, 0x35DF, 0x35DF, 0x35BF, 0x2DBF, 0x257F, 0x14FF, 0x14DF, 0x14DF, 0x14BF, 0x149F, 0x149F,   // 0x47E0 (18400) pixels
0x147F, 0x0C7F, 0x0C5F, 0x0C5F, 0x0C5F, 0x0C3F, 0x0C3F, 0x0C1E, 0x0C1E, 0x041F, 0x0C3F, 0x147F, 0x0C7F, 0x0C5F, 0x0C3F, 0x0C3E,   // 0x47F0 (18416) pixels
0x0C1E, 0x0BFE, 0x0BFE, 0x03DE, 0x03BE, 0x03BE, 0x03BE, 0x03BE, 0x039D, 0x035D, 0x02FB, 0x02DA, 0x02B9, 0x0299, 0x0277, 0x0236,   // 0x4800 (18432) pixels
0x02DA, 0x02DB, 0x02FC, 0x031C, 0x031D, 0x035D, 0x039E, 0x039D, 0x03BE, 0x03BE, 0x03BE, 0x0BDE, 0x0BFE, 0x0BFE, 0x0BFE, 0x0C1E,   // 0x4810 (18448) pixels
0x0C1E, 0x0C1E, 0x0C1E, 0x0C3E, 0x0BFE, 0x03DE, 0x03FE, 0x03FE, 0x041E, 0x041E, 0x0C3E, 0x0C3F, 0x0C5F, 0x0C5F, 0x0C7F, 0x0C7F,   // 0x4820 (18464) pixels
0x149F, 0x0C9F, 0x149F, 0x14BF, 0x14DF, 0x2D9F, 0x2D9F, 0x2DBF, 0x2D9F, 0x35BF, 0x35DF, 0x35DF, 0x35DF, 0x3DDF, 0x3DDF, 0x3DFF,   // 0x4830 (18480) pixels
0x3DFF, 0x2D9F, 0x1D1F, 0x1D3F, 0x1D3F, 0x1D1F, 0x1D1F, 0x1D3F, 0x1D3F, 0x1D5F, 0x3E1F, 0x3E3F, 0x3E1F, 0x3E1F, 0x3E1F, 0x3E1F,   // 0x4840 (18496) pixels
0x3E1F, 0x3E1F, 0x3E1F, 0x3E1F, 0x3E1F, 0x2DBF, 0x1D3F, 0x1D3F, 0x1D1F, 0x1D1F, 0x1D1F, 0x1D1F, 0x1D1F, 0x151F, 0x3DFF, 0x3E1F,   // 0x4850 (18512) pixels
0x3DFF, 0x3DFF, 0x3DDF, 0x35DF, 0x35BF, 0x2DBF, 0x2D9F, 0x2D9F, 0x2D7F, 0x257F, 0x14DF, 0x14BF, 0x149F, 0x149F, 0x0C7F, 0x0C7F,   // 0x4860 (18528) pixels
0x0C5F, 0x0C5F, 0x0C3F, 0x0C3F, 0x0C3F, 0x0C1E, 0x03FE, 0x03FE, 0x03FE, 0x03FE, 0x03DF, 0x0C1F, 0x0C5F, 0x0C5F, 0x0C3F, 0x0C1E,   // 0x4870 (18544) pixels
0x0BFE, 0x03FE, 0x03FE, 0x03DE, 0x03BE, 0x03BE, 0x039E, 0x039E, 0x039E, 0x039E, 0x035D, 0x031D, 0x02FD, 0x02DC, 0x02BC, 0x029B,   // 0x4880 (18560) pixels
0x02DC, 0x02DD, 0x02FD, 0x031D, 0x033D, 0x037D, 0x037E, 0x037D, 0x039D, 0x039D, 0x03BD, 0x03BE, 0x03DE, 0x0BDE, 0x0BFE, 0x0BFE,   // 0x4890 (18576) pixels
0x0C1E, 0x0C1E, 0x0C1E, 0x0BFE, 0x039E, 0x039E, 0x03BE, 0x03DE, 0x03DE, 0x03FE, 0x041E, 0x041F, 0x0C3F, 0x0C3F, 0x0C5F, 0x0C5F,   // 0x48A0 (18592) pixels
0x0C5F, 0x0C5F, 0x0C7F, 0x0C9F, 0x14FF, 0x2D7F, 0x2D7F, 0x2D7F, 0x2D7F, 0x2D9F, 0x2D9F, 0x2DBF, 0x35BF, 0x35BF, 0x35BF, 0x35BF,   // 0x48B0 (18608) pixels
0x35DF, 0x1D3F, 0x14FF, 0x1CFF, 0x1CFF, 0x14FF, 0x1CFF, 0x1D1F, 0x1D1F, 0x151F, 0x35FF, 0x35FF, 0x35FF, 0x35FF, 0x35FF, 0x35FF,   // 0x48C0 (18624) pixels
0x35FF, 0x35FF, 0x35FF, 0x3DFF, 0x3DFF, 0x2DBF, 0x151F, 0x1D1F, 0x1D1F, 0x1D1F, 0x1CFF, 0x14FF, 0x14FF, 0x14FF, 0x2D9F, 0x35DF,   // 0x48D0 (18640) pixels
0x35DF, 0x35BF, 0x35BF, 0x35BF, 0x2D9F, 0x2D7F, 0x255F, 0x255F, 0x255F, 0x255F, 0x1CFF, 0x149F, 0x0C7F, 0x0C5F, 0x0C5F, 0x0C5F,   // 0x48E0 (18656) pixels
0x0C3F, 0x0C1E, 0x041E, 0x041F, 0x041F, 0x03FE, 0x03DE, 0x03DE, 0x03DE, 0x03DE, 0x03BE, 0x03BE, 0x0C1F, 0x0C3F, 0x0C3F, 0x0C1E,   // 0x48F0 (18672) pixels
0x03FE, 0x03FE, 0x03DE, 0x03BE, 0x03BE, 0x039E, 0x039E, 0x039E, 0x037E, 0x037E, 0x037E, 0x031D, 0x02FD, 0x02DD, 0x02BD, 0x029C,   // 0x4900 (18688) pixels
0x02DD, 0x02DD, 0x02FD, 0x031D, 0x035D, 0x037D, 0x037D, 0x037D, 0x037D, 0x039D, 0x039D, 0x039D, 0x039D, 0x03BE, 0x03DE, 0x0BDE,   // 0x4910 (18704) pixels
0x0BFE, 0x0BFE, 0x03FE, 0x039D, 0x037E, 0x039E, 0x039E, 0x03BE, 0x03BE, 0x03DE, 0x03FE, 0x03FF, 0x041E, 0x041F, 0x043F, 0x0C3F,   // 0x4920 (18720) pixels
0x0C3F, 0x0C5F, 0x0C5F, 0x0C7F, 0x1D1F, 0x253F, 0x253F, 0x255F, 0x255F, 0x257F, 0x257F, 0x2D7F, 0x2D9F, 0x2D9F, 0x2D9F, 0x2D9F,   // 0x4930 (18736) pixels
0x35BF, 0x14DF, 0x14DF, 0x14DF, 0x14DF, 0x14DF, 0x14DF, 0x14FF, 0x14FF, 0x14FF, 0x35DF, 0x2DDF, 0x2DDF, 0x2DDF, 0x2DDF, 0x35DF,   // 0x4940 (18752) pixels
0x35DF, 0x35DF, 0x35DF, 0x35FF, 0x35FF, 0x2DBF, 0x14FF, 0x14FF, 0x14FF, 0x14FF, 0x14DF, 0x14DF, 0x14DF, 0x14DF, 0x1D3F, 0x35BF,   // 0x4950 (18768) pixels
0x2D9F, 0x2D9F, 0x2D9F, 0x2D9F, 0x2D7F, 0x255F, 0x253F, 0x253F, 0x1D1F, 0x1D1F, 0x1CFF, 0x0C7F, 0x0C5F, 0x0C3F, 0x0C3F, 0x041F,   // 0x4960 (18784) pixels
0x041E, 0x03FE, 0x03FE, 0x03FE, 0x03DE, 0x03DE, 0x03DE, 0x03BE, 0x03BE, 0x03BE, 0x039E, 0x039E, 0x03BE, 0x0C3F, 0x0C1F, 0x0BFE,   // 0x4970 (18800) pixels
0x03FE, 0x03DE, 0x03BE, 0x03BE, 0x039E, 0x039E, 0x037E, 0x037E, 0x035D, 0x035D, 0x035D, 0x035D, 0x02FD, 0x02BC, 0x029C, 0x029C,   // 0x4980 (18816) pixels
0x02DD, 0x02DD, 0x02FD, 0x035D, 0x035D, 0x035D, 0x035D, 0x035D, 0x035D, 0x037D, 0x037D, 0x039D, 0x039E, 0x039D, 0x03BD, 0x03DE,   // 0x4990 (18832) pixels
0x0BDE, 0x0BFE, 0x03BE, 0x037D, 0x037D, 0x037D, 0x037D, 0x037E, 0x039E, 0x03BE, 0x03DF, 0x03DF, 0x03FE, 0x03FF, 0x03FF, 0x041F,   // 0x49A0 (18848) pixels
0x041F, 0x041F, 0x043F, 0x0C7F, 0x1D1F, 0x1D1F, 0x1D1F, 0x1D3F, 0x253F, 0x255F, 0x255F, 0x255F, 0x257F, 0x2D7F, 0x2D7F, 0x2D7F,   // 0x49B0 (18864) pixels
0x255F, 0x14BF, 0x14BF, 0x14BF, 0x14BF, 0x14BF, 0x14BF, 0x14BF, 0x14BF, 0x14FF, 0x2DBF, 0x2DBF, 0x2DBF, 0x2DBF, 0x2DBF, 0x2DDF,   // 0x49C0 (18880) pixels
0x2DDF, 0x2DBF, 0x2DBF, 0x2DBF, 0x2DDF, 0x25BF, 0x14BF, 0x14DF, 0x14DF, 0x14DF, 0x14BF, 0x14BF, 0x14BF, 0x149F, 0x14BF, 0x2D9F,   // 0x49D0 (18896) pixels
0x2D7F, 0x257F, 0x255F, 0x255F, 0x253F, 0x1D3F, 0x1D1F, 0x1D1F, 0x1CFF, 0x14DF, 0x14DF, 0x0C9F, 0x0C3F, 0x041F, 0x041F, 0x03FE,   // 0x49E0 (18912) pixels
0x03FE, 0x03DE, 0x03BE, 0x03BE, 0x03BE, 0x03BE, 0x03BE, 0x039E, 0x039E, 0x037E, 0x037E, 0x037E, 0x037E, 0x03DE, 0x0BFE, 0x03FE,   // 0x49F0 (18928) pixels
0x03DE, 0x03BE, 0x039E, 0x039E, 0x039E, 0x037E, 0x037E, 0x035D, 0x035D, 0x035D, 0x033D, 0x033D, 0x031D, 0x02BC, 0x027C, 0x029C,   // 0x4A00 (18944) pixels
0x02BC, 0x02BD, 0x033D, 0x035D, 0x033D, 0x033D, 0x035D, 0x035D, 0x035D, 0x037D, 0x037D, 0x037D, 0x039D, 0x039D, 0x039D, 0x03BD,   // 0x4A10 (18960) pixels
0x03BE, 0x03DE, 0x035E, 0x035D, 0x035D, 0x035D, 0x035D, 0x037E, 0x039E, 0x03DE, 0x0C1F, 0x03DF, 0x03DE, 0x03BE, 0x03DE, 0x03FF,   // 0x4A20 (18976) pixels
0x03FF, 0x041F, 0x043F, 0x14BF, 0x1CFF, 0x1CFF, 0x1CFF, 0x1D1F, 0x1D1F, 0x1D1F, 0x253F, 0x253F, 0x255F, 0x255F, 0x253F, 0x255F,   // 0x4A30 (18992) pixels
0x1CFF, 0x147F, 0x149F, 0x149F, 0x149F, 0x149F, 0x149F, 0x149F, 0x14BF, 0x14FF, 0x259F, 0x257F, 0x257F, 0x257F, 0x2D9F, 0x2DBF,   // 0x4A40 (19008) pixels
0x2DBF, 0x2DBF, 0x259F, 0x259F, 0x2D9F, 0x259F, 0x0C9F, 0x14BF, 0x14BF, 0x149F, 0x0C9F, 0x0C9F, 0x0C7F, 0x0C7F, 0x0C7F, 0x255F,   // 0x4A50 (19024) pixels
0x255F, 0x253F, 0x1D3F, 0x1D3F, 0x1D1F, 0x1D1F, 0x1CFF, 0x1CFF, 0x1CDF, 0x14BF, 0x14BF, 0x149F, 0x041F, 0x03FF, 0x03FF, 0x03DE,   // 0x4A60 (19040) pixels
0x03BE, 0x03BE, 0x039E, 0x039E, 0x03BE, 0x03BE, 0x039E, 0x037E, 0x037E, 0x037E, 0x037E, 0x035E, 0x035E, 0x035E, 0x03DE, 0x03BE,   // 0x4A70 (19056) pixels
0x03BE, 0x039E, 0x037E, 0x037D, 0x037D, 0x035D, 0x033D, 0x033D, 0x033D, 0x033D, 0x033D, 0x031D, 0x031D, 0x02FD, 0x029C, 0x029C,   // 0x4A80 (19072) pixels
0x02BC, 0x02FD, 0x031D, 0x033D, 0x033D, 0x033D, 0x033D, 0x033D, 0x035D, 0x035D, 0x035D, 0x037D, 0x037D, 0x037E, 0x039E, 0x039D,   // 0x4A90 (19088) pixels
0x03BE, 0x035D, 0x033D, 0x033D, 0x033D, 0x033D, 0x035D, 0x037E, 0x03BE, 0x03FF, 0x3CFF, 0x03FF, 0x03BE, 0x03BE, 0x03BE, 0x03DE,   // 0x4AA0 (19104) pixels
0x03DF, 0x03FF, 0x041F, 0x14DF, 0x1CDF, 0x1CDF, 0x1CDF, 0x1CFF, 0x1CFF, 0x1CFF, 0x1D1F, 0x1D1F, 0x1D1F, 0x1D3F, 0x1D3F, 0x253F,   // 0x4AB0 (19120) pixels
0x14BF, 0x0C7F, 0x147F, 0x147F, 0x0C7F, 0x0C7F, 0x0C7F, 0x0C7F, 0x0C7F, 0x14DF, 0x255F, 0x255F, 0x257F, 0x255F, 0x257F, 0x259F,   // 0x4AC0 (19136) pixels
0x259F, 0x257F, 0x257F, 0x257F, 0x257F, 0x257F, 0x0C9F, 0x149F, 0x149F, 0x147F, 0x0C7F, 0x0C5F, 0x0C5F, 0x0C5F, 0x0C5F, 0x1CFF,   // 0x4AD0 (19152) pixels
0x1D3F, 0x1D1F, 0x1D1F, 0x1CFF, 0x1CFF, 0x1CDF, 0x1CDF, 0x14DF, 0x14BF, 0x149F, 0x149F, 0x149F, 0x03FF, 0x03DF, 0x03DE, 0x03BE,   // 0x4AE0 (19168) pixels
0x039E, 0x039E, 0x039E, 0x039E, 0x039E, 0x039E, 0x037E, 0x035E, 0x035E, 0x035E, 0x035D, 0x033D, 0x033D, 0x033D, 0x033E, 0x039E,   // 0x4AF0 (19184) pixels
0x039E, 0x037E, 0x037D, 0x035D, 0x035D, 0x033D, 0x031D, 0x033D, 0x033D, 0x033D, 0x031D, 0x02FD, 0x02FD, 0x02FD, 0x02DC, 0x029C,   // 0x4B00 (19200) pixels
0x02DC, 0x031D, 0x031D, 0x031D, 0x031D, 0x033D, 0x033D, 0x033D, 0x033D, 0x033D, 0x035D, 0x037D, 0x037D, 0x037D, 0x037D, 0x039E,   // 0x4B10 (19216) pixels
0x035D, 0x031D, 0x031D, 0x031D, 0x033D, 0x033D, 0x033D, 0x035E, 0x03BE, 0x34DF, 0x9E9F, 0x2CBF, 0x141F, 0x03BE, 0x03BE, 0x03BE,   // 0x4B20 (19232) pixels
0x03DF, 0x03DF, 0x0C1F, 0x14BF, 0x14BF, 0x1CBF, 0x14BF, 0x14DF, 0x1CDF, 0x1CFF, 0x1CFF, 0x1CFF, 0x1CFF, 0x1CFF, 0x1D1F, 0x1D1F,   // 0x4B30 (19248) pixels
0x0C7F, 0x0C5F, 0x0C5F, 0x0C5F, 0x0C5F, 0x0C5E, 0x0C5F, 0x0C5F, 0x0C5F, 0x14BF, 0x1D3F, 0x1D3F, 0x1D3F, 0x1D3F, 0x1D5F, 0x1D5F,   // 0x4B40 (19264) pixels
0x1D5F, 0x1D5F, 0x1D5F, 0x1D5F, 0x1D5F, 0x255F, 0x149F, 0x147F, 0x147F, 0x0C7F, 0x0C5F, 0x0C5F, 0x0C5F, 0x0C3F, 0x0C3F, 0x149F,   // 0x4B50 (19280) pixels
0x1CFF, 0x1CFF, 0x1CFF, 0x1CDF, 0x14DF, 0x14BF, 0x14BF, 0x149F, 0x149F, 0x147F, 0x147F, 0x0C7F, 0x0C3F, 0x03BE, 0x03BE, 0x039E,   // 0x4B60 (19296) pixels
0x039E, 0x039E, 0x037E, 0x037E, 0x037E, 0x037E, 0x035E, 0x033D, 0x033D, 0x033D, 0x033D, 0x031D, 0x031D, 0x031D, 0x02FD, 0x033D,   // 0x4B70 (19312) pixels
0x037E, 0x035D, 0x035D, 0x035D, 0x033D, 0x031D, 0x031D, 0x031D, 0x031D, 0x031D, 0x031D, 0x02FC, 0x02FC, 0x02DC, 0x02DC, 0x02BD,   // 0x4B80 (19328) pixels
0x02FC, 0x02FD, 0x02FD, 0x02FC, 0x02FC, 0x031D, 0x033D, 0x033D, 0x033D, 0x033D, 0x035D, 0x035D, 0x035D, 0x037D, 0x037D, 0x035D,   // 0x4B90 (19344) pixels
0x031D, 0x031D, 0x02FD, 0x02FD, 0x031D, 0x031D, 0x033D, 0x037E, 0x241E, 0x6DBF, 0xC71F, 0x555F, 0x0C1F, 0x03BF, 0x03BE, 0x03BE,   // 0x4BA0 (19360) pixels
0x03DF, 0x03DF, 0x0C3F, 0x147F, 0x149F, 0x149F, 0x14BF, 0x14BF, 0x14BF, 0x1CDF, 0x1CDF, 0x1CDF, 0x1CDF, 0x1CDF, 0x1CFF, 0x1CFF,   // 0x4BB0 (19376) pixels
0x0C3F, 0x0C3F, 0x0C3F, 0x0C3F, 0x0C1E, 0x0C3E, 0x0C3F, 0x0C3F, 0x0C3F, 0x14BF, 0x1D3F, 0x1D1F, 0x1D1F, 0x1D1F, 0x1D3F, 0x1D3F,   // 0x4BC0 (19392) pixels
0x1D3F, 0x1D3F, 0x1D3F, 0x1D3F, 0x1D3F, 0x1D3F, 0x0C7F, 0x0C5F, 0x0C5F, 0x0C5F, 0x0C3F, 0x0C3F, 0x0C3F, 0x0C3F, 0x041F, 0x0C5F,   // 0x4BD0 (19408) pixels
0x1CDF, 0x14BF, 0x14DF, 0x14BF, 0x14BF, 0x149F, 0x149F, 0x147F, 0x147F, 0x0C7F, 0x0C7F, 0x0C7F, 0x0C5F, 0x03BE, 0x039E, 0x037E,   // 0x4BE0 (19424) pixels
0x037E, 0x037E, 0x037E, 0x037E, 0x035E, 0x035E, 0x033D, 0x033D, 0x031D, 0x031D, 0x031D, 0x031D, 0x02FD, 0x02FD, 0x02FD, 0x02FD,   // 0x4BF0 (19440) pixels
0x035E, 0x035D, 0x033D, 0x033D, 0x033D, 0x031D, 0x031D, 0x031D, 0x031D, 0x031D, 0x031D, 0x02FC, 0x02DC, 0x02DC, 0x02DC, 0x02BC,   // 0x4C00 (19456) pixels
0x02DC, 0x02DC, 0x02FC, 0x02FC, 0x02FC, 0x02FC, 0x031C, 0x031C, 0x02FC, 0x031D, 0x031D, 0x033D, 0x035D, 0x035D, 0x035D, 0x02FD,   // 0x4C10 (19472) pixels
0x02FC, 0x02FC, 0x02FC, 0x02FC, 0x02FC, 0x02FD, 0x031D, 0x031D, 0x033D, 0x039E, 0x3CBF, 0x0BFF, 0x03BF, 0x039E, 0x039E, 0x039E,   // 0x4C20 (19488) pixels
0x03BE, 0x03DF, 0x0C5F, 0x0C5F, 0x0C7F, 0x0C7F, 0x0C7F, 0x149F, 0x149F, 0x149F, 0x149F, 0x149F, 0x149F, 0x14BF, 0x1CDF, 0x149F,   // 0x4C30 (19504) pixels
0x041F, 0x041F, 0x041F, 0x041E, 0x03FE, 0x03FE, 0x03FE, 0x0C1E, 0x0C3F, 0x14BF, 0x1D1F, 0x1CFF, 0x1CFF, 0x1CFF, 0x1D1F, 0x1D1F,   // 0x4C40 (19520) pixels
0x1D1F, 0x1D1F, 0x1D1F, 0x1D1F, 0x1D1F, 0x1D1F, 0x0C7F, 0x0C3F, 0x0C3F, 0x0C3F, 0x0C3F, 0x0C1F, 0x041F, 0x041F, 0x03FF, 0x03FF,   // 0x4C50 (19536) pixels
0x14BF, 0x149F, 0x149F, 0x149F, 0x147F, 0x0C7F, 0x0C7F, 0x0C7F, 0x0C7F, 0x0C5F, 0x0C5F, 0x0C5F, 0x0C3F, 0x03DE, 0x037E, 0x037E,   // 0x4C60 (19552) pixels
0x037E, 0x035E, 0x035E, 0x035D, 0x033D, 0x033D, 0x033D, 0x031D, 0x02FD, 0x02FC, 0x02FD, 0x02FC, 0x02DC, 0x02DD, 0x02DD, 0x02DD,   // 0x4C70 (19568) pixels
0x02FD, 0x035D, 0x033D, 0x031D, 0x033D, 0x031D, 0x031D, 0x02FC, 0x02FD, 0x02FC, 0x02FC, 0x02DC, 0x02BC, 0x02BC, 0x02DC, 0x02BC,   // 0x4C80 (19584) pixels
0x02BC, 0x02DC, 0x02DC, 0x02DC, 0x02FC, 0x02DC, 0x02DC, 0x02DC, 0x02FC, 0x02FC, 0x02FC, 0x031D, 0x033D, 0x033D, 0x031D, 0x02DC,   // 0x4C90 (19600) pixels
0x02DC, 0x02DC, 0x02DC, 0x02DC, 0x02DC, 0x02DC, 0x02FD, 0x02FD, 0x031D, 0x033D, 0x13BE, 0x037E, 0x037E, 0x037E, 0x037E, 0x039E,   // 0x4CA0 (19616) pixels
0x03BE, 0x03FF, 0x0C3F, 0x0C3F, 0x0C5F, 0x0C5F, 0x0C5F, 0x0C5F, 0x0C7F, 0x147F, 0x147F, 0x147F, 0x147F, 0x147F, 0x149F, 0x0C3F,   // 0x4CB0 (19632) pixels
0x03FF, 0x03FF, 0x03FF, 0x03FF, 0x03FE, 0x03FE, 0x03FE, 0x03FE, 0x041E, 0x14BF, 0x14FF, 0x14DF, 0x14DF, 0x14DF, 0x14FF, 0x1CFF,   // 0x4CC0 (19648) pixels
0x14FF, 0x14DF, 0x14DF, 0x14FF, 0x14FF, 0x14FF, 0x0C7F, 0x0C1F, 0x041F, 0x0C1E, 0x0BFE, 0x03FE, 0x03FE, 0x03FE, 0x03DE, 0x03DF,   // 0x4CD0 (19664) pixels
0x147F, 0x147F, 0x147F, 0x0C7F, 0x0C5F, 0x0C5F, 0x0C5F, 0x0C5F, 0x0C5F, 0x0C3F, 0x0C3F, 0x0C3F, 0x0C1F, 0x041F, 0x037E, 0x037E,   // 0x4CE0 (19680) pixels
0x035E, 0x035E, 0x033E, 0x033D, 0x031D, 0x031D, 0x02FD, 0x02FC, 0x02FC, 0x02FC, 0x02FC, 0x02DC, 0x02DC, 0x02DC, 0x02DC, 0x02DC,   // 0x4CF0 (19696) pixels
0x02BC, 0x031D, 0x031D, 0x031D, 0x031D, 0x031D, 0x031D, 0x02FC, 0x02FC, 0x02DC, 0x02DC, 0x02BC, 0x02BC, 0x02BC, 0x02BC, 0x02BC,   // 0x4D00 (19712) pixels
0x02BC, 0x02DC, 0x02DC, 0x02DC, 0x02DC, 0x02DC, 0x02DC, 0x02DC, 0x02DC, 0x02FC, 0x02FC, 0x02FC, 0x031D, 0x031D, 0x02BC, 0x02BC,   // 0x4D10 (19728) pixels
0x02BC, 0x02DC, 0x02DC, 0x02DC, 0x02DC, 0x02DC, 0x02DC, 0x02FD, 0x02FD, 0x031D, 0x033D, 0x033D, 0x033D, 0x035D, 0x035E, 0x037E,   // 0x4D20 (19744) pixels
0x039E, 0x03FE, 0x0C1E, 0x0C1E, 0x0C3F, 0x0C3F, 0x0C3F, 0x0C3F, 0x0C5F, 0x0C5F, 0x0C5F, 0x147F, 0x0C5F, 0x147F, 0x149F, 0x03FE,   // 0x4D30 (19760) pixels
0x03DE, 0x03DF, 0x03DF, 0x03DE, 0x03DE, 0x03DE, 0x03DE, 0x03FE, 0x03FE, 0x14BF, 0x14BF, 0x14BF, 0x14BF, 0x14BF, 0x14DF, 0x14DF,   // 0x4D40 (19776) pixels
0x14DF, 0x14DF, 0x14DF, 0x14DF, 0x14DF, 0x14DF, 0x0C7F, 0x03FF, 0x03FF, 0x03FE, 0x03DE, 0x03DE, 0x03DE, 0x03DE, 0x03DE, 0x03BE,   // 0x4D50 (19792) pixels
0x0C3F, 0x0C5F, 0x0C5F, 0x0C5F, 0x0C5F, 0x0C5F, 0x0C5F, 0x0C5F, 0x0C3F, 0x0C1F, 0x0C1F, 0x041F, 0x03FF, 0x03FF, 0x039E, 0x035E,   // 0x4D60 (19808) pixels
0x033E, 0x033D, 0x033D, 0x031D, 0x031D, 0x02FD, 0x02FD, 0x02FD, 0x02FC, 0x02DC, 0x02DC, 0x02DC, 0x02DC, 0x02DC, 0x02DC, 0x02BC,   // 0x4D70 (19824) pixels
0x02BC, 0x02BC, 0x031D, 0x031D, 0x02FD, 0x02FD, 0x02FC, 0x02DC, 0x02DC, 0x02BC, 0x02BC, 0x02BC, 0x02BC, 0x02BC, 0x02BC, 0x02BC,   // 0x4D80 (19840) pixels
0x02BC, 0x02BC, 0x02DC, 0x02DC, 0x02DC, 0x02DC, 0x02BC, 0x02BC, 0x02DC, 0x02DC, 0x02DC, 0x02FC, 0x031C, 0x02BC, 0x029C, 0x02BC,   // 0x4D90 (19856) pixels
0x02BC, 0x02BC, 0x02DC, 0x02DC, 0x02DC, 0x02DC, 0x02DC, 0x02FC, 0x02FD, 0x02FD, 0x031D, 0x031D, 0x031D, 0x033D, 0x033D, 0x035E,   // 0x4DA0 (19872) pixels
0x039E, 0x0C1F, 0x03FE, 0x03FE, 0x041F, 0x0C1F, 0x0C1F, 0x0C3E, 0x0C3F, 0x0C5F, 0x0C5F, 0x145F, 0x145F, 0x147F, 0x149F, 0x03BE,   // 0x4DB0 (19888) pixels
0x03BE, 0x03DE, 0x03BE, 0x03BE, 0x03BE, 0x03BE, 0x03BE, 0x03BE, 0x03DE, 0x149F, 0x149F, 0x149F, 0x149F, 0x14BF, 0x14BF, 0x14BF,   // 0x4DC0 (19904) pixels
0x14BF, 0x149F, 0x14BF, 0x14BF, 0x14BF, 0x14BF, 0x0C5F, 0x03FF, 0x03DE, 0x03DE, 0x03BE, 0x03BE, 0x03BE, 0x03BE, 0x039E, 0x039E,   // 0x4DD0 (19920) pixels
0x03FE, 0x0C3F, 0x0C3F, 0x0C3F, 0x0C3F, 0x0C3F, 0x0C3F, 0x0C3F, 0x0C1F, 0x03FF, 0x03FF, 0x03FF, 0x03FE, 0x03FE, 0x03DE, 0x033E,   // 0x4DE0 (19936) pixels
0x033D, 0x031D, 0x031D, 0x031D, 0x02FD, 0x02FD, 0x02FD, 0x02FD, 0x02FD, 0x02FD, 0x02DC, 0x02DC, 0x02DC, 0x02BC, 0x02BC, 0x02BC,   // 0x4DF0 (19952) pixels
0x02BC, 0x029C, 0x02BC, 0x02FC, 0x02FD, 0x02DC, 0x02DC, 0x02BC, 0x02BC, 0x02BC, 0x02BC, 0x029C, 0x029B, 0x029B, 0x029C, 0x029C,   // 0x4E00 (19968) pixels
0x02BC, 0x02BC, 0x02BC, 0x02DC, 0x02DC, 0x02BC, 0x02BC, 0x02BC, 0x02DC, 0x02BC, 0x02BC, 0x02DC, 0x02DC, 0x027B, 0x029B, 0x02BC,   // 0x4E10 (19984) pixels
0x02BC, 0x02BC, 0x02BC, 0x02BC, 0x02BC, 0x02BC, 0x02DC, 0x02FC, 0x02FC, 0x02FC, 0x02FC, 0x02FD, 0x02FD, 0x031D, 0x033D, 0x033E,   // 0x4E20 (20000) pixels
0x03BE, 0x03FE, 0x03FE, 0x03FE, 0x03FE, 0x041E, 0x041E, 0x0C1E, 0x0C3F, 0x0C3F, 0x0C5F, 0x0C5F, 0x0C5F, 0x0C7F, 0x0C5F, 0x039E,   // 0x4E30 (20016) pixels
0x039E, 0x03BE, 0x03BE, 0x039E, 0x039E, 0x039E, 0x039E, 0x03BE, 0x03BE, 0x149F, 0x147F, 0x147F, 0x147F, 0x147F, 0x149F, 0x149F,   // 0x4E40 (20032) pixels
0x149F, 0x147F, 0x147F, 0x149F, 0x149F, 0x149F, 0x0C3E, 0x03BE, 0x03BE, 0x03BE, 0x03BE, 0x039E, 0x039E, 0x039E, 0x039E, 0x039E,   // 0x4E50 (20048) pixels
0x03BE, 0x0C3F, 0x0C1F, 0x0C1F, 0x0C1F, 0x0C1F, 0x0C1F, 0x0C1F, 0x041F, 0x03FE, 0x03DE, 0x03DE, 0x03DE, 0x03DE, 0x03BE, 0x033E,   // 0x4E60 (20064) pixels
0x031D, 0x031D, 0x031D, 0x02FD, 0x02FD, 0x02FD, 0x02DC, 0x02DC, 0x02DC, 0x02FD, 0x02DC, 0x02BC, 0x02BC, 0x02BC, 0x029C, 0x029C,   // 0x4E70 (20080) pixels
0x029B, 0x029B, 0x027B, 0x02BC, 0x02FC, 0x02DC, 0x02DC, 0x02BC, 0x02BC, 0x02BC, 0x02BC, 0x029C, 0x029B, 0x029B, 0x027B, 0x027B,   // 0x4E80 (20096) pixels
0x02BC, 0x02BC, 0x02BC, 0x02BC, 0x02BC, 0x02BB, 0x02BC, 0x02DC, 0x02DC, 0x02DC, 0x02BC, 0x02BC, 0x027B, 0x027B, 0x027B, 0x027B,   // 0x4E90 (20112) pixels
0x027B, 0x029B, 0x02BC, 0x02BC, 0x02BC, 0x02BC, 0x02DC, 0x02DC, 0x02DC, 0x02DC, 0x02DC, 0x02DC, 0x02FD, 0x031D, 0x031D, 0x033D,   // 0x4EA0 (20128) pixels
0x03DE, 0x03DE, 0x03DE, 0x03DE, 0x03FE, 0x03FE, 0x03FE, 0x0C1E, 0x0C1F, 0x0C3F, 0x0C3E, 0x0C3E, 0x0C3E, 0x0C3F, 0x03FF, 0x037E,   // 0x4EB0 (20144) pixels
0x037E, 0x037E, 0x039E, 0x039E, 0x039E, 0x039E, 0x039E, 0x039E, 0x03BE, 0x147F, 0x145F, 0x0C5F, 0x0C5F, 0x0C5F, 0x0C5F, 0x0C7F,   // 0x4EC0 (20160) pixels
0x0C7F, 0x0C7F, 0x0C7F, 0x0C7F, 0x147F, 0x147F, 0x0C1E, 0x039E, 0x039E, 0x039E, 0x039E, 0x039E, 0x039E, 0x039E, 0x037E, 0x037E,   // 0x4ED0 (20176) pixels
0x037E, 0x0C1F, 0x041F, 0x041F, 0x041F, 0x03FF, 0x03FF, 0x03FF, 0x03FF, 0x03DE, 0x03DE, 0x03BE, 0x03BE, 0x03BE, 0x039E, 0x035E,   // 0x4EE0 (20192) pixels
0x031D, 0x031D, 0x02FD, 0x02FD, 0x02DC, 0x02DC, 0x02DC, 0x02DC, 0x02DC, 0x02DC, 0x02BC, 0x02BC, 0x029C, 0x029B, 0x029C, 0x029B,   // 0x4EF0 (20208) pixels
0x027B, 0x027B, 0x027B, 0x027B, 0x02DC, 0x02DC, 0x02BC, 0x02BC, 0x02BC, 0x029B, 0x029C, 0x029B, 0x027B, 0x027B, 0x025B, 0x025B,   // 0x4F00 (20224) pixels
0x027B, 0x029C, 0x02BC, 0x02BB, 0x02BB, 0x029B, 0x02BC, 0x02BC, 0x02BC, 0x02DC, 0x02DC, 0x027B, 0x025B, 0x027B, 0x025B, 0x027B,   // 0x4F10 (20240) pixels
0x027B, 0x027B, 0x029B, 0x02BC, 0x02BC, 0x02BC, 0x02BC, 0x02BC, 0x02BC, 0x02DC, 0x02DC, 0x02FC, 0x02FD, 0x031D, 0x031D, 0x035E,   // 0x4F20 (20256) pixels
0x03BE, 0x03BE, 0x03DE, 0x03DE, 0x03DE, 0x03FE, 0x03FE, 0x0BFE, 0x0C1E, 0x0C1E, 0x0C1E, 0x0C1E, 0x0C1E, 0x0C1F, 0x03BE, 0x037E,   // 0x4F30 (20272) pixels
0x035E, 0x037E, 0x037E, 0x039E, 0x039E, 0x039E, 0x039E, 0x037E, 0x039E, 0x0C5F, 0x0C5F, 0x0C5F, 0x0C3F, 0x0C3F, 0x0C5F, 0x0C5F,   // 0x4F40 (20288) pixels
0x0C5F, 0x0C5F, 0x0C5F, 0x0C5F, 0x0C5F, 0x0C5F, 0x0C1E, 0x039E, 0x039E, 0x037E, 0x037E, 0x037E, 0x037E, 0x037E, 0x037E, 0x037E,   // 0x4F50 (20304) pixels
0x035E, 0x03FF, 0x041F, 0x03FF, 0x03FF, 0x03DF, 0x03DE, 0x03DE, 0x03DE, 0x03BE, 0x03BE, 0x03BE, 0x039E, 0x039E, 0x039E, 0x037E,   // 0x4F60 (20320) pixels
0x02FD, 0x02FD, 0x02FD, 0x02DC, 0x02DC, 0x02BC, 0x02BC, 0x02BC, 0x02BC, 0x02BC, 0x02BC, 0x029C, 0x029C, 0x029B, 0x027B, 0x027B,   // 0x4F70 (20336) pixels
0x027B, 0x027B, 0x027B, 0x027B, 0x029C, 0x02BC, 0x02BC, 0x029C, 0x029B, 0x029C, 0x029C, 0x029B, 0x027B, 0x025B, 0x025B, 0x023A,   // 0x4F80 (20352) pixels
0x025B, 0x027B, 0x029B, 0x029B, 0x029B, 0x029B, 0x029B, 0x029B, 0x02BC, 0x02BC, 0x029B, 0x025B, 0x025A, 0x025A, 0x023A, 0x025A,   // 0x4F90 (20368) pixels
0x025B, 0x027B, 0x029B, 0x02BB, 0x02BB, 0x029C, 0x02BC, 0x02BC, 0x02BC, 0x02BC, 0x02DC, 0x02DC, 0x02FD, 0x02FD, 0x02FD, 0x037E,   // 0x4FA0 (20384) pixels
0x03BE, 0x039E, 0x03BE, 0x03BE, 0x03BE, 0x03DE, 0x03DE, 0x03FE, 0x03FE, 0x0C1E, 0x03FE, 0x03FE, 0x03FE, 0x03FE, 0x035E, 0x035D,   // 0x4FB0 (20400) pixels
0x035D, 0x035D, 0x035D, 0x037E, 0x037E, 0x037E, 0x037E, 0x037E, 0x039E, 0x0C3F, 0x0C3F, 0x0C3F, 0x0C3F, 0x0C3F, 0x0C1F, 0x0C3F,   // 0x4FC0 (20416) pixels
0x0C3F, 0x0C3F, 0x0C3F, 0x0C3F, 0x0C3F, 0x0C3F, 0x0C1E, 0x039E, 0x037E, 0x037E, 0x037E, 0x035E, 0x035E, 0x035E, 0x035E, 0x035E,   // 0x4FD0 (20432) pixels
0x035E, 0x03BE, 0x03FF, 0x03FF, 0x03DE, 0x03DE, 0x03BE, 0x03BE, 0x039E, 0x039E, 0x039E, 0x039E, 0x039E, 0x039E, 0x037E, 0x037E,   // 0x4FE0 (20448) pixels
0x033D, 0x02FD, 0x02DC, 0x02DC, 0x02BC, 0x02BC, 0x029C, 0x029C, 0x02BC, 0x029C, 0x029C, 0x029B, 0x027B, 0x027B, 0x025B, 0x025B,   // 0x4FF0 (20464) pixels
0x025B, 0x025A, 0x025A, 0x025B, 0x025B, 0x029C, 0x02BC, 0x029C, 0x029B, 0x029B, 0x029C, 0x027B, 0x027B, 0x025B, 0x025B, 0x023A,   // 0x5000 (20480) pixels
};