// --- COLE A ARRAY DA SUA IMAGEM AQUI ---
const uint16_t Tela_inicial[] PROGMEM = {
0x01AC, 0x01AC, 0x01AC, 0x01AC, 0x01AC, 0x01AC, 0x01AC, 0x01AC, 0x01AC, 0x01AC, 0x01AC, 0x01AC, 0x01AC, 0x01AC, 0x01AC, 0x01AC,   // 0x0010 (16)
0x01AC, 0x01AC, 0x01AC, 0x01AC, 0x01AC, 0x01AC, 0x01AC, 0x01AC, 0x01AC, 0x01AC, 0x01AC, 0x01AC, 0x01AC, 0x01AC, 0x01AC, 0x01AC,   // 0x0020 (32)
0x01AC, 0x01AC, 0x01AC, 0x01AC, 0x01AC, 0x01AC, 0x01AC, 0x01AC, 0x01AC, 0x01AC, 0x01AC, 0x01AC, 0x01AC, 0x01AC, 0x01AC, 0x01AC,   // 0x0030 (48)
0x01AC, 0x01AC, 0x01AC, 0x01AC, 0x01AC, 0x01AC, 0x01AC, 0x01AC, 0x01AC, 0x01AC, 0x01AC, 0x01AC, 0x01AC, 0x01AC, 0x01AC, 0x01AC,   // 0x0040 (64)
0x01AC, 0x01AC, 0x01AC, 0x01AC, 0x01AC, 0x01AC, 0x01AC, 0x01AC, 0x01AC, 0x01AC, 0x01AC, 0x01AC, 0x01AC, 0x01AC, 0x01AC, 0x01AC,   // 0x0050 (80)
0x01AC, 0x01AC, 0x01AC, 0x01AC, 0x01AC, 0x01AC, 0x01AC, 0x01AC, 0x01AC, 0x01AC, 0x01AC, 0x01AC, 0x01AC, 0x01AC, 0x01AC, 0x01AC,   // 0x0060 (96)
0x01AC, 0x01AC, 0x01AC, 0x01AC, 0x01AC, 0x01AC, 0x01AC, 0x01AC, 0x01AC, 0x01AC, 0x01AC, 0x01AC, 0x01AC, 0x01AC, 0x01AC, 0x01AC,   // 0x0070 (112)
0x01AC, 0x01AC, 0x01AC, 0x01AC, 0x01AC, 0x01AC, 0x01AC, 0x01AC, 0x01AC, 0x01AC, 0x01AC, 0x01AC, 0x01AC, 0x01AC, 0x01AC, 0x01AC,   // 0x0080 (128)
0x01AC, 0x01AC, 0x01AC, 0x01AC, 0x01AC, 0x01AC, 0x01AC, 0x01AC, 0x01AC, 0x01AC, 0x01AC, 0x01AC, 0x01AC, 0x01AC, 0x01AC, 0x01AC,   // 0x0090 (144)
0x01AC, 0x01AC, 0x01AC, 0x01AC, 0x01AC, 0x01AC, 0x01AC, 0x01AC, 0x01AC, 0x01AC, 0x01AC, 0x01AC, 0x01AC, 0x01AC, 0x01AC, 0x01AC,   // 0x00A0 (160)
0x01AC, 0x01AC, 0x01AC, 0x01AC, 0x01AC, 0x01AC, 0x01AC, 0x01AC, 0x01AC, 0x01AC, 0x01AC, 0x01AC, 0x01AC, 0x01AC, 0x01AC, 0x01AC,   // 0x00B0 (176)
0x01AC, 0x01AC, 0x01AC, 0x01AC, 0x01AC, 0x01AC, 0x01AC, 0x01AC, 0x01AC, 0x01AC, 0x01AC, 0x01AC, 0x01AC, 0x01AC, 0x01AC, 0x01AC,   // 0x00C0 (192)
0x01AC, 0x01AC, 0x01AC, 0x01AC, 0x01AC, 0x01AC, 0x01AC, 0x01AC, 0x01AC, 0x01AC, 0x01AC, 0x01AC, 0x01AC, 0x01AC, 0x01AC, 0x01AC,   // 0x00D0 (208)
0x01AC, 0x01AC, 0x01AC, 0x01AC, 0x01AC, 0x01AC, 0x01AC, 0x01AC, 0x01AC, 0x01AC, 0x01AC, 0x01AC, 0x01AC, 0x01AC, 0x01AC, 0x01AC,   // 0x00E0 (224)
0x01AC, 0x01AC, 0x01AC, 0x01AC, 0x01AC, 0x01AC, 0x01AC, 0x01AC, 0x01AC, 0x01AC, 0x01AC, 0x01AC, 0x01AC, 0x01AC, 0x01AC, 0x01AC,   // 0x00F0 (240)
0x01AC, 0x01AC, 0x01AC, 0x01AC, 0x01AC, 0x01AC, 0x01AC, 0x01AC, 0x01AC, 0x01AC, 0x01AC, 0x01AC, 0x01AC, 0x01AC, 0x01AC, 0x01AC,   // 0x0100 (256)
0x01AC, 0x01AC, 0x01AC, 0x01AC, 0x01AC, 0x01AC, 0x01AC, 0x01AC, 0x01AC, 0x01AC, 0x01AC, 0x01AC, 0x01AC, 0x01AC, 0x01AC, 0x01AC,   // 0x0110 (272)
0x01AC, 0x01AC, 0x01AC, 0x01AC, 0x01AC, 0x01AC, 0x01AC, 0x01AC, 0x01AC, 0x01AC, 0x01AC, 0x01AC, 0x01AC, 0x01AC, 0x01AC, 0x01AC,   // 0x0120 (288)
0x01AC, 0x01AC, 0x01AC, 0x01AC, 0x01AC, 0x01AC, 0x01AC, 0x01AC, 0x01AC, 0x01AC, 0x01AC, 0x01AC, 0x01AC, 0x01AC, 0x01AC, 0x01AC,   // 0x0130 (304)
0x01AC, 0x01AC, 0x01AC, 0x01AC, 0x01AC, 0x01AC, 0x01AC, 0x01AC, 0x01AC, 0x01AC, 0x01AC, 0x01AC, 0x01AC, 0x01AC, 0x01AC, 0x01AC,   // 0x0140 (320)
0x01AC, 0x01AC, 0x01AC, 0x01AC, 0x01AC, 0x01AC, 0x01AC, 0x01AC, 0x01AC, 0x01AC, 0x01AC, 0x01AC, 0x01AC, 0x01AC, 0x01AC, 0x01AC,   // 0x0150 (336)
0x01AC, 0x01AC, 0x01AC, 0x01AC, 0x01AC, 0x01AC, 0x01AC, 0x01AC, 0x01AC, 0x01AC, 0x01AC, 0x01AC, 0x01AC, 0x01AC, 0x01AC, 0x01AC,   // 0x0160 (352)
0x01AC, 0x01AC, 0x01AC, 0x01AC, 0x01AC, 0x01AC, 0x01AC, 0x01AC, 0x01AC, 0x01AC, 0x01AC, 0x01AC, 0x01AC, 0x01AC, 0x01AC, 0x01AC,   // 0x0170 (368)
0x01AC, 0x01AC, 0x01AC, 0x01AC, 0x01AC, 0x01AC, 0x01AC, 0x01AC, 0x01AC, 0x01AC, 0x01AC, 0x01AC, 0x01AC, 0x01AC, 0x01AC, 0x01AC,   // 0x0180 (384)
0x01AC, 0x01AC, 0x01AC, 0x01AC, 0x01AC, 0x01AC, 0x01AC, 0x01AC, 0x01AC, 0x01AC, 0x01AC, 0x01AC, 0x01AC, 0x01AC, 0x01AC, 0x01AC,   // 0x0190 (400)
0x01AC, 0x01AC, 0x01AC, 0x01AC, 0x01AC, 0x01AC, 0x01AC, 0x01AC, 0x01AC, 0x01AC, 0x01AC, 0x01AC, 0x01AC, 0x01AC, 0x01AC, 0x01AC,   // 0x01A0 (416)
0x01AC, 0x01AC, 0x01AC, 0x01AC, 0x01AC, 0x01AC, 0x01AC, 0x01AC, 0x01AC, 0x01AC, 0x01AC, 0x01AC, 0x01AC, 0x01AC, 0x01AC, 0x01AC,   // 0x01B0 (432)
0x01AC, 0x01AC, 0x01AC, 0x01AC, 0x01AC, 0x01AC, 0x01AC, 0x01AC, 0x01AC, 0x01AC, 0x01AC, 0x01AC, 0x01AC, 0x01AC, 0x01AC, 0x01AC,   // 0x01C0 (448)
0x01AC, 0x01AC, 0x01AC, 0x01AC, 0x01AC, 0x01AC, 0x01AC, 0x01AC, 0x01AC, 0x01AC, 0x01AC, 0x01AC, 0x01AC, 0x01AC, 0x01AC, 0x01AC,   // 0x01D0 (464)
0x01AC, 0x01AC, 0x01AC, 0x01AC, 0x01AC, 0x01AC, 0x01AC, 0x01AC, 0x01AC, 0x01AC, 0x01AC, 0x01AC, 0x01AC, 0x01AC, 0x01AC, 0x01AC,   // 0x01E0 (480)
0x01AC, 0x01AC, 0x01AC, 0x01AC, 0x01AC, 0x01AC, 0x01AC, 0x01AC, 0x01AC, 0x01AC, 0x01AC, 0x01AC, 0x01AC, 0x01AC, 0x01AC, 0x01AC,   // 0x01F0 (496)
0x01AC, 0x01AC, 0x01AC, 0x01AC, 0x01AC, 0x01AC, 0x01AC, 0x01AC, 0x01AC, 0x01AC, 0x01AC, 0x01AC, 0x01AC, 0x01AC, 0x01AC, 0x01AC,   // 0x0200 (512)
0x01AC, 0x01AC, 0x01AC, 0x01AC, 0x01AC, 0x01AC, 0x01AC, 0x01AC, 0x01AC, 0x01AC, 0x01AC, 0x01AC, 0x01AC, 0x01AC, 0x01AC, 0x01AC,   // 0x0210 (528)
0x01AC, 0x01AC, 0x01AC, 0x01AC, 0x01AC, 0x01AC, 0x01AC, 0x01AC, 0x01AC, 0x01AC, 0x01AC, 0x01AC, 0x01AC, 0x01AC, 0x01AC, 0x01AC,   // 0x0220 (544)
0x01AC, 0x01AC, 0x01AC, 0x01AC, 0x01AC, 0x01AC, 0x01AC, 0x01AC, 0x01AC, 0x01AC, 0x01AC, 0x01AC, 0x01AC, 0x01AC, 0x01AC, 0x01AC,   // 0x0230 (560)
0x01AC, 0x01AC, 0x01AC, 0x01AC, 0x01AC, 0x01AC, 0x01AC, 0x01AC, 0x01AC, 0x01AC, 0x01AC, 0x01AC, 0x01AC, 0x01AC, 0x01AC, 0x01AC,   // 0x0240 (576)
0x01AC, 0x01AC, 0x01AC, 0x01AC, 0x01AC, 0x01AC, 0x01AC, 0x01AC, 0x01AC, 0x01AC, 0x01AC, 0x01AC, 0x01AC, 0x01AC, 0x01AC, 0x01AC,   // 0x0250 (592)
0x01AC, 0x01AC, 0x01AC, 0x01AC, 0x01AC, 0x01AC, 0x01AC, 0x01AC, 0x01AC, 0x01AC, 0x01AC, 0x01AC, 0x01AC, 0x01AC, 0x01AC, 0x01AC,   // 0x0260 (608)
0x01AC, 0x01AC, 0x01AC, 0x01AC, 0x01AC, 0x01AC, 0x01AC, 0x01AC, 0x01AC, 0x01AC, 0x01AC, 0x01AC, 0x01AC, 0x01AC, 0x01AC, 0x01AC,   // 0x0270 (624)
0x01AC, 0x01AC, 0x01AC, 0x01AC, 0x01AC, 0x01AC, 0x01AC, 0x01AC, 0x01AC, 0x01AC, 0x01AC, 0x01AC, 0x01AC, 0x01AC, 0x01AC, 0x01AC,   // 0x0280 (640)
0x01AC, 0x01AC, 0x01AC, 0x01AC, 0x01AC, 0x01AC, 0x01AC, 0x01AC, 0x01AC, 0x01AC, 0x01AC, 0x01AC, 0x01AC, 0x01AC, 0x01AC, 0x01AC,   // 0x0290 (656)
0x01AC, 0x01AC, 0x01AC, 0x01AC, 0x01AC, 0x01AC, 0x01AC, 0x01AC, 0x01AC, 0x01AC, 0x01AC, 0x01AC, 0x01AC, 0x01AC, 0x01AC, 0x01AC,   // 0x02A0 (672)
0x01AC, 0x01AC, 0x01AC, 0x01AC, 0x01AC, 0x01AC, 0x01AC, 0x01AC, 0x01AC, 0x01AC, 0x01AC, 0x01AC, 0x01AC, 0x01AC, 0x01AC, 0x01AC,   // 0x02B0 (688)
0x01AC, 0x01AC, 0x01AC, 0x01AC, 0x01AC, 0x01AC, 0x01AC, 0x01AC, 0x01AC, 0x01AC, 0x01AC, 0x01AC, 0x01AC, 0x01AC, 0x01AC, 0x01AC,   // 0x02C0 (704)
0x01AC, 0x01AC, 0x01AC, 0x01AC, 0x01AC, 0x01AC, 0x01AC, 0x01AC, 0x01AC, 0x01AC, 0x01AC, 0x01AC, 0x01AC, 0x01AC, 0x01AC, 0x01AC,   // 0x02D0 (720)
0x01AC, 0x01AC, 0x01AC, 0x01AC, 0x01AC, 0x01AC, 0x01AC, 0x01AC, 0x01AC, 0x01AC, 0x01AC, 0x01AC, 0x01AC, 0x01AC, 0x01AC, 0x01AC,   // 0x02E0 (736)
0x01AC, 0x01AC, 0x01AC, 0x01AC, 0x01AC, 0x01AC, 0x01AC, 0x01AC, 0x01AC, 0x01AC, 0x01AC, 0x01AC, 0x01AC, 0x01AC, 0x01AC, 0x01AC,   // 0x02F0 (752)
0x01AC, 0x01AC, 0x01AC, 0x01AC, 0x01AC, 0x01AC, 0x01AC, 0x01AC, 0x01AC, 0x01AC, 0x01AC, 0x01AC, 0x01AC, 0x01AC, 0x01AC, 0x01AC,   // 0x0300 (768)
0x01AC, 0x01AC, 0x01AC, 0x01AC, 0x01AC, 0x01AC, 0x01AC, 0x01AC, 0x01AC, 0x01AC, 0x01AC, 0x01AC, 0x01AC, 0x01AC, 0x01AC, 0x01AC,   // 0x0310 (784)
0x01AC, 0x01AC, 0x01AC, 0x01AC, 0x01AC, 0x01AC, 0x01AC, 0x01AC, 0x01AC, 0x01AC, 0x01AC, 0x01AC, 0x01AC, 0x01AC, 0x01AC, 0x01AC,   // 0x0320 (800)
0x01AC, 0x01AC, 0x01AC, 0x01AC, 0x01AC, 0x01AC, 0x01AC, 0x01AC, 0x01AC, 0x01AC, 0x01AC, 0x01AC, 0x01AC, 0x01AC, 0x01AC, 0x01AC,   // 0x0330 (816)
0x01AC, 0x01AC, 0x01AC, 0x01AC, 0x01AC, 0x01AC, 0x01AC, 0x01AC, 0x01AC, 0x01AC, 0x01AC, 0x01AC, 0x01AC, 0x01AC, 0x01AC, 0x01AC,   // 0x0340 (832)
0x01AC, 0x01AC, 0x01AC, 0x01AC, 0x01AC, 0x01AC, 0x01AC, 0x01AC, 0x01AC, 0x01AC, 0x01AC, 0x01AC, 0x01AC, 0x01AC, 0x01AC, 0x01AC,   // 0x0350 (848)
0x01AC, 0x01AC, 0x01AC, 0x01AC, 0x01AC, 0x01AC, 0x01AC, 0x01AC, 0x01AC, 0x01AC, 0x01AC, 0x01AC, 0x01AC, 0x01AC, 0x01AC, 0x01AC,   // 0x0360 (864)
0x01AC, 0x01AC, 0x01AC, 0x01AC, 0x01AC, 0x01AC, 0x01AC, 0x01AC, 0x01AC, 0x01AC, 0x01AC, 0x01AC, 0x01AC, 0x01AC, 0x01AC, 0x01AC,   // 0x0370 (880)
0x01AC, 0x01AC, 0x01AC, 0x01AC, 0x01AC, 0x01AC, 0x01AC, 0x01AC, 0x01AC, 0x01AC, 0x01AC, 0x01AC, 0x01AC, 0x01AC, 0x01AC, 0x01AC,   // 0x0380 (896)
0x01AC, 0x01AC, 0x01AC, 0x01AC, 0x01AC, 0x01AC, 0x01AC, 0x01AC, 0x01AC, 0x01AC, 0x01AC, 0x01AC, 0x01AC, 0x01AC, 0x01AC, 0x01AC,   // 0x0390 (912)
0x01AC, 0x01AC, 0x01AC, 0x01AC, 0x01AC, 0x01AC, 0x01AC, 0x01AC, 0x01AC, 0x01AC, 0x01AC, 0x01AC, 0x01AC, 0x01AC, 0x01AC, 0x01AC,   // 0x03A0 (928)
0x01AC, 0x01AC, 0x01AC, 0x01AC, 0x01AC, 0x01AC, 0x01AC, 0x01AC, 0x01AC, 0x01AC, 0x01AC, 0x01AC, 0x01AC, 0x01AC, 0x01AC, 0x01AC,   // 0x03B0 (944)
0x01AC, 0x01AC, 0x01AC, 0x01AC, 0x01AC, 0x01AC, 0x01AC, 0x01AC, 0x01AC, 0x01AC, 0x01AC, 0x01AC, 0x01AC, 0x01AC, 0x01AC, 0x01AC,   // 0x03C0 (960)
0x01AC, 0x01AC, 0x01AC, 0x01AC, 0x01AC, 0x01AC, 0x01AC, 0x01AC, 0x01AC, 0x01AC, 0x01AC, 0x01AC, 0x01AC, 0x01AC, 0x01AC, 0x01AC,   // 0x03D0 (976)
0x01AC, 0x01AC, 0x01AC, 0x01AC, 0x01AC, 0x01AC, 0x01AC, 0x01AC, 0x01AC, 0x01AC, 0x01AC, 0x01AC, 0x01AC, 0x01AC, 0x01AC, 0x01AC,   // 0x03E0 (992)
0x01AC, 0x01AC, 0x01AC, 0x01AC, 0x01AC, 0x01AC, 0x01AC, 0x01AC, 0x01AC, 0x01AC, 0x01AC, 0x01AC, 0x01AC, 0x01AC, 0x01AC, 0x01AC,   // 0x03F0 (1008)
0x01AC, 0x01AC, 0x01AC, 0x01AC, 0x01AC, 0x01AC, 0x01AC, 0x01AC, 0x01AC, 0x01AC, 0x01AC, 0x01AC, 0x01AC, 0x01AC, 0x01AC, 0x01AC,   // 0x0400 (1024)
0x01AC, 0x01AC, 0x01AC, 0x01AC, 0x01AC, 0x01AC, 0x01AC, 0x01AC, 0x01AC, 0x01AC, 0x01AC, 0x01AC, 0x01AC, 0x01AC, 0x01AC, 0x01AC,   // 0x0410 (1040)
0x01AC, 0x01AC, 0x01AC, 0x01AC, 0x01AC, 0x01AC, 0x01AC, 0x01AC, 0x01AC, 0x01AC, 0x01AC, 0x01AC, 0x01AC, 0x01AC, 0x01AC, 0x01AC,   // 0x0420 (1056)
0x01AC, 0x01AC, 0x01AC, 0x01AC, 0x01AC, 0x01AC, 0x01AC, 0x01AC, 0x01AC, 0x01AC, 0x01AC, 0x01AC, 0x01AC, 0x01AC, 0x01AC, 0x01AC,   // 0x0430 (1072)
0x01AC, 0x01AC, 0x01AC, 0x01AC, 0x01AC, 0x01AC, 0x01AC, 0x01AC, 0x01AC, 0x01AC, 0x01AC, 0x01AC, 0x01AC, 0x01AC, 0x01AC, 0x01AC,   // 0x0440 (1088)
0x01AC, 0x01AC, 0x01AC, 0x01AC, 0x01AC, 0x01AC, 0x01AC, 0x01AC, 0x01AC, 0x01AC, 0x01AC, 0x01AC, 0x01AC, 0x01AC, 0x01AC, 0x01AC,   // 0x0450 (1104)
0x01AC, 0x01AC, 0x01AC, 0x01AC, 0x01AC, 0x01AC, 0x01AC, 0x01AC, 0x01AC, 0x01AC, 0x01AC, 0x01AC, 0x01AC, 0x01AC, 0x01AC, 0x01AC,   // 0x0460 (1120)
0x01AC, 0x01AC, 0x01AC, 0x01AC, 0x01AC, 0x01AC, 0x01AC, 0x01AC, 0x01AC, 0x01AC, 0x01AC, 0x01AC, 0x01AC, 0x01AC, 0x01AC, 0x01AC,   // 0x0470 (1136)
0x01AC, 0x01AC, 0x01AC, 0x01AC, 0x01AC, 0x01AC, 0x01AC, 0x01AC, 0x01AC, 0x01AC, 0x01AC, 0x01AC, 0x01AC, 0x01AC, 0x01AC, 0x01AC,   // 0x0480 (1152)
0x01AC, 0x01AC, 0x01AC, 0x01AC, 0x01AC, 0x01AC, 0x01AC, 0x01AC, 0x01AC, 0x01AC, 0x01AC, 0x01AC, 0x01AC, 0x01AC, 0x01AC, 0x01AC,   // 0x0490 (1168)
0x01AC, 0x01AC, 0x01AC, 0x01AC, 0x01AC, 0x01AC, 0x01AC, 0x01AC, 0x01AC, 0x01AC, 0x01AC, 0x01AC, 0x01AC, 0x01AC, 0x01AC, 0x01AC,   // 0x04A0 (1184)
0x01AC, 0x01AC, 0x01AC, 0x01AC, 0x01AC, 0x01AC, 0x01AC, 0x01AC, 0x01AC, 0x01AC, 0x01AC, 0x01AC, 0x01AC, 0x01AC, 0x01AC, 0x01AC,   // 0x04B0 (1200)
0x01AC, 0x01AC, 0x01AC, 0x01AC, 0x01AC, 0x01AC, 0x01AC, 0x01AC, 0x01AC, 0x01AC, 0x01AC, 0x01AC, 0x01AC, 0x01AC, 0x01AC, 0x01AC,   // 0x04C0 (1216)
0x01AC, 0x01AC, 0x01AC, 0x01AC, 0x01AC, 0x01AC, 0x01AC, 0x01AC, 0x01AC, 0x01AC, 0x01AC, 0x01AC, 0x01AC, 0x01AC, 0x01AC, 0x01AC,   // 0x04D0 (1232)
0x01AC, 0x01AC, 0x01AC, 0x01AC, 0x01AC, 0x01AC, 0x01AC, 0x01AC, 0x01AC, 0x01AC, 0x01AC, 0x01AC, 0x01AC, 0x01AC, 0x01AC, 0x01AC,   // 0x04E0 (1248)
0x01AC, 0x01AC, 0x01AC, 0x01AC, 0x01AC, 0x01AC, 0x01AC, 0x01AC, 0x01AC, 0x01AC, 0x01AC, 0x01AC, 0x01AC, 0x01AC, 0x01AC, 0x01AC,   // 0x04F0 (1264)
0x01AC, 0x01AC, 0x01AC, 0x01AC, 0x01AC, 0x01AC, 0x01AC, 0x01AC, 0x01AC, 0x01AC, 0x01AC, 0x01AC, 0x01AC, 0x01AC, 0x01AC, 0x01AC,   // 0x0500 (1280)
0x01AC, 0x01AC, 0x01AC, 0x01AC, 0x01AC, 0x01AC, 0x01AC, 0x01AC, 0x01AC, 0x01AC, 0x01AC, 0x01AC, 0x01AC, 0x01AC, 0x01AC, 0x01AC,   // 0x0510 (1296)
0x01AC, 0x01AC, 0x01AC, 0x01AC, 0x01AC, 0x01AC, 0x01AC, 0x01AC, 0x01AC, 0x01AC, 0x01AC, 0x01AC, 0x01AC, 0x01AC, 0x01AC, 0x01AC,   // 0x0520 (1312)
0x01AC, 0x01AC, 0x01AC, 0x01AC, 0x01AC, 0x01AC, 0x01AC, 0x01AC, 0x01AC, 0x01AC, 0x01AC, 0x01AC, 0x01AC, 0x01AC, 0x01AC, 0x01AC,   // 0x0530 (1328)
0x01AC, 0x01AC, 0x01AC, 0x01AC, 0x01AC, 0x01AC, 0x01AC, 0x01AC, 0x01AC, 0x01AC, 0x01AC, 0x01AC, 0x01AC, 0x01AC, 0x01AC, 0x01AC,   // 0x0540 (1344)
0x01AC, 0x01AC, 0x01AC, 0x01AC, 0x01AC, 0x01AC, 0x01AC, 0x01AC, 0x01AC, 0x01AC, 0x01AC, 0x01AC, 0x01AC, 0x01AC, 0x01AC, 0x01AC,   // 0x0550 (1360)
0x01AC, 0x01AC, 0x01AC, 0x01AC, 0x01AC, 0x01AC, 0x01AC, 0x01AC, 0x01AC, 0x01AC, 0x01AC, 0x01AC, 0x01AC, 0x01AC, 0x01AC, 0x01AC,   // 0x0560 (1376)
0x01AC, 0x01AC, 0x01AC, 0x01AC, 0x01AC, 0x01AC, 0x01AC, 0x01AC, 0x01AC, 0x01AC, 0x01AC, 0x01AC, 0x01AC, 0x01AC, 0x01AC, 0x01AC,   // 0x0570 (1392)
0x01AC, 0x01AC, 0x01AC, 0x01AC, 0x01AC, 0x01AC, 0x01AC, 0x01AC, 0x01AC, 0x01AC, 0x01AC, 0x01AC, 0x01AC, 0x01AC, 0x01AC, 0x01AC,   // 0x0580 (1408)
0x01AC, 0x01AC, 0x01AC, 0x01AC, 0x01AC, 0x01AC, 0x01AC, 0xFFFF, 0xFFFF, 0xFFFF, 0xFFFF, 0xFFFF, 0xFFFF, 0xD6DC, 0x6413, 0x01AC,   // 0x0590 (1424)
0x01AC, 0x01AC, 0xFFFF, 0xFFFF, 0xFFFF, 0x01AC, 0x01AC, 0xB619, 0xFFFF, 0xFFFF, 0x53B2, 0x01AC, 0x01AC, 0x01AC, 0x01AC, 0x01AC,   // 0x05A0 (1440)
0x53B2, 0xFFFF, 0xFFFF, 0xB619, 0x01AC, 0x01AC, 0x01AC, 0x01AC, 0x01AC, 0x01AC, 0x01AC, 0x01AC, 0x32F0, 0xB619, 0xFFFF, 0xFFFF,   // 0x05B0 (1456)
0xA5B8, 0x32F0, 0x01AC, 0x01AC, 0x01AC, 0x01AC, 0x01AC, 0x01AC, 0xFFFF, 0xFFFF, 0xFFFF, 0xFFFF, 0xFFFF, 0xFFFF, 0xD6DC, 0x7475,   // 0x05C0 (1472)
0x01AC, 0x01AC, 0x01AC, 0x01AC, 0x01AC, 0x01AC, 0x01AC, 0x01AC, 0x01AC, 0x01AC, 0x01AC, 0x01AC, 0x4351, 0xC67B, 0xFFFF, 0xFFFF,   // 0x05D0 (1488)
0x9557, 0x01AC, 0x01AC, 0x01AC, 0x01AC, 0x01AC, 0x01AC, 0x01AC, 0x32F0, 0xB619, 0xFFFF, 0xFFFF, 0xC67B, 0x32F0, 0x01AC, 0x01AC,   // 0x05E0 (1504)
0x01AC, 0x01AC, 0x01AC, 0x01AC, 0xFFFF, 0xFFFF, 0xFFFF, 0xFFFF, 0xFFFF, 0xFFFF, 0x7475, 0x01AC, 0x01AC, 0x01AC, 0x01AC, 0x01AC,   // 0x05F0 (1520)
0xFFFF, 0xFFFF, 0xFFFF, 0xFFFF, 0xFFFF, 0xFFFF, 0xFFFF, 0xFFFF, 0xFFFF, 0x01AC, 0x01AC, 0x01AC, 0x01AC, 0x01AC, 0x01AC, 0x01AC,   // 0x0600 (1536)
0x01AC, 0x01AC, 0x01AC, 0x01AC, 0x01AC, 0x01AC, 0x01AC, 0xFFFF, 0xFFFF, 0xFFFF, 0xFFFF, 0xFFFF, 0xFFFF, 0xFFFF, 0xFFFF, 0x4351,   // 0x0610 (1552)
0x01AC, 0x01AC, 0xFFFF, 0xFFFF, 0xFFFF, 0x01AC, 0x01AC, 0x226E, 0xFFFF, 0xFFFF, 0xFFFF, 0x226E, 0x01AC, 0x01AC, 0x01AC, 0x226E,   // 0x0620 (1568)
0xFFFF, 0xFFFF, 0xFFFF, 0x226E, 0x01AC, 0x01AC, 0x01AC, 0x01AC, 0x01AC, 0x01AC, 0x01AC, 0x4351, 0xFFFF, 0xFFFF, 0xFFFF, 0xFFFF,   // 0x0630 (1584)
0xFFFF, 0xFFFF, 0x53B2, 0x01AC, 0x01AC, 0x01AC, 0x01AC, 0x01AC, 0xFFFF, 0xFFFF, 0xFFFF, 0xFFFF, 0xFFFF, 0xFFFF, 0xFFFF, 0xFFFF,   // 0x0640 (1600)
0x53B2, 0x01AC, 0x01AC, 0x01AC, 0x01AC, 0x01AC, 0x01AC, 0x01AC, 0x01AC, 0x01AC, 0x01AC, 0x6413, 0xFFFF, 0xFFFF, 0xFFFF, 0xFFFF,   // 0x0650 (1616)
0xFFFF, 0xC67B, 0x01AC, 0x01AC, 0x01AC, 0x01AC, 0x01AC, 0x4351, 0xFFFF, 0xFFFF, 0xFFFF, 0xFFFF, 0xFFFF, 0xFFFF, 0x53B2, 0x01AC,   // 0x0660 (1632)
0x01AC, 0x01AC, 0x01AC, 0x01AC, 0xFFFF, 0xFFFF, 0xFFFF, 0xFFFF, 0xFFFF, 0xFFFF, 0xFFFF, 0x84D6, 0x01AC, 0x01AC, 0x01AC, 0x01AC,   // 0x0670 (1648)
0xFFFF, 0xFFFF, 0xFFFF, 0xFFFF, 0xFFFF, 0xFFFF, 0xFFFF, 0xFFFF, 0xFFFF, 0x01AC, 0x01AC, 0x01AC, 0x01AC, 0x01AC, 0x01AC, 0x01AC,   // 0x0680 (1664)
0x01AC, 0x01AC, 0x01AC, 0x01AC, 0x01AC, 0x01AC, 0x01AC, 0xFFFF, 0xFFFF, 0xFFFF, 0xFFFF, 0xFFFF, 0xFFFF, 0xFFFF, 0xFFFF, 0xB619,   // 0x0690 (1680)
0x01AC, 0x01AC, 0xFFFF, 0xFFFF, 0xFFFF, 0x01AC, 0x01AC, 0x01AC, 0x9557, 0xFFFF, 0xFFFF, 0xD6DC, 0x01AC, 0x01AC, 0x01AC, 0xC67B,   // 0x06A0 (1696)
0xFFFF, 0xFFFF, 0x9557, 0x01AC, 0x01AC, 0x01AC, 0x01AC, 0x01AC, 0x01AC, 0x01AC, 0x01AC, 0xFFFF, 0xFFFF, 0xFFFF, 0xFFFF, 0xFFFF,   // 0x06B0 (1712)
0xFFFF, 0xFFFF, 0xFFFF, 0x01AC, 0x01AC, 0x01AC, 0x01AC, 0x01AC, 0xFFFF, 0xFFFF, 0xFFFF, 0xFFFF, 0xFFFF, 0xFFFF, 0xFFFF, 0xFFFF,   // 0x06C0 (1728)
0xC67B, 0x01AC, 0x01AC, 0x01AC, 0x01AC, 0x01AC, 0x01AC, 0x01AC, 0x01AC, 0x01AC, 0x120D, 0xFFFF, 0xFFFF, 0xFFFF, 0xFFFF, 0xFFFF,   // 0x06D0 (1744)
0xFFFF, 0xFFFF, 0x7475, 0x01AC, 0x01AC, 0x01AC, 0x01AC, 0xFFFF, 0xFFFF, 0xFFFF, 0xFFFF, 0xFFFF, 0xFFFF, 0xFFFF, 0xFFFF, 0x01AC,   // 0x06E0 (1760)
0x01AC, 0x01AC, 0x01AC, 0x01AC, 0xFFFF, 0xFFFF, 0xFFFF, 0xFFFF, 0xFFFF, 0xFFFF, 0xFFFF, 0xFFFF, 0x120D, 0x01AC, 0x01AC, 0x01AC,   // 0x06F0 (1776)
0xFFFF, 0xFFFF, 0xFFFF, 0xFFFF, 0xFFFF, 0xFFFF, 0xFFFF, 0xFFFF, 0xFFFF, 0x01AC, 0x01AC, 0x01AC, 0x01AC, 0x01AC, 0x01AC, 0x01AC,   // 0x0700 (1792)
0x01AC, 0x01AC, 0x01AC, 0x01AC, 0x01AC, 0x01AC, 0x01AC, 0xFFFF, 0xFFFF, 0xFFFF, 0x01AC, 0x01AC, 0x6413, 0xFFFF, 0xFFFF, 0xFFFF,   // 0x0710 (1808)
0x01AC, 0x01AC, 0xFFFF, 0xFFFF, 0xFFFF, 0x01AC, 0x01AC, 0x01AC, 0x120D, 0xFFFF, 0xFFFF, 0xFFFF, 0xA5B8, 0x01AC, 0x9557, 0xFFFF,   // 0x0720 (1824)
0xFFFF, 0xFFFF, 0x120D, 0x01AC, 0x01AC, 0x01AC, 0x01AC, 0x01AC, 0x01AC, 0x01AC, 0x6413, 0xFFFF, 0xFFFF, 0xD6DC, 0x120D, 0x120D,   // 0x0730 (1840)
0xC67B, 0xFFFF, 0xFFFF, 0x6413, 0x01AC, 0x01AC, 0x01AC, 0x01AC, 0xFFFF, 0xFFFF, 0xFFFF, 0x01AC, 0x01AC, 0x4351, 0xFFFF, 0xFFFF,   // 0x0740 (1856)
0xFFFF, 0x01AC, 0x01AC, 0x01AC, 0x01AC, 0x01AC, 0x01AC, 0x01AC, 0x01AC, 0x01AC, 0x6413, 0xFFFF, 0xFFFF, 0xB619, 0x01AC, 0x9557,   // 0x0750 (1872)
0xFFFF, 0xFFFF, 0xC67B, 0x01AC, 0x01AC, 0x01AC, 0x6413, 0xFFFF, 0xFFFF, 0xD6DC, 0x120D, 0x120D, 0xD6DC, 0xFFFF, 0xFFFF, 0x6413,   // 0x0760 (1888)
0x01AC, 0x01AC, 0x01AC, 0x01AC, 0xFFFF, 0xFFFF, 0xFFFF, 0x01AC, 0x120D, 0xC67B, 0xFFFF, 0xFFFF, 0x7475, 0x01AC, 0x01AC, 0x01AC,   // 0x0770 (1904)
0xFFFF, 0xFFFF, 0xFFFF, 0x01AC, 0x01AC, 0x01AC, 0x01AC, 0x01AC, 0x01AC, 0x01AC, 0x01AC, 0x01AC, 0x01AC, 0x01AC, 0x01AC, 0x01AC,   // 0x0780 (1920)
0x01AC, 0x01AC, 0x01AC, 0x01AC, 0x01AC, 0x01AC, 0x01AC, 0xFFFF, 0xFFFF, 0xFFFF, 0x01AC, 0x01AC, 0x01AC, 0xFFFF, 0xFFFF, 0xFFFF,   // 0x0790 (1936)
0x01AC, 0x01AC, 0xFFFF, 0xFFFF, 0xFFFF, 0x01AC, 0x01AC, 0x01AC, 0x01AC, 0x7475, 0xFFFF, 0xFFFF, 0xFFFF, 0xB619, 0xFFFF, 0xFFFF,   // 0x07A0 (1952)
0xFFFF, 0x84D6, 0x01AC, 0x01AC, 0x01AC, 0x01AC, 0x01AC, 0x01AC, 0x01AC, 0x01AC, 0xA5B8, 0xFFFF, 0xFFFF, 0x53B2, 0x01AC, 0x01AC,   // 0x07B0 (1968)
0x53B2, 0xFFFF, 0xFFFF, 0xA5B8, 0x01AC, 0x01AC, 0x01AC, 0x01AC, 0xFFFF, 0xFFFF, 0xFFFF, 0x01AC, 0x01AC, 0x01AC, 0xFFFF, 0xFFFF,   // 0x07C0 (1984)
0xFFFF, 0x01AC, 0x01AC, 0x01AC, 0x01AC, 0x01AC, 0x01AC, 0x01AC, 0x01AC, 0x01AC, 0xB619, 0xFFFF, 0xFFFF, 0x4351, 0x01AC, 0x120D,   // 0x07D0 (2000)
0xD6DC, 0x84D6, 0x4351, 0x01AC, 0x01AC, 0x01AC, 0xA5B8, 0xFFFF, 0xFFFF, 0x53B2, 0x01AC, 0x01AC, 0x53B2, 0xFFFF, 0xFFFF, 0xB619,   // 0x07E0 (2016)
0x01AC, 0x01AC, 0x01AC, 0x01AC, 0xFFFF, 0xFFFF, 0xFFFF, 0x01AC, 0x01AC, 0x4351, 0xFFFF, 0xFFFF, 0xB619, 0x01AC, 0x01AC, 0x01AC,   // 0x07F0 (2032)
0xFFFF, 0xFFFF, 0xFFFF, 0x01AC, 0x01AC, 0x01AC, 0x01AC, 0x01AC, 0x01AC, 0x01AC, 0x01AC, 0x01AC, 0x01AC, 0x01AC, 0x01AC, 0x01AC,   // 0x0800 (2048)
0x01AC, 0x01AC, 0x01AC, 0x01AC, 0x01AC, 0x01AC, 0x01AC, 0xFFFF, 0xFFFF, 0xFFFF, 0x01AC, 0x01AC, 0x6413, 0xFFFF, 0xFFFF, 0xFFFF,   // 0x0810 (2064)
0x01AC, 0x01AC, 0xFFFF, 0xFFFF, 0xFFFF, 0x01AC, 0x01AC, 0x01AC, 0x01AC, 0x01AC, 0xFFFF, 0xFFFF, 0xFFFF, 0xFFFF, 0xFFFF, 0xFFFF,   // 0x0820 (2080)
0xFFFF, 0x01AC, 0x01AC, 0x01AC, 0x01AC, 0x01AC, 0x01AC, 0x01AC, 0x01AC, 0x01AC, 0xD6DC, 0xFFFF, 0xFFFF, 0x120D, 0x01AC, 0x01AC,   // 0x0830 (2096)
0x120D, 0xFFFF, 0xFFFF, 0xD6DC, 0x01AC, 0x01AC, 0x01AC, 0x01AC, 0xFFFF, 0xFFFF, 0xFFFF, 0x01AC, 0x01AC, 0x6413, 0xFFFF, 0xFFFF,   // 0x0840 (2112)
0xD6DC, 0x01AC, 0x01AC, 0x01AC, 0x01AC, 0x01AC, 0x01AC, 0x01AC, 0x01AC, 0x01AC, 0xFFFF, 0xFFFF, 0xFFFF, 0x01AC, 0x01AC, 0x01AC,   // 0x0850 (2128)
0x01AC, 0x01AC, 0x01AC, 0x01AC, 0x01AC, 0x01AC, 0xD6DC, 0xFFFF, 0xFFFF, 0x120D, 0x01AC, 0x01AC, 0x120D, 0xFFFF, 0xFFFF, 0xFFFF,   // 0x0860 (2144)
0x01AC, 0x01AC, 0x01AC, 0x01AC, 0xFFFF, 0xFFFF, 0xFFFF, 0x01AC, 0x01AC, 0x120D, 0xFFFF, 0xFFFF, 0xFFFF, 0x01AC, 0x01AC, 0x01AC,   // 0x0870 (2160)
0xFFFF, 0xFFFF, 0xFFFF, 0x01AC, 0x01AC, 0x01AC, 0x01AC, 0x01AC, 0x01AC, 0x01AC, 0x01AC, 0x01AC, 0x01AC, 0x01AC, 0x01AC, 0x01AC,   // 0x0880 (2176)
0x01AC, 0x01AC, 0x01AC, 0x01AC, 0x01AC, 0x01AC, 0x01AC, 0xFFFF, 0xFFFF, 0xFFFF, 0xFFFF, 0xFFFF, 0xFFFF, 0xFFFF, 0xFFFF, 0xA5B8,   // 0x0890 (2192)
0x01AC, 0x01AC, 0xFFFF, 0xFFFF, 0xFFFF, 0x01AC, 0x01AC, 0x01AC, 0x01AC, 0x01AC, 0x53B2, 0xFFFF, 0xFFFF, 0xFFFF, 0xFFFF, 0xFFFF,   // 0x08A0 (2208)
0x7475, 0x01AC, 0x01AC, 0x01AC, 0x01AC, 0x01AC, 0x01AC, 0x01AC, 0x01AC, 0x01AC, 0xFFFF, 0xFFFF, 0xFFFF, 0x01AC, 0x01AC, 0x01AC,   // 0x08B0 (2224)
0x01AC, 0xFFFF, 0xFFFF, 0xFFFF, 0x01AC, 0x01AC, 0x01AC, 0x01AC, 0xFFFF, 0xFFFF, 0xFFFF, 0xFFFF, 0xFFFF, 0xFFFF, 0xFFFF, 0xFFFF,   // 0x08C0 (2240)
0x9557, 0x01AC, 0x01AC, 0x01AC, 0x01AC, 0x01AC, 0x01AC, 0x01AC, 0x01AC, 0x01AC, 0xFFFF, 0xFFFF, 0xFFFF, 0x01AC, 0x01AC, 0x01AC,   // 0x08D0 (2256)
0x01AC, 0x01AC, 0x01AC, 0x01AC, 0x01AC, 0x01AC, 0xFFFF, 0xFFFF, 0xFFFF, 0x01AC, 0x01AC, 0x01AC, 0x01AC, 0xFFFF, 0xFFFF, 0xFFFF,   // 0x08E0 (2272)
0x01AC, 0x01AC, 0x01AC, 0x01AC, 0xFFFF, 0xFFFF, 0xFFFF, 0x01AC, 0x01AC, 0x01AC, 0xFFFF, 0xFFFF, 0xFFFF, 0x01AC, 0x01AC, 0x01AC,   // 0x08F0 (2288)
0xFFFF, 0xFFFF, 0xFFFF, 0xFFFF, 0xFFFF, 0xFFFF, 0xFFFF, 0xFFFF, 0x01AC, 0x01AC, 0x01AC, 0x01AC, 0x01AC, 0x01AC, 0x01AC, 0x01AC,   // 0x0900 (2304)
0x01AC, 0x01AC, 0x01AC, 0x01AC, 0x01AC, 0x01AC, 0x01AC, 0xFFFF, 0xFFFF, 0xFFFF, 0xFFFF, 0xFFFF, 0xFFFF, 0xFFFF, 0xFFFF, 0x226E,   // 0x0910 (2320)
0x01AC, 0x01AC, 0xFFFF, 0xFFFF, 0xFFFF, 0x01AC, 0x01AC, 0x01AC, 0x01AC, 0x01AC, 0x120D, 0xFFFF, 0xFFFF, 0xFFFF, 0xFFFF, 0xFFFF,   // 0x0920 (2336)
0x4351, 0x01AC, 0x01AC, 0x01AC, 0x01AC, 0x01AC, 0x01AC, 0x01AC, 0x01AC, 0x01AC, 0xFFFF, 0xFFFF, 0xFFFF, 0x01AC, 0x01AC, 0x01AC,   // 0x0930 (2352)
0x01AC, 0xFFFF, 0xFFFF, 0xFFFF, 0x01AC, 0x01AC, 0x01AC, 0x01AC, 0xFFFF, 0xFFFF, 0xFFFF, 0xFFFF, 0xFFFF, 0xFFFF, 0xFFFF, 0xFFFF,   // 0x0940 (2368)
0x120D, 0x01AC, 0x01AC, 0x01AC, 0x01AC, 0x01AC, 0x01AC, 0x01AC, 0x01AC, 0x01AC, 0xFFFF, 0xFFFF, 0xFFFF, 0x01AC, 0x01AC, 0x01AC,   // 0x0950 (2384)
0x01AC, 0x01AC, 0x01AC, 0x01AC, 0x01AC, 0x01AC, 0xFFFF, 0xFFFF, 0xFFFF, 0x01AC, 0x01AC, 0x01AC, 0x01AC, 0xFFFF, 0xFFFF, 0xFFFF,   // 0x0960 (2400)
0x01AC, 0x01AC, 0x01AC, 0x01AC, 0xFFFF, 0xFFFF, 0xFFFF, 0x01AC, 0x01AC, 0x01AC, 0xFFFF, 0xFFFF, 0xFFFF, 0x01AC, 0x01AC, 0x01AC,   // 0x0970 (2416)
0xFFFF, 0xFFFF, 0xFFFF, 0xFFFF, 0xFFFF, 0xFFFF, 0xFFFF, 0xFFFF, 0x01AC, 0x01AC, 0x01AC, 0x01AC, 0x01AC, 0x01AC, 0x01AC, 0x01AC,   // 0x0980 (2432)
0x01AC, 0x01AC, 0x01AC, 0x01AC, 0x01AC, 0x01AC, 0x01AC, 0xFFFF, 0xFFFF, 0xFFFF, 0xFFFF, 0xFFFF, 0xFFFF, 0xA5B8, 0x32F0, 0x01AC,   // 0x0990 (2448)
0x01AC, 0x01AC, 0xFFFF, 0xFFFF, 0xFFFF, 0x01AC, 0x01AC, 0x01AC, 0x01AC, 0x01AC, 0xA5B8, 0xFFFF, 0xFFFF, 0xFFFF, 0xFFFF, 0xFFFF,   // 0x09A0 (2464)
0xB619, 0x01AC, 0x01AC, 0x01AC, 0x01AC, 0x01AC, 0x01AC, 0x01AC, 0x01AC, 0x01AC, 0xFFFF, 0xFFFF, 0xFFFF, 0x01AC, 0x01AC, 0x01AC,   // 0x09B0 (2480)
0x01AC, 0xFFFF, 0xFFFF, 0xFFFF, 0x01AC, 0x01AC, 0x01AC, 0x01AC, 0xFFFF, 0xFFFF, 0xFFFF, 0xFFFF, 0xFFFF, 0xFFFF, 0xFFFF, 0x226E,   // 0x09C0 (2496)
0x01AC, 0x01AC, 0x01AC, 0x01AC, 0x01AC, 0x01AC, 0x01AC, 0x01AC, 0x01AC, 0x01AC, 0xFFFF, 0xFFFF, 0xFFFF, 0x01AC, 0x01AC, 0x01AC,   // 0x09D0 (2512)
0x01AC, 0x01AC, 0x01AC, 0x01AC, 0x01AC, 0x01AC, 0xFFFF, 0xFFFF, 0xFFFF, 0x01AC, 0x01AC, 0x01AC, 0x01AC, 0xFFFF, 0xFFFF, 0xFFFF,   // 0x09E0 (2528)
0x01AC, 0x01AC, 0x01AC, 0x01AC, 0xFFFF, 0xFFFF, 0xFFFF, 0x01AC, 0x01AC, 0x01AC, 0xFFFF, 0xFFFF, 0xFFFF, 0x01AC, 0x01AC, 0x01AC,   // 0x09F0 (2544)
0xFFFF, 0xFFFF, 0xFFFF, 0xFFFF, 0xFFFF, 0xFFFF, 0xFFFF, 0xFFFF, 0x01AC, 0x01AC, 0x01AC, 0x01AC, 0x01AC, 0x01AC, 0x01AC, 0x01AC,   // 0x0A00 (2560)
0x01AC, 0x01AC, 0x01AC, 0x01AC, 0x01AC, 0x01AC, 0x01AC, 0xFFFF, 0xFFFF, 0xFFFF, 0x01AC, 0x01AC, 0x01AC, 0x01AC, 0x01AC, 0x01AC,   // 0x0A10 (2576)
0x01AC, 0x01AC, 0xFFFF, 0xFFFF, 0xFFFF, 0x01AC, 0x01AC, 0x01AC, 0x01AC, 0x32F0, 0xFFFF, 0xFFFF, 0xFFFF, 0xFFFF, 0xFFFF, 0xFFFF,   // 0x0A20 (2592)
0xFFFF, 0x32F0, 0x01AC, 0x01AC, 0x01AC, 0x01AC, 0x01AC, 0x01AC, 0x01AC, 0x01AC, 0xD6DC, 0xFFFF, 0xFFFF, 0x120D, 0x01AC, 0xA5B8,   // 0x0A30 (2608)
0x01AC, 0xFFFF, 0xFFFF, 0xFFFF, 0x01AC, 0x01AC, 0x01AC, 0x01AC, 0xFFFF, 0xFFFF, 0xFFFF, 0x01AC, 0x9557, 0xFFFF, 0xFFFF, 0xB619,   // 0x0A40 (2624)
0x01AC, 0x01AC, 0x01AC, 0x01AC, 0x01AC, 0x01AC, 0x01AC, 0x01AC, 0x01AC, 0x01AC, 0xD6DC, 0xFFFF, 0xFFFF, 0x01AC, 0x01AC, 0x01AC,   // 0x0A50 (2640)
0xC67B, 0x53B2, 0x01AC, 0x01AC, 0x01AC, 0x01AC, 0xD6DC, 0xFFFF, 0xFFFF, 0x120D, 0x01AC, 0x01AC, 0x120D, 0xFFFF, 0xFFFF, 0xD6DC,   // 0x0A60 (2656)
0x01AC, 0x01AC, 0x01AC, 0x01AC, 0xFFFF, 0xFFFF, 0xFFFF, 0x01AC, 0x01AC, 0x01AC, 0xFFFF, 0xFFFF, 0xFFFF, 0x01AC, 0x01AC, 0x01AC,   // 0x0A70 (2672)
0xFFFF, 0xFFFF, 0xFFFF, 0x01AC, 0x01AC, 0x01AC, 0x01AC, 0x01AC, 0x01AC, 0x01AC, 0x01AC, 0x01AC, 0x01AC, 0x01AC, 0x01AC, 0x01AC,   // 0x0A80 (2688)
0x01AC, 0x01AC, 0x01AC, 0x01AC, 0x01AC, 0x01AC, 0x01AC, 0xFFFF, 0xFFFF, 0xFFFF, 0x01AC, 0x01AC, 0x01AC, 0x01AC, 0x01AC, 0x01AC,   // 0x0A90 (2704)
0x01AC, 0x01AC, 0xFFFF, 0xFFFF, 0xFFFF, 0x01AC, 0x01AC, 0x01AC, 0x01AC, 0xB619, 0xFFFF, 0xFFFF, 0xFFFF, 0x7475, 0xFFFF, 0xFFFF,   // 0x0AA0 (2720)
0xFFFF, 0xB619, 0x01AC, 0x01AC, 0x01AC, 0x01AC, 0x01AC, 0x01AC, 0x01AC, 0x01AC, 0xA5B8, 0xFFFF, 0xFFFF, 0x53B2, 0x32F0, 0xFFFF,   // 0x0AB0 (2736)
0xC67B, 0xFFFF, 0xFFFF, 0xB619, 0x01AC, 0x01AC, 0x01AC, 0x01AC, 0xFFFF, 0xFFFF, 0xFFFF, 0x01AC, 0x01AC, 0xFFFF, 0xFFFF, 0xFFFF,   // 0x0AC0 (2752)
0x226E, 0x01AC, 0x01AC, 0x01AC, 0x01AC, 0x01AC, 0x01AC, 0x01AC, 0x01AC, 0x01AC, 0xB619, 0xFFFF, 0xFFFF, 0x32F0, 0x01AC, 0x32F0,   // 0x0AD0 (2768)
0xFFFF, 0xFFFF, 0xFFFF, 0x01AC, 0x01AC, 0x01AC, 0xA5B8, 0xFFFF, 0xFFFF, 0x53B2, 0x01AC, 0x01AC, 0x53B2, 0xFFFF, 0xFFFF, 0xA5B8,   // 0x0AE0 (2784)
0x01AC, 0x01AC, 0x01AC, 0x01AC, 0xFFFF, 0xFFFF, 0xFFFF, 0x01AC, 0x01AC, 0x4351, 0xFFFF, 0xFFFF, 0xB619, 0x01AC, 0x01AC, 0x01AC,   // 0x0AF0 (2800)
0xFFFF, 0xFFFF, 0xFFFF, 0x01AC, 0x01AC, 0x01AC, 0x01AC, 0x01AC, 0x01AC, 0x01AC, 0x01AC, 0x01AC, 0x01AC, 0x01AC, 0x01AC, 0x01AC,   // 0x0B00 (2816)
0x01AC, 0x01AC, 0x01AC, 0x01AC, 0x01AC, 0x01AC, 0x01AC, 0xFFFF, 0xFFFF, 0xFFFF, 0x01AC, 0x01AC, 0x01AC, 0x01AC, 0x01AC, 0x01AC,   // 0x0B10 (2832)
0x01AC, 0x01AC, 0xFFFF, 0xFFFF, 0xFFFF, 0x01AC, 0x01AC, 0x01AC, 0x32F0, 0xFFFF, 0xFFFF, 0xFFFF, 0x84D6, 0x01AC, 0x84D6, 0xFFFF,   // 0x0B20 (2848)
0xFFFF, 0xFFFF, 0x32F0, 0x01AC, 0x01AC, 0x01AC, 0x01AC, 0x01AC, 0x01AC, 0x01AC, 0x53B2, 0xFFFF, 0xFFFF, 0xD6DC, 0x120D, 0x9557,   // 0x0B30 (2864)
0xFFFF, 0xFFFF, 0xFFFF, 0x7475, 0x01AC, 0x01AC, 0x01AC, 0x01AC, 0xFFFF, 0xFFFF, 0xFFFF, 0x01AC, 0x01AC, 0x9557, 0xFFFF, 0xFFFF,   // 0x0B40 (2880)
0x9557, 0x01AC, 0x01AC, 0x01AC, 0x01AC, 0x01AC, 0x01AC, 0x01AC, 0x01AC, 0x01AC, 0x6413, 0xFFFF, 0xFFFF, 0xA5B8, 0x01AC, 0xA5B8,   // 0x0B50 (2896)
0xFFFF, 0xFFFF, 0xA5B8, 0x01AC, 0x01AC, 0x01AC, 0x6413, 0xFFFF, 0xFFFF, 0xD6DC, 0x120D, 0x120D, 0xC67B, 0xFFFF, 0xFFFF, 0x53B2,   // 0x0B60 (2912)
0x01AC, 0x01AC, 0x01AC, 0x01AC, 0xFFFF, 0xFFFF, 0xFFFF, 0x01AC, 0x01AC, 0xB619, 0xFFFF, 0xFFFF, 0x84D6, 0x01AC, 0x01AC, 0x01AC,   // 0x0B70 (2928)
0xFFFF, 0xFFFF, 0xFFFF, 0x01AC, 0x01AC, 0x01AC, 0x01AC, 0x01AC, 0x01AC, 0x01AC, 0x01AC, 0x01AC, 0x01AC, 0x01AC, 0x01AC, 0x01AC,   // 0x0B80 (2944)
0x01AC, 0x01AC, 0x01AC, 0x01AC, 0x01AC, 0x01AC, 0x01AC, 0xFFFF, 0xFFFF, 0xFFFF, 0x01AC, 0x01AC, 0x01AC, 0x01AC, 0x01AC, 0x01AC,   // 0x0B90 (2960)
0x01AC, 0x01AC, 0xFFFF, 0xFFFF, 0xFFFF, 0x01AC, 0x01AC, 0x01AC, 0xB619, 0xFFFF, 0xFFFF, 0xC67B, 0x01AC, 0x01AC, 0x01AC, 0xC67B,   // 0x0BA0 (2976)
0xFFFF, 0xFFFF, 0xB619, 0x01AC, 0x01AC, 0x01AC, 0x01AC, 0x01AC, 0x01AC, 0x01AC, 0x01AC, 0xFFFF, 0xFFFF, 0xFFFF, 0xFFFF, 0xFFFF,   // 0x0BB0 (2992)
0xFFFF, 0xFFFF, 0xFFFF, 0x120D, 0x01AC, 0x01AC, 0x01AC, 0x01AC, 0xFFFF, 0xFFFF, 0xFFFF, 0x01AC, 0x01AC, 0x226E, 0xFFFF, 0xFFFF,   // 0x0BC0 (3008)
0xFFFF, 0x01AC, 0x01AC, 0x01AC, 0x01AC, 0x01AC, 0x01AC, 0x01AC, 0x01AC, 0x01AC, 0x01AC, 0xFFFF, 0xFFFF, 0xFFFF, 0xFFFF, 0xFFFF,   // 0x0BD0 (3024)
0xFFFF, 0xFFFF, 0x53B2, 0x01AC, 0x01AC, 0x01AC, 0x01AC, 0xFFFF, 0xFFFF, 0xFFFF, 0xFFFF, 0xFFFF, 0xFFFF, 0xFFFF, 0xD6DC, 0x01AC,   // 0x0BE0 (3040)
0x01AC, 0x01AC, 0x01AC, 0x01AC, 0xFFFF, 0xFFFF, 0xFFFF, 0xFFFF, 0xFFFF, 0xFFFF, 0xFFFF, 0xFFFF, 0x120D, 0x01AC, 0x01AC, 0x01AC,   // 0x0BF0 (3056)
0xFFFF, 0xFFFF, 0xFFFF, 0xFFFF, 0xFFFF, 0xFFFF, 0xFFFF, 0xFFFF, 0xFFFF, 0x01AC, 0x01AC, 0x01AC, 0x01AC, 0x01AC, 0x01AC, 0x01AC,   // 0x0C00 (3072)
0x01AC, 0x01AC, 0x01AC, 0x01AC, 0x01AC, 0x01AC, 0x01AC, 0xFFFF, 0xFFFF, 0xFFFF, 0x01AC, 0x01AC, 0x01AC, 0x01AC, 0x01AC, 0x01AC,   // 0x0C10 (3088)
0x01AC, 0x01AC, 0xFFFF, 0xFFFF, 0xFFFF, 0x01AC, 0x01AC, 0x32F0, 0xFFFF, 0xFFFF, 0xFFFF, 0x120D, 0x01AC, 0x01AC, 0x01AC, 0x120D,   // 0x0C20 (3104)
0xFFFF, 0xFFFF, 0xFFFF, 0x32F0, 0x01AC, 0x01AC, 0x01AC, 0x01AC, 0x01AC, 0x01AC, 0x01AC, 0x4351, 0xFFFF, 0xFFFF, 0xFFFF, 0xFFFF,   // 0x0C30 (3120)
0xFFFF, 0xFFFF, 0xFFFF, 0x6413, 0x01AC, 0x01AC, 0x01AC, 0x01AC, 0xFFFF, 0xFFFF, 0xFFFF, 0x01AC, 0x01AC, 0x01AC, 0xC67B, 0xFFFF,   // 0x0C40 (3136)
0xFFFF, 0x53B2, 0x01AC, 0x01AC, 0x01AC, 0x01AC, 0x01AC, 0x01AC, 0x01AC, 0x01AC, 0x01AC, 0x6413, 0xFFFF, 0xFFFF, 0xFFFF, 0xFFFF,   // 0x0C50 (3152)
0xFFFF, 0xC67B, 0x01AC, 0x01AC, 0x01AC, 0x01AC, 0x01AC, 0x53B2, 0xFFFF, 0xFFFF, 0xFFFF, 0xFFFF, 0xFFFF, 0xFFFF, 0x226E, 0x01AC,   // 0x0C60 (3168)
0x01AC, 0x01AC, 0x01AC, 0x01AC, 0xFFFF, 0xFFFF, 0xFFFF, 0xFFFF, 0xFFFF, 0xFFFF, 0xFFFF, 0x84D6, 0x01AC, 0x01AC, 0x01AC, 0x01AC,   // 0x0C70 (3184)
0xFFFF, 0xFFFF, 0xFFFF, 0xFFFF, 0xFFFF, 0xFFFF, 0xFFFF, 0xFFFF, 0xFFFF, 0x01AC, 0x01AC, 0x01AC, 0x01AC, 0x01AC, 0x01AC, 0x01AC,   // 0x0C80 (3200)
0x0334, 0x03D7, 0x03D7, 0x03D7, 0x03D7, 0x03D7, 0x03D7, 0xFFFF, 0xFFFF, 0xFFFF, 0x03D7, 0x03D7, 0x03D7, 0x03D7, 0x03D7, 0x03D7,   // 0x0C90 (3216)
0x03D7, 0x03D7, 0xFFFF, 0xFFFF, 0xFFFF, 0x03D7, 0x03D7, 0xB6BD, 0xFFFF, 0xFFFF, 0x5519, 0x03D7, 0x03D7, 0x03D7, 0x03D7, 0x03D7,   // 0x0CA0 (3232)
0x5519, 0xFFFF, 0xFFFF, 0xB6BD, 0x03D7, 0x03D7, 0x03D7, 0x03D7, 0x03D7, 0x03D7, 0x03D7, 0x03D7, 0x3498, 0xC6FD, 0xFFFF, 0xFFFF,   // 0x0CB0 (3248)
0xC6FD, 0x85FB, 0xFFFF, 0xD73E, 0x03D7, 0x03D7, 0x03D7, 0x03D7, 0xFFFF, 0xFFFF, 0xFFFF, 0x03D7, 0x03D7, 0x03D7, 0x5519, 0xFFFF,   // 0x0CC0 (3264)
0xFFFF, 0xC6FD, 0x03D7, 0x03D7, 0x03D7, 0x03D7, 0x03D7, 0x03D7, 0x03D7, 0x03D7, 0x03D7, 0x03D7, 0x5519, 0xD73E, 0xFFFF, 0xFFFF,   // 0x0CD0 (3280)
0x963C, 0x03D7, 0x03D7, 0x03D7, 0x03D7, 0x03D7, 0x03D7, 0x03D7, 0x3498, 0xB6BD, 0xFFFF, 0xFFFF, 0xB6BD, 0x2458, 0x03D7, 0x03D7,   // 0x0CE0 (3296)
0x03D7, 0x03D7, 0x03D7, 0x03D7, 0xFFFF, 0xFFFF, 0xFFFF, 0xFFFF, 0xFFFF, 0xD73E, 0x75BB, 0x03D7, 0x03D7, 0x03D7, 0x03D7, 0x03D7,   // 0x0CF0 (3312)
0xFFFF, 0xFFFF, 0xFFFF, 0xFFFF, 0xFFFF, 0xFFFF, 0xFFFF, 0xFFFF, 0xFFFF, 0x03D7, 0x03D7, 0x03D7, 0x03D7, 0x03D7, 0x03D7, 0x0334,   // 0x0D00 (3328)
0x03B6, 0x049B, 0x049B, 0x049B, 0x049B, 0x049B, 0x049B, 0x049B, 0x049B, 0x049B, 0x049B, 0x049B, 0x049B, 0x049B, 0x049B, 0x049B,   // 0x0D10 (3344)
0x049B, 0x049B, 0x049B, 0x049B, 0x049B, 0x049B, 0x049B, 0x049B, 0x049B, 0x049B, 0x049B, 0x049B, 0x049B, 0x049B, 0x049B, 0x049B,   // 0x0D20 (3360)
0x049B, 0x049B, 0x049B, 0x049B, 0x049B, 0x049B, 0x049B, 0x049B, 0x049B, 0x049B, 0x049B, 0x049B, 0x049B, 0x049B, 0x049B, 0x049B,   // 0x0D30 (3376)
0x049B, 0x049B, 0x457C, 0x865D, 0x049B, 0x049B, 0x049B, 0x049B, 0x049B, 0x049B, 0x049B, 0x049B, 0x049B, 0x049B, 0x049B, 0x049B,   // 0x0D40 (3392)
0x049B, 0x049B, 0x049B, 0x049B, 0x049B, 0x049B, 0x049B, 0x049B, 0x049B, 0x049B, 0x049B, 0x049B, 0x049B, 0x049B, 0x049B, 0x049B,   // 0x0D50 (3408)
0x049B, 0x049B, 0x049B, 0x049B, 0x049B, 0x049B, 0x049B, 0x049B, 0x049B, 0x049B, 0x049B, 0x049B, 0x049B, 0x049B, 0x049B, 0x049B,   // 0x0D60 (3424)
0x049B, 0x049B, 0x049B, 0x049B, 0x049B, 0x049B, 0x049B, 0x049B, 0x049B, 0x049B, 0x049B, 0x049B, 0x049B, 0x049B, 0x049B, 0x049B,   // 0x0D70 (3440)
0x049B, 0x049B, 0x049B, 0x049B, 0x049B, 0x049B, 0x049B, 0x049B, 0x049B, 0x049B, 0x049B, 0x049B, 0x049B, 0x049B, 0x049B, 0x0396,   // 0x0D80 (3456)
0x03B6, 0x049B, 0x049B, 0x049B, 0x049B, 0x049B, 0x049B, 0x049B, 0x049B, 0x049B, 0x049B, 0x049B, 0x049B, 0x049B, 0x049B, 0x049B,   // 0x0D90 (3472)
0x049B, 0x049B, 0x049B, 0x049B, 0x049B, 0x049B, 0x049B, 0x049B, 0x049B, 0x049B, 0x049B, 0x049B, 0x049B, 0x049B, 0x049B, 0x049B,   // 0x0DA0 (3488)
0x049B, 0x049B, 0x049B, 0x049B, 0x049B, 0x049B, 0x049B, 0x049B, 0x049B, 0x049B, 0x049B, 0x049B, 0x049B, 0x049B, 0x049B, 0x049B,   // 0x0DB0 (3504)
0x049B, 0x049B, 0x049B, 0x049B, 0x049B, 0x049B, 0x049B, 0x049B, 0x049B, 0x049B, 0x049B, 0x049B, 0x049B, 0x049B, 0x049B, 0x049B,   // 0x0DC0 (3520)
0x049B, 0x049B, 0x049B, 0x049B, 0x049B, 0x049B, 0x049B, 0x049B, 0x049B, 0x049B, 0x049B, 0x049B, 0x049B, 0x049B, 0x049B, 0x049B,   // 0x0DD0 (3536)
0x049B, 0x049B, 0x049B, 0x049B, 0x049B, 0x049B, 0x049B, 0x049B, 0x049B, 0x049B, 0x049B, 0x049B, 0x049B, 0x049B, 0x049B, 0x049B,   // 0x0DE0 (3552)
0x049B, 0x049B, 0x04BB, 0x24FB, 0x4D7B, 0x7E1C, 0xA69C, 0xBEDD, 0xC6FD, 0xB6BC, 0x9E7C, 0x6DDC, 0x455B, 0x1CDB, 0x049B, 0x049B,   // 0x0DF0 (3568)
0x049B, 0x049B, 0x049B, 0x049B, 0x049B, 0x049B, 0x049B, 0x049B, 0x049B, 0x049B, 0x049B, 0x049B, 0x049B, 0x049B, 0x049B, 0x0396,   // 0x0E00 (3584)
0x03B6, 0x049B, 0x049B, 0x049B, 0x049B, 0x049B, 0x049B, 0x049B, 0x049B, 0x049B, 0x049B, 0x049B, 0x049B, 0x049B, 0x049B, 0x049B,   // 0x0E10 (3600)
0x049B, 0x049B, 0x049B, 0x049B, 0x049B, 0x049B, 0x049B, 0x049B, 0x049B, 0x049B, 0x049B, 0x049B, 0x049B, 0x049B, 0x049B, 0x049B,   // 0x0E20 (3616)
0x049B, 0x049B, 0x049B, 0x049B, 0x049B, 0x049B, 0x049B, 0x049B, 0x049B, 0x049B, 0x049B, 0x049B, 0x049B, 0x049B, 0x049B, 0x049B,   // 0x0E30 (3632)
0x049B, 0x049B, 0x049B, 0x049B, 0x049B, 0x049B, 0x049B, 0x049B, 0x049B, 0x049B, 0x049B, 0x049B, 0x049B, 0x049B, 0x049B, 0x049B,   // 0x0E40 (3648)
0x049B, 0x049B, 0x049B, 0x049B, 0x049B, 0x049B, 0x049B, 0x049B, 0x049B, 0x049B, 0x049B, 0x049B, 0x049B, 0x049B, 0x049B, 0x049B,   // 0x0E50 (3664)
0x049B, 0x049B, 0x049B, 0x049B, 0x049B, 0x049B, 0x049B, 0x049B, 0x049B, 0x049B, 0x049B, 0x049B, 0x049B, 0x049B, 0x049B, 0x049B,   // 0x0E60 (3680)
0x353B, 0xA69D, 0xEF9E, 0xF7BE, 0xEF5D, 0xE73C, 0xE73C, 0xE73C, 0xE73C, 0xE73C, 0xE71C, 0xE71C, 0xE71C, 0xE73C, 0xDF3C, 0x75DB,   // 0x0E70 (3696)
0x1CDA, 0x049B, 0x049B, 0x049B, 0x049B, 0x049B, 0x049B, 0x049B, 0x049B, 0x049B, 0x049B, 0x049B, 0x049B, 0x049B, 0x049B, 0x0396,   // 0x0E80 (3712)
0x03B6, 0x049B, 0x049B, 0x049B, 0x049B, 0x049B, 0x049B, 0x049B, 0x049B, 0x049B, 0x049B, 0x049B, 0x049B, 0x049B, 0x049B, 0x049B,   // 0x0E90 (3728)
0x049B, 0x049B, 0x049B, 0x049B, 0x049B, 0x049B, 0x049B, 0x049B, 0x049B, 0x049B, 0x049B, 0x049B, 0x049B, 0x049B, 0x049B, 0x049B,   // 0x0EA0 (3744)
0x049B, 0x049B, 0x049B, 0x049B, 0x049B, 0x049B, 0x049B, 0x049B, 0x049B, 0x049B, 0x049B, 0x049B, 0x049B, 0x049B, 0x049B, 0x049B,   // 0x0EB0 (3760)
0x049B, 0x049B, 0x049B, 0x049B, 0x049B, 0x049B, 0x049B, 0x049B, 0x049B, 0x049B, 0x049B, 0x049B, 0x049B, 0x049B, 0x049B, 0x049B,   // 0x0EC0 (3776)
0x049B, 0x049B, 0x049B, 0x049B, 0x049B, 0x049B, 0x049B, 0x049B, 0x049B, 0x049B, 0x049B, 0x049B, 0x049B, 0x049B, 0x049B, 0x049B,   // 0x0ED0 (3792)
0x049B, 0x049B, 0x049B, 0x049B, 0x049B, 0x049B, 0x049B, 0x049B, 0x049B, 0x049B, 0x049B, 0x049B, 0x049B, 0x049B, 0x559B, 0xDF7E,   // 0x0EE0 (3808)
0xF7BE, 0xEF5D, 0xEF5D, 0xEF5C, 0xEF7D, 0xF79E, 0xF79D, 0xEF9D, 0xEF7D, 0xEF7D, 0xEF7D, 0xEF5D, 0xEF3D, 0xE6FB, 0xDEFB, 0xD6BA,   // 0x0EF0 (3824)
0xD69A, 0xA65A, 0x2D1A, 0x049B, 0x049B, 0x049B, 0x049B, 0x049B, 0x049B, 0x049B, 0x049B, 0x049B, 0x049B, 0x049B, 0x049B, 0x0396,   // 0x0F00 (3840)
0x03B6, 0x049B, 0x049B, 0x049B, 0x049B, 0x049B, 0x049B, 0x049B, 0x049B, 0x049B, 0x049B, 0x049B, 0x049B, 0x049B, 0x049B, 0x049B,   // 0x0F10 (3856)
0x049B, 0x049B, 0x049B, 0x049B, 0x049B, 0x0CDA, 0x2D5A, 0x35B9, 0x3599, 0x1D1A, 0x049B, 0x049B, 0x049B, 0x049B, 0x049B, 0x049B,   // 0x0F20 (3872)
0x049B, 0x049B, 0x049B, 0x049B, 0x049B, 0x049B, 0x049B, 0x049B, 0x049B, 0x049B, 0x049B, 0x049B, 0x049B, 0x049B, 0x049B, 0x049B,   // 0x0F30 (3888)
0x049B, 0x049B, 0x049B, 0x049B, 0x049B, 0x049B, 0x049B, 0x049B, 0x049B, 0x049B, 0x049B, 0x049B, 0x049B, 0x049B, 0x049B, 0x049B,   // 0x0F40 (3904)
0x049B, 0x049B, 0x049B, 0x049B, 0x049B, 0x049B, 0x049B, 0x049B, 0x049B, 0x049B, 0x049B, 0x049B, 0x049B, 0x049B, 0x049B, 0x049B,   // 0x0F50 (3920)
0x049B, 0x049B, 0x049B, 0x049B, 0x049B, 0x049B, 0x049B, 0x049B, 0x049B, 0x049B, 0x049B, 0x049B, 0x2D3B, 0xDF7E, 0xF7BE, 0xEF5D,   // 0x0F60 (3936)
0xEF5D, 0xF7BE, 0xF7BE, 0xF7BE, 0xF79E, 0xF79E, 0xF79E, 0xF79E, 0xEF7D, 0xEF7D, 0xEF7D, 0xEF7D, 0xEF5D, 0xEF5D, 0xE73C, 0xE71C,   // 0x0F70 (3952)
0xCE79, 0xCE59, 0xD699, 0x9E1A, 0x14DB, 0x049B, 0x049B, 0x049B, 0x049B, 0x049B, 0x049B, 0x049B, 0x049B, 0x049B, 0x049B, 0x0396,   // 0x0F80 (3968)
0x03B6, 0x049B, 0x049B, 0x049B, 0x049B, 0x049B, 0x049B, 0x049B, 0x049B, 0x049B, 0x049B, 0x049B, 0x049B, 0x049B, 0x049B, 0x049B,   // 0x0F90 (3984)
0x049B, 0x049B, 0x049B, 0x04BB, 0x45D9, 0x6EB8, 0x6EB8, 0x6EB8, 0x6EB8, 0x6EB8, 0x5E58, 0x14FA, 0x049B, 0x049B, 0x049B, 0x049B,   // 0x0FA0 (4000)
0x049B, 0x049B, 0x049B, 0x049B, 0x049B, 0x049B, 0x049B, 0x049B, 0x049B, 0x049B, 0x049B, 0x049B, 0x049B, 0x049B, 0x049B, 0x049B,   // 0x0FB0 (4016)
0x049B, 0x049B, 0x049B, 0x049B, 0x049B, 0x049B, 0x049B, 0x049B, 0x049B, 0x049B, 0x049B, 0x049B, 0x049B, 0x049B, 0x049B, 0x049B,   // 0x0FC0 (4032)
0x049B, 0x049B, 0x049B, 0x049B, 0x049B, 0x049B, 0x049B, 0x049B, 0x049B, 0x049B, 0x049B, 0x049B, 0x049B, 0x049B, 0x049B, 0x049B,   // 0x0FD0 (4048)
0x049B, 0x049B, 0x049B, 0x049B, 0x049B, 0x049B, 0x049B, 0x049B, 0x049B, 0x049B, 0x04BB, 0x863C, 0xFFDF, 0xEF7D, 0xEF5D, 0xFFDF,   // 0x0FE0 (4064)
0xF7BE, 0xF7BE, 0xF7BE, 0xF7BE, 0xF79E, 0xF79E, 0xF79E, 0xEF7D, 0xEF7D, 0xEF7D, 0xEF7D, 0xEF7D, 0xEF5D, 0xEF5D, 0xE73C, 0xE71C,   // 0x0FF0 (4080)
0xD6BA, 0xD6BA, 0xCE79, 0xCE59, 0xCE9A, 0x453A, 0x049B, 0x049B, 0x049B, 0x049B, 0x049B, 0x049B, 0x049B, 0x049B, 0x049B, 0x0396,   // 0x1000 (4096)
0x03B6, 0x049B, 0x049B, 0x049B, 0x049B, 0x049B, 0x049B, 0x049B, 0x049B, 0x049B, 0x049B, 0x049B, 0x049B, 0x049B, 0x049B, 0x049B,   // 0x1010 (4112)
0x049B, 0x049B, 0x0CDB, 0x5E58, 0x6EB8, 0x6EB8, 0x6EB8, 0x6EB8, 0x6EB8, 0x6EB8, 0x6EB8, 0x6E98, 0x253A, 0x049B, 0x049B, 0x049B,   // 0x1020 (4128)
0x049B, 0x049B, 0x049B, 0x049B, 0x049B, 0x049B, 0x049B, 0x049B, 0x049B, 0x049B, 0x049B, 0x049B, 0x049B, 0x049B, 0x049B, 0x049B,   // 0x1030 (4144)
0x049B, 0x049B, 0x049B, 0x049B, 0x049B, 0x049B, 0x049B, 0x049B, 0x049B, 0x049B, 0x049B, 0x049B, 0x049B, 0x14DB, 0x55BC, 0x6E1D,   // 0x1040 (4160)
0x6E1D, 0x55BC, 0x14DB, 0x049B, 0x049B, 0x049B, 0x049B, 0x049B, 0x049B, 0x049B, 0x049B, 0x049B, 0x049B, 0x049B, 0x049B, 0x049B,   // 0x1050 (4176)
0x049B, 0x049B, 0x049B, 0x049B, 0x049B, 0x049B, 0x049B, 0x049B, 0x049B, 0x0CBB, 0xC71E, 0xF7BE, 0xE73C, 0xF7BE, 0xFFDF, 0xFFDF,   // 0x1060 (4192)
0xF7BE, 0xF7BE, 0xF7BE, 0xF7BE, 0xF79E, 0xF79E, 0xF79E, 0xF79E, 0xEF7D, 0xEF7D, 0xEF7D, 0xEF7D, 0xEF5D, 0xEF5D, 0xE73C, 0xE71C,   // 0x1070 (4208)
0xDEDB, 0xD6BA, 0xDEDB, 0xD6BA, 0xCE58, 0xCE79, 0x7DBA, 0x049B, 0x049B, 0x049B, 0x049B, 0x049B, 0x049B, 0x049B, 0x049B, 0x0396,   // 0x1080 (4224)
0x03B6, 0x049B, 0x049B, 0x049B, 0x049B, 0x049B, 0x049B, 0x049B, 0x049B, 0x049B, 0x049B, 0x049B, 0x049B, 0x049B, 0x049B, 0x049B,   // 0x1090 (4240)
0x049B, 0x0CDB, 0x5E58, 0x6EB8, 0x6EB8, 0x6EB8, 0x6EB8, 0x6EB8, 0x6EB8, 0x6EB8, 0x6EB8, 0x6EB8, 0x6EB8, 0x253A, 0x049B, 0x049B,   // 0x10A0 (4256)
0x049B, 0x049B, 0x049B, 0x049B, 0x049B, 0x049B, 0x049B, 0x049B, 0x049B, 0x049B, 0x049B, 0x049B, 0x049B, 0x049B, 0x049B, 0x049B,   // 0x10B0 (4272)
0x049B, 0x049B, 0x049B, 0x049B, 0x049B, 0x049B, 0x049B, 0x049B, 0x049B, 0x049B, 0x049B, 0x14DB, 0x969D, 0xF7DF, 0xFFFF, 0xFFFF,   // 0x10C0 (4288)
0xFFFF, 0xFFFF, 0xF7DF, 0x8E7D, 0x0CDB, 0x049B, 0x049B, 0x049B, 0x049B, 0x049B, 0x049B, 0x049B, 0x049B, 0x049B, 0x049B, 0x049B,   // 0x10D0 (4304)
0x049B, 0x049B, 0x049B, 0x049B, 0x049B, 0x049B, 0x049B, 0x049B, 0x0CBB, 0xD77E, 0xF79E, 0xEF5D, 0xFFDF, 0xFFDF, 0xFFDF, 0xFFDF,   // 0x10E0 (4320)
0xFFDF, 0xF7BE, 0xF7BE, 0xF7BE, 0xF7BE, 0xF79E, 0xF79E, 0xF79E, 0xEF7D, 0xEF7E, 0xEF7D, 0xEF7D, 0xEF5D, 0xEF5D, 0xE73C, 0xE71C,   // 0x10F0 (4336)
0xDEDB, 0xDEDB, 0xD6BA, 0xDEFB, 0xDEDB, 0xCE59, 0xCE59, 0x8DDA, 0x049B, 0x049B, 0x049B, 0x049B, 0x049B, 0x049B, 0x049B, 0x0396,   // 0x1100 (4352)
0x03B6, 0x049B, 0x049B, 0x049B, 0x049B, 0x049B, 0x049B, 0x049B, 0x049B, 0x049B, 0x049B, 0x049B, 0x049B, 0x049B, 0x049B, 0x049B,   // 0x1110 (4368)
0x0CDB, 0x5E58, 0x6EB8, 0x6EB8, 0x6EB8, 0x6EB8, 0x6EB8, 0x6EB8, 0x6EB8, 0x6EB8, 0x6EB8, 0x6EB8, 0x6EB8, 0x6EB8, 0x253A, 0x049B,   // 0x1120 (4384)
0x049B, 0x049B, 0x049B, 0x049B, 0x049B, 0x049B, 0x049B, 0x049B, 0x049B, 0x049B, 0x049B, 0x049B, 0x049B, 0x049B, 0x049B, 0x049B,   // 0x1130 (4400)
0x049B, 0x049B, 0x049B, 0x049B, 0x049B, 0x049B, 0x049B, 0x049B, 0x049B, 0x049B, 0x251B, 0xDF9F, 0xFFFF, 0xFFFF, 0xFF1C, 0xFDF8,   // 0x1140 (4416)
0xFDF8, 0xFF3C, 0xFFFF, 0xFFFF, 0xDF7F, 0x251B, 0x049B, 0x049B, 0x049B, 0x049B, 0x049B, 0x049B, 0x049B, 0x049B, 0x049B, 0x049B,   // 0x1150 (4432)
0x049B, 0x049B, 0x049B, 0x049B, 0x049B, 0x049B, 0x049B, 0x0CBB, 0xD75E, 0xF79E, 0xEF7D, 0xFFFF, 0xFFDF, 0xFFDF, 0xFFDF, 0xFFDF,   // 0x1160 (4448)
0xFFDF, 0xF7BE, 0xF7BE, 0xF7BE, 0xF7BE, 0xF79E, 0xF79E, 0xEF5D, 0xE73D, 0xE73D, 0xEF5D, 0xEF7D, 0xEF7D, 0xEF5D, 0xEF5D, 0xE71C,   // 0x1170 (4464)
0xDEDB, 0xDEDB, 0xD6BA, 0xDEDB, 0xDEFB, 0xDEDB, 0xCE79, 0xCE59, 0x7DBA, 0x049B, 0x049B, 0x049B, 0x049B, 0x049B, 0x049B, 0x0396,   // 0x1180 (4480)
0x03B6, 0x049B, 0x049B, 0x049B, 0x049B, 0x049B, 0x049B, 0x049B, 0x049B, 0x049B, 0x049B, 0x049B, 0x049B, 0x049B, 0x049B, 0x0CDB,   // 0x1190 (4496)
0x5E58, 0x6EB8, 0x6EB8, 0x6EB8, 0x6EB8, 0x6EB8, 0x6EB8, 0x6EB8, 0x6EB8, 0x6EB8, 0x6EB8, 0x6EB8, 0x6EB8, 0x6EB8, 0x6EB8, 0x253A,   // 0x11A0 (4512)
0x049B, 0x049B, 0x049B, 0x049B, 0x049B, 0x049B, 0x049B, 0x049B, 0x049B, 0x049B, 0x049B, 0x049B, 0x049B, 0x049B, 0x049B, 0x049B,   // 0x11B0 (4528)
0x049B, 0x049B, 0x049B, 0x049B, 0x049B, 0x049B, 0x049B, 0x049B, 0x049B, 0x14DB, 0xDF9F, 0xFFFF, 0xFEFC, 0xF32D, 0xE986, 0xE986,   // 0x11C0 (4544)
0xF32D, 0xF430, 0xF3CF, 0xFF1C, 0xFFFF, 0xDF7F, 0x14DB, 0x049B, 0x049B, 0x049B, 0x049B, 0x049B, 0x049B, 0x049B, 0x049B, 0x049B,   // 0x11D0 (4560)
0x049B, 0x049B, 0x049B, 0x049B, 0x049B, 0x049B, 0x049B, 0xB6FD, 0xF79E, 0xEF5D, 0xFFFF, 0xFFFF, 0xFFDF, 0xFFDF, 0xFFDF, 0xFFDF,   // 0x11E0 (4576)
0xFFDF, 0xF7BE, 0xF7BE, 0xEF5D, 0xADD9, 0x74B7, 0x4C36, 0x33F6, 0x2BD6, 0x2BD6, 0x3BF6, 0x5436, 0x7CB7, 0xB5D9, 0xE73C, 0xE71C,   // 0x11F0 (4592)
0xDEDB, 0xDEDB, 0xDEDB, 0xD6BA, 0xD6BA, 0xDEFB, 0xDEFB, 0xCE79, 0xCE59, 0x5D7A, 0x049B, 0x049B, 0x049B, 0x049B, 0x049B, 0x0396,   // 0x1200 (4608)
0x03B6, 0x049B, 0x049B, 0x049B, 0x049B, 0x049B, 0x049B, 0x049B, 0x049B, 0x049B, 0x049B, 0x049B, 0x049B, 0x049B, 0x0CDB, 0x5E58,   // 0x1210 (4624)
0x6EB8, 0x6EB8, 0x6EB8, 0x6EB8, 0x6EB8, 0x6EB8, 0x6EB8, 0x6EB8, 0x6EB8, 0x6EB8, 0x6EB8, 0x6EB8, 0x6EB8, 0x6EB8, 0x6EB8, 0x6EB8,   // 0x1220 (4640)
0x253A, 0x049B, 0x049B, 0x049B, 0x049B, 0x049B, 0x049B, 0x049B, 0x049B, 0x049B, 0x049B, 0x049B, 0x049B, 0x049B, 0x049B, 0x049B,   // 0x1230 (4656)
0x049B, 0x049B, 0x049B, 0x049B, 0x049B, 0x049B, 0x049B, 0x049B, 0x049B, 0x9E9D, 0xFFFF, 0xFEDB, 0xE9E8, 0xE986, 0xE986, 0xF3CF,   // 0x1240 (4672)
0xFFFF, 0xFFFF, 0xFEDB, 0xEA08, 0xFEFC, 0xFFFF, 0x8E7D, 0x049B, 0x049B, 0x049B, 0x049B, 0x049B, 0x049B, 0x049B, 0x049B, 0x049B,   // 0x1250 (4688)
0x049B, 0x049B, 0x049B, 0x049B, 0x049B, 0x049B, 0x75FC, 0xF7DF, 0xE73C, 0xFFFF, 0xFFFF, 0xFFFF, 0xFFDF, 0xFFDF, 0xFFDF, 0xFFDF,   // 0x1260 (4704)
0xFFDF, 0xEF9E, 0x9558, 0x3C17, 0x249A, 0x24DB, 0x24DA, 0x24DB, 0x24BA, 0x2499, 0x24BA, 0x24BA, 0x24BA, 0x2458, 0x43F5, 0x9D58,   // 0x1270 (4720)
0xDEDB, 0xDEDB, 0xDEDB, 0xDEDB, 0xD6BA, 0xDEDB, 0xDEFB, 0xDEDB, 0xCE59, 0xCE59, 0x2CFA, 0x049B, 0x049B, 0x049B, 0x049B, 0x0396,   // 0x1280 (4736)
0x03B6, 0x049B, 0x049B, 0x049B, 0x049B, 0x049B, 0x049B, 0x049B, 0x049B, 0x049B, 0x049B, 0x049B, 0x049B, 0x0CBB, 0x5E58, 0x6EB8,   // 0x1290 (4752)
0x6EB8, 0x6EB8, 0x6EB8, 0x6EB8, 0x6EB8, 0x6EB8, 0x6EB8, 0x6EB8, 0x6EB8, 0x6EB8, 0x6EB8, 0x6EB8, 0x6EB8, 0x6EB8, 0x6EB8, 0x6EB8,   // 0x12A0 (4768)
0x6EB8, 0x253A, 0x049B, 0x049B, 0x049B, 0x049B, 0x049B, 0x049B, 0x049B, 0x049B, 0x049B, 0x049B, 0x049B, 0x049B, 0x049B, 0x049B,   // 0x12B0 (4784)
0x049B, 0x049B, 0x049B, 0x049B, 0x049B, 0x049B, 0x049B, 0x049B, 0x14DB, 0xFFFF, 0xFFFF, 0xF2AB, 0xE986, 0xE986, 0xE986, 0xFD55,   // 0x12C0 (4800)
0xFFFF, 0xFFFF, 0xFFFF, 0xEA08, 0xF2EC, 0xFFFF, 0xEFBF, 0x0CBB, 0x049B, 0x049B, 0x049B, 0x049B, 0x049B, 0x049B, 0x049B, 0x049B,   // 0x12D0 (4816)
0x049B, 0x049B, 0x049B, 0x049B, 0x049B, 0x24FB, 0xFFDF, 0xE73C, 0xFFDF, 0xFFFF, 0xFFFF, 0xFFFF, 0xFFDF, 0xFFDF, 0xFFDF, 0xFFDF,   // 0x12E0 (4832)
0xE71D, 0x8C96, 0x43D6, 0x2C79, 0x24DB, 0x2CBA, 0x2458, 0x4C16, 0x9538, 0xA598, 0x84D7, 0x3BF6, 0x2C38, 0x2479, 0x2458, 0x3353,   // 0x12F0 (4848)
0x8454, 0xD6BB, 0xDEDB, 0xDEDB, 0xDEDB, 0xD6BA, 0xDEDB, 0xE71C, 0xD6BA, 0xC618, 0xB639, 0x049B, 0x049B, 0x049B, 0x049B, 0x0396,   // 0x1300 (4864)
0x03B6, 0x049B, 0x049B, 0x049B, 0x049B, 0x049B, 0x049B, 0x049B, 0x049B, 0x049B, 0x049B, 0x049B, 0x0CBB, 0x5E58, 0x6EB8, 0x6EB8,   // 0x1310 (4880)
0x6EB8, 0x6EB8, 0x6EB8, 0x6EB8, 0x6EB8, 0x6EB8, 0x6EB8, 0x6EB8, 0x6EB8, 0x6EB8, 0x6EB8, 0x6EB8, 0x6EB8, 0x6EB8, 0x6EB8, 0x6EB8,   // 0x1320 (4896)
0x6EB8, 0x6EB8, 0x253A, 0x049B, 0x049B, 0x049B, 0x049B, 0x049B, 0x049B, 0x049B, 0x049B, 0x049B, 0x049B, 0x049B, 0x049B, 0x049B,   // 0x1330 (4912)
0x049B, 0x049B, 0x049B, 0x049B, 0x049B, 0x049B, 0x049B, 0x049B, 0x55BC, 0xFFFF, 0xFE39, 0xE986, 0xE986, 0xE986, 0xE986, 0xF32D,   // 0x1340 (4928)
0xFFDF, 0xFFFF, 0xFE18, 0xE986, 0xE986, 0xFE9A, 0xFFFF, 0x3D7C, 0x049B, 0x049B, 0x049B, 0x049B, 0x049B, 0x049B, 0x049B, 0x049B,   // 0x1350 (4944)
0x049B, 0x049B, 0x049B, 0x049B, 0x049B, 0xBF1E, 0xEF7D, 0xF7BE, 0xFFFF, 0xFFFF, 0xFFFF, 0xFFFF, 0xFFDF, 0xFFDF, 0xFFDF, 0xEF7E,   // 0x1360 (4960)
0xAD78, 0xF7BF, 0xF79E, 0xC63B, 0x9D59, 0x9538, 0x7C35, 0xEF3E, 0xB5B9, 0xA517, 0xD6BB, 0xE73D, 0xBE1A, 0xA578, 0xADB9, 0xCE9A,   // 0x1370 (4976)
0xD6BB, 0x94D5, 0xDEDB, 0xDEDB, 0xDEDB, 0xDEDB, 0xD6BA, 0xDEDB, 0xDEFB, 0xD69A, 0xC618, 0x5D7A, 0x049B, 0x049B, 0x049B, 0x0396,   // 0x1380 (4992)
0x03B6, 0x049B, 0x049B, 0x049B, 0x049B, 0x049B, 0x049B, 0x049B, 0x049B, 0x049B, 0x049B, 0x0CBB, 0x5638, 0x6EB8, 0x6EB8, 0x6EB8,   // 0x1390 (5008)
0x6EB8, 0x6EB8, 0x6EB8, 0x6EB8, 0x6EB8, 0x6EB8, 0x6EB8, 0x6EB8, 0x6EB8, 0x6EB8, 0x6EB8, 0x6EB8, 0x6EB8, 0x6EB8, 0x6EB8, 0x6EB8,   // 0x13A0 (5024)
0x6EB8, 0x6EB8, 0x6EB8, 0x1D3A, 0x049B, 0x049B, 0x049B, 0x049B, 0x049B, 0x049B, 0x049B, 0x049B, 0x049B, 0x049B, 0x049B, 0x049B,   // 0x13B0 (5040)
0x049B, 0x049B, 0x049B, 0x049B, 0x049B, 0x049B, 0x049B, 0x049B, 0x761D, 0xFFFF, 0xF4D3, 0xE986, 0xE986, 0xE986, 0xE986, 0xE986,   // 0x13C0 (5056)
0xEA49, 0xF30C, 0xE9A7, 0xE986, 0xE986, 0xF514, 0xFFFF, 0x5DDC, 0x049B, 0x049B, 0x049B, 0x049B, 0x049B, 0x049B, 0x049B, 0x049B,   // 0x13D0 (5072)
0x049B, 0x049B, 0x049B, 0x049B, 0x353B, 0xFFFF, 0xE73C, 0xFFFF, 0xFFFF, 0xFFFF, 0xFFFF, 0xFFFF, 0xFFDF, 0xFFDF, 0xFFDF, 0xB599,   // 0x13E0 (5088)
0xF79E, 0xFFDF, 0xF7BF, 0xF7BE, 0xF7BE, 0xA537, 0xC61A, 0x9D17, 0xD6BC, 0xEF7D, 0xB598, 0xBDF9, 0xEF7D, 0xEF5D, 0xEF5D, 0xE71C,   // 0x13F0 (5104)
0xDEFB, 0xC619, 0xB598, 0xDEDB, 0xDEDB, 0xDEDB, 0xD6BA, 0xD6BA, 0xDEFB, 0xD6BA, 0xC638, 0xBE59, 0x0CBB, 0x049B, 0x049B, 0x0396,   // 0x1400 (5120)
0x03B6, 0x049B, 0x049B, 0x049B, 0x049B, 0x049B, 0x049B, 0x049B, 0x049B, 0x049B, 0x049B, 0x049B, 0x049B, 0x04BB, 0x151A, 0x45D9,   // 0x1410 (5136)
0x6EB8, 0x6EB8, 0x6EB8, 0x6EB8, 0x6EB8, 0x6EB8, 0x6EB8, 0x6EB8, 0x6EB8, 0x6EB8, 0x6EB8, 0x6EB8, 0x6EB8, 0x6EB8, 0x6EB8, 0x6EB8,   // 0x1420 (5152)
0x3DB9, 0x14FA, 0x04BB, 0x049B, 0x049B, 0x049B, 0x049B, 0x049B, 0x049B, 0x049B, 0x049B, 0x049B, 0x049B, 0x049B, 0x049B, 0x049B,   // 0x1430 (5168)
0x049B, 0x049B, 0x049B, 0x049B, 0x049B, 0x049B, 0x049B, 0x049B, 0x6E1D, 0xFFFF, 0xF492, 0xE986, 0xE986, 0xE986, 0xE986, 0xE986,   // 0x1440 (5184)
0xE986, 0xE986, 0xF32D, 0xF38E, 0xE986, 0xF4F3, 0xFFFF, 0x5DDC, 0x049B, 0x049B, 0x049B, 0x049B, 0x049B, 0x049B, 0x049B, 0x049B,   // 0x1450 (5200)
0x049B, 0x049B, 0x049B, 0x049B, 0xC71E, 0xEF5D, 0xF7BE, 0xFFFF, 0xFFFF, 0xFFFF, 0xFFFF, 0xFFFF, 0xFFFF, 0xFFDF, 0xFFDF, 0x8476,   // 0x1460 (5216)
0xCE9B, 0xF7BE, 0xFFBE, 0xF7BE, 0xF7BE, 0xEF7E, 0xD6BC, 0xEF7E, 0xF79E, 0xF77D, 0xEF7E, 0xC61A, 0xAD78, 0xEF5D, 0xEF5D, 0xDF1C,   // 0x1470 (5232)
0xDEFB, 0xBDF9, 0x8C95, 0xDEDB, 0xDEDB, 0xDEDB, 0xDEDB, 0xD6BA, 0xD6BA, 0xDEDB, 0xD69A, 0xC618, 0x557A, 0x049B, 0x049B, 0x0396,   // 0x1480 (5248)
0x03B6, 0x049B, 0x049B, 0x049B, 0x049B, 0x049B, 0x049B, 0x049B, 0x049B, 0x0CBB, 0x253A, 0x253A, 0x253A, 0x1D1A, 0x04BB, 0x049B,   // 0x1490 (5264)
0x1D1A, 0x6698, 0x6EB8, 0x6EB8, 0x6EB8, 0x6EB8, 0x6EB8, 0x6EB8, 0x6EB8, 0x6EB8, 0x6EB8, 0x6EB8, 0x6EB8, 0x6EB8, 0x6678, 0x14FA,   // 0x14A0 (5280)
0x049B, 0x04BB, 0x1D1A, 0x1D3A, 0x1D3A, 0x14FA, 0x049B, 0x049B, 0x049B, 0x049B, 0x049B, 0x049B, 0x049B, 0x049B, 0x049B, 0x049B,   // 0x14B0 (5296)
0x049B, 0x049B, 0x049B, 0x049B, 0x049B, 0x049B, 0x049B, 0x049B, 0x55BC, 0xFFFF, 0xFD96, 0xE986, 0xE986, 0xE986, 0xE986, 0xE986,   // 0x14C0 (5312)
0xE986, 0xE986, 0xE9C7, 0xE9E8, 0xE986, 0xFDD7, 0xFFFF, 0x3D5C, 0x049B, 0x049B, 0x049B, 0x049B, 0x049B, 0x049B, 0x049B, 0x049B,   // 0x14D0 (5328)
0x049B, 0x049B, 0x049B, 0x1CDB, 0xFFFF, 0xE73C, 0xFFFF, 0xFFFF, 0xFFFF, 0xFFFF, 0xFFFF, 0xFFFF, 0xFFFF, 0xFFDF, 0xF7BF, 0x3BF6,   // 0x14E0 (5344)
0x2459, 0x3C17, 0x84D7, 0xD6BC, 0xD69B, 0xEF5D, 0xEF7E, 0xF79E, 0xF79E, 0xF79D, 0xEF7E, 0xE73D, 0xD69B, 0x9D16, 0xC65A, 0x7C96,   // 0x14F0 (5360)
0x43B4, 0x2BD5, 0x6414, 0xDEFB, 0xDEDB, 0xDEDB, 0xDEDB, 0xD6BA, 0xD6BA, 0xD6BA, 0xD69A, 0xC638, 0xAE3A, 0x049B, 0x049B, 0x0396,   // 0x1500 (5376)
0x03B6, 0x049B, 0x049B, 0x049B, 0x049B, 0x049B, 0x049B, 0x049B, 0x0CBB, 0x5638, 0x6EB8, 0x6EB8, 0x6EB8, 0x6EB8, 0x6698, 0x2D5A,   // 0x1510 (5392)
0x049B, 0x14FA, 0x6698, 0x6EB8, 0x6EB8, 0x6EB8, 0x6EB8, 0x6EB8, 0x6EB8, 0x6EB8, 0x6EB8, 0x6EB8, 0x6EB8, 0x6678, 0x14DA, 0x049B,   // 0x1520 (5408)
0x2D79, 0x6E98, 0x6EB8, 0x6EB8, 0x6EB8, 0x6EB8, 0x253A, 0x049B, 0x049B, 0x049B, 0x049B, 0x049B, 0x049B, 0x049B, 0x049B, 0x049B,   // 0x1530 (5424)
0x049B, 0x049B, 0x049B, 0x049B, 0x049B, 0x049B, 0x049B, 0x049B, 0x14DB, 0xFFFF, 0xFF7D, 0xE9C8, 0xE986, 0xE986, 0xE986, 0xE986,   // 0x1540 (5440)
0xE986, 0xE986, 0xE986, 0xE986, 0xEA08, 0xFFBE, 0xEFBF, 0x0CBB, 0x049B, 0x049B, 0x049B, 0x049B, 0x049B, 0x049B, 0x049B, 0x049B,   // 0x1550 (5456)
0x049B, 0x049B, 0x049B, 0x6DFC, 0xF7BE, 0xEF7D, 0xFFFF, 0xFFFF, 0xFFFF, 0xFFFF, 0xFFFF, 0xFFFF, 0xFFFF, 0xFFDF, 0xFFDF, 0x4BB5,   // 0x1560 (5472)
0x1D1B, 0x24FB, 0x24DB, 0x43D5, 0xCE5B, 0xAD78, 0x9D17, 0xB5B8, 0xEF7E, 0xF77E, 0xEF7D, 0xD6BC, 0xB5B9, 0xDEFC, 0x3B74, 0x2C99,   // 0x1570 (5488)
0x2C99, 0x2C78, 0x6C34, 0xDEFB, 0xDEDB, 0xDEDB, 0xDEDB, 0xD6BA, 0xD6BA, 0xD6BA, 0xD69A, 0xD69A, 0xC618, 0x1CDA, 0x049B, 0x0396,   // 0x1580 (5504)
0x03B6, 0x049B, 0x049B, 0x049B, 0x049B, 0x049B, 0x049B, 0x0CBB, 0x5638, 0x6EB8, 0x6EB8, 0x6EB8, 0x6EB8, 0x6EB8, 0x6EB8, 0x6EB8,   // 0x1590 (5520)
0x2D79, 0x049B, 0x14FA, 0x6698, 0x6EB8, 0x6EB8, 0x6EB8, 0x6EB8, 0x6EB8, 0x6EB8, 0x6EB8, 0x6EB8, 0x6678, 0x0CDA, 0x049B, 0x3DB9,   // 0x15A0 (5536)
0x6EB8, 0x6EB8, 0x6EB8, 0x6EB8, 0x6EB8, 0x6EB8, 0x6EB8, 0x253A, 0x049B, 0x049B, 0x049B, 0x049B, 0x049B, 0x049B, 0x049B, 0x049B,   // 0x15B0 (5552)
0x049B, 0x049B, 0x049B, 0x049B, 0x049B, 0x049B, 0x049B, 0x049B, 0x049B, 0x969D, 0xFFFF, 0xF535, 0xE986, 0xE986, 0xE986, 0xE986,   // 0x15C0 (5568)
0xE986, 0xE986, 0xE986, 0xE986, 0xFD96, 0xFFFF, 0x865D, 0x049B, 0x049B, 0x049B, 0x049B, 0x049B, 0x049B, 0x049B, 0x049B, 0x049B,   // 0x15D0 (5584)
0x049B, 0x049B, 0x049B, 0xCF5E, 0xE73C, 0xFFFF, 0xFFFF, 0xFFFF, 0xFFFF, 0xFFFF, 0xFFFF, 0xFFFF, 0xFFFF, 0xFFDF, 0xFFDF, 0x7C55,   // 0x15E0 (5600)
0x249A, 0x1D1B, 0x24FB, 0x2C79, 0x6456, 0xEF7E, 0xF79E, 0xC61A, 0xAD78, 0xEF7E, 0xD6BB, 0xC65A, 0xC63A, 0x5BD5, 0x2C37, 0x2C99,   // 0x15F0 (5616)
0x2C99, 0x2BB5, 0x9CF6, 0xDEFC, 0xDEFB, 0xDEDB, 0xDEDB, 0xDEDB, 0xD6BA, 0xD6BA, 0xD69A, 0xD69A, 0xC618, 0x5D7A, 0x049B, 0x0396,   // 0x1600 (5632)
0x03B6, 0x049B, 0x049B, 0x049B, 0x049B, 0x049B, 0x0CBB, 0x5638, 0x6EB8, 0x6EB8, 0x6EB8, 0x6EB8, 0x6EB8, 0x6EB8, 0x6EB8, 0x6EB8,   // 0x1610 (5648)
0x6EB8, 0x2D79, 0x049B, 0x14FA, 0x6698, 0x6EB8, 0x6EB8, 0x6EB8, 0x6EB8, 0x6EB8, 0x6EB8, 0x6678, 0x0CDA, 0x049B, 0x3DB9, 0x6EB8,   // 0x1620 (5664)
0x6EB8, 0x6EB8, 0x6EB8, 0x6EB8, 0x6EB8, 0x6EB8, 0x6EB8, 0x6EB8, 0x253A, 0x049B, 0x049B, 0x049B, 0x049B, 0x049B, 0x049B, 0x049B,   // 0x1630 (5680)
0x049B, 0x049B, 0x049B, 0x049B, 0x049B, 0x049B, 0x049B, 0x049B, 0x049B, 0x0CBB, 0xD75F, 0xFFFF, 0xF4F4, 0xE9A7, 0xE986, 0xE986,   // 0x1640 (5696)
0xE986, 0xE986, 0xE9A7, 0xF535, 0xFFFF, 0xD75F, 0x0CBB, 0x049B, 0x049B, 0x049B, 0x049B, 0x049B, 0x049B, 0x049B, 0x049B, 0x049B,   // 0x1650 (5712)
0x049B, 0x049B, 0x0CBB, 0xF7FF, 0xE73C, 0xFFFF, 0xFFFF, 0xFFFF, 0xFFFF, 0xFFFF, 0xFFFF, 0xFFFF, 0xFFFF, 0xFFDF, 0xFFDF, 0xD6BC,   // 0x1660 (5728)
0x32B2, 0x24BA, 0x24FB, 0x24FB, 0x24BA, 0x43F6, 0x9D78, 0xD6BC, 0xCE7B, 0xAD78, 0xC61A, 0x8CD6, 0x4C16, 0x2499, 0x2CB9, 0x2C99,   // 0x1670 (5744)
0x2C17, 0x4AB0, 0xD6DB, 0xDEFC, 0xDEFB, 0xDEFB, 0xDEDB, 0xDEDB, 0xD6BA, 0xD6BA, 0xD6BA, 0xD69A, 0xC618, 0x95FA, 0x049B, 0x0396,   // 0x1680 (5760)
0x03B6, 0x049B, 0x049B, 0x049B, 0x049B, 0x0CBB, 0x5638, 0x6EB8, 0x6EB8, 0x6EB8, 0x6EB8, 0x6EB8, 0x6EB8, 0x6EB8, 0x6EB8, 0x6EB8,   // 0x1690 (5776)
0x6EB8, 0x6EB8, 0x2D79, 0x049B, 0x14FA, 0x6698, 0x6EB8, 0x6EB8, 0x6EB8, 0x6EB8, 0x6678, 0x0CDA, 0x049B, 0x3DB9, 0x6EB8, 0x6EB8,   // 0x16A0 (5792)
0x6EB8, 0x6EB8, 0x6EB8, 0x6EB8, 0x6EB8, 0x6EB8, 0x6EB8, 0x6EB8, 0x6EB8, 0x253A, 0x049B, 0x049B, 0x049B, 0x049B, 0x049B, 0x049B,   // 0x16B0 (5808)
0x049B, 0x049B, 0x049B, 0x049B, 0x049B, 0x049B, 0x049B, 0x049B, 0x049B, 0x049B, 0x1CFB, 0xE79F, 0xFFFF, 0xFF1C, 0xF4D3, 0xF3AF,   // 0x16C0 (5824)
0xF3AF, 0xF4D3, 0xFF3C, 0xFFFF, 0xDF9F, 0x1CFB, 0x049B, 0x049B, 0x049B, 0x049B, 0x049B, 0x049B, 0x049B, 0x049B, 0x049B, 0x049B,   // 0x16D0 (5840)
0x049B, 0x049B, 0x24FB, 0xFFFF, 0xE73C, 0xFFFF, 0xFFFF, 0xFFFF, 0xFFFF, 0xFFFF, 0xFFFF, 0xFFFF, 0xFFFF, 0xFFFF, 0xFFDF, 0xFFDF,   // 0x16E0 (5856)
0xA558, 0x3271, 0x2438, 0x24FB, 0x24FB, 0x24FB, 0x2CBA, 0x4C37, 0x6477, 0x5436, 0x43D6, 0x2C37, 0x24BA, 0x24B9, 0x2C99, 0x3395,   // 0x16F0 (5872)
0x3A4F, 0xBDD9, 0xE71C, 0xDEFB, 0xDEFB, 0xDEFB, 0xDEFB, 0xDEDB, 0xDEDB, 0xD6BA, 0xD6BA, 0xD69A, 0xC638, 0xB639, 0x049B, 0x0396,   // 0x1700 (5888)
0x03B6, 0x049B, 0x049B, 0x049B, 0x04BB, 0x5638, 0x6EB8, 0x6EB8, 0x6EB8, 0x6EB8, 0x6EB8, 0x6EB8, 0x6EB8, 0x6EB8, 0x6EB8, 0x6EB8,   // 0x1710 (5904)
0x6EB8, 0x6EB8, 0x6EB8, 0x2D79, 0x049B, 0x14FA, 0x6698, 0x6EB8, 0x6EB8, 0x6678, 0x0CDA, 0x049B, 0x3DB9, 0x6EB8, 0x6EB8, 0x6EB8,   // 0x1720 (5920)
0x6EB8, 0x6EB8, 0x6EB8, 0x6EB8, 0x6EB8, 0x6EB8, 0x6EB8, 0x6EB8, 0x6EB8, 0x6EB8, 0x1D1A, 0x049B, 0x049B, 0x049B, 0x049B, 0x049B,   // 0x1730 (5936)
0x049B, 0x049B, 0x049B, 0x049B, 0x049B, 0x049B, 0x049B, 0x049B, 0x049B, 0x049B, 0x049B, 0x457C, 0xFFFF, 0xFFFF, 0xFFFF, 0xFFFF,   // 0x1740 (5952)
0xFFFF, 0xFFFF, 0xFFFF, 0xFFFF, 0x355C, 0x049B, 0x049B, 0x049B, 0x049B, 0x049B, 0x049B, 0x049B, 0x049B, 0x049B, 0x049B, 0x049B,   // 0x1750 (5968)
0x049B, 0x049B, 0x455B, 0xFFDF, 0xEF5D, 0xFFFF, 0xFFFF, 0xFFFF, 0xFFFF, 0xFFFF, 0xFFFF, 0xFFFF, 0xFFFF, 0xFFFF, 0xFFDF, 0xFFDF,   // 0x1760 (5984)
0xFFDF, 0xB5B9, 0x4250, 0x2AD3, 0x2BF7, 0x24BA, 0x24DB, 0x24DB, 0x24DB, 0x24DA, 0x24DA, 0x24BA, 0x2479, 0x3395, 0x3271, 0x52B0,   // 0x1770 (6000)
0xBE19, 0xE71C, 0xE71C, 0xE71C, 0xDEFB, 0xDEFB, 0xDEFB, 0xDEDB, 0xDEDB, 0xDEDB, 0xD6BA, 0xD6BA, 0xCE79, 0xC638, 0x04BB, 0x0396,   // 0x1780 (6016)
0x03B6, 0x049B, 0x049B, 0x049B, 0x3DD9, 0x6EB8, 0x6EB8, 0x6EB8, 0x6EB8, 0x6EB8, 0x6EB8, 0x6EB8, 0x6EB8, 0x6EB8, 0x6EB8, 0x6EB8,   // 0x1790 (6032)
0x6EB8, 0x6EB8, 0x6EB8, 0x6EB8, 0x2D79, 0x049B, 0x14FA, 0x6678, 0x5E78, 0x0CDA, 0x049B, 0x3DB9, 0x6EB8, 0x6EB8, 0x6EB8, 0x6EB8,   // 0x17A0 (6048)
0x6EB8, 0x6EB8, 0x6EB8, 0x6EB8, 0x6EB8, 0x6EB8, 0x6EB8, 0x6EB8, 0x6EB8, 0x6EB8, 0x6698, 0x0CBB, 0x049B, 0x049B, 0x049B, 0x049B,   // 0x17B0 (6064)
0x049B, 0x049B, 0x049B, 0x049B, 0x049B, 0x049B, 0x049B, 0x049B, 0x049B, 0x049B, 0x049B, 0x049B, 0xE79F, 0xFFFF, 0x8418, 0x20F2,   // 0x17C0 (6080)
0x20F2, 0x8C58, 0xFFFF, 0xCF5F, 0x049B, 0x049B, 0x049B, 0x049B, 0x049B, 0x049B, 0x049B, 0x049B, 0x049B, 0x049B, 0x049B, 0x049B,   // 0x17D0 (6096)
0x049B, 0x049B, 0x5DBC, 0xF7BE, 0xEF9E, 0xFFFF, 0xFFFF, 0xFFFF, 0xFFFF, 0xFFFF, 0xFFFF, 0xFFFF, 0xFFFF, 0xFFFF, 0xFFDF, 0xFFDF,   // 0x17E0 (6112)
0xFFDF, 0xFFDF, 0xEF5E, 0x9CD6, 0x52D1, 0x320F, 0x3271, 0x2AB2, 0x2AF3, 0x2AD3, 0x3292, 0x3230, 0x320F, 0x5B11, 0xA517, 0xE71C,   // 0x17F0 (6128)
0xE73C, 0xE71C, 0xE71C, 0xE71C, 0xE71C, 0xDEFB, 0xDEFB, 0xDEDB, 0xDEDB, 0xDEDB, 0xD6BA, 0xD6BA, 0xD69A, 0xC618, 0x14BA, 0x0396,   // 0x1800 (6144)
0x03B6, 0x049B, 0x049B, 0x0CDB, 0x6EB8, 0x6EB8, 0x6EB8, 0x6EB8, 0x6EB8, 0x6EB8, 0x6EB8, 0x6EB8, 0x6EB8, 0x6EB8, 0x6EB8, 0x6EB8,   // 0x1810 (6160)
0x6EB8, 0x6EB8, 0x6EB8, 0x6EB8, 0x6EB8, 0x2D79, 0x049B, 0x04BB, 0x04BB, 0x049B, 0x3DB9, 0x6EB8, 0x6EB8, 0x6EB8, 0x6EB8, 0x6EB8,   // 0x1820 (6176)
0x6EB8, 0x6EB8, 0x6EB8, 0x6EB8, 0x6EB8, 0x6EB8, 0x6EB8, 0x6EB8, 0x6EB8, 0x6EB8, 0x6EB8, 0x3599, 0x049B, 0x049B, 0x049B, 0x049B,   // 0x1830 (6192)
0x049B, 0x049B, 0x049B, 0x049B, 0x049B, 0x049B, 0x049B, 0x049B, 0x049B, 0x049B, 0x049B, 0x049B, 0xD75F, 0xFFFF, 0x7376, 0x0810,   // 0x1840 (6208)
0x0810, 0x7BD7, 0xFFFF, 0xBF1E, 0x049B, 0x049B, 0x049B, 0x049B, 0x049B, 0x049B, 0x049B, 0x049B, 0x049B, 0x049B, 0x049B, 0x049B,   // 0x1850 (6224)
0x049B, 0x049B, 0x6DFC, 0xEF9D, 0xF7BE, 0xFFFF, 0xFFFF, 0xFFFF, 0xFFFF, 0xFFFF, 0xFFFF, 0xFFFF, 0xFFFF, 0xFFFF, 0xFFDF, 0xFFDF,   // 0x1860 (6240)
0xFFDF, 0xFFDF, 0xFFDF, 0xF7DF, 0xF7BF, 0xDEDC, 0xB5D9, 0xA517, 0x94D6, 0x94D6, 0xA517, 0xBDD9, 0xDEDC, 0xE75D, 0xEF3C, 0xE73C,   // 0x1870 (6256)
0xE73C, 0xE73C, 0xE71C, 0xE71C, 0xE71C, 0xDEFB, 0xDEFB, 0xDEFB, 0xDEDB, 0xDEDB, 0xD6BA, 0xD6BA, 0xD69A, 0xC638, 0x1CDA, 0x0396,   // 0x1880 (6272)
0x03B6, 0x049B, 0x049B, 0x255A, 0x6EB8, 0x6EB8, 0x6EB8, 0x6EB8, 0x6EB8, 0x6EB8, 0x6EB8, 0x6EB8, 0x6EB8, 0x6EB8, 0x6EB8, 0x6EB8,   // 0x1890 (6288)
0x6EB8, 0x6EB8, 0x6EB8, 0x6EB8, 0x6EB8, 0x6EB8, 0x45D9, 0x1D1A, 0x1D1A, 0x45F9, 0x6EB8, 0x6EB8, 0x6EB8, 0x6EB8, 0x6EB8, 0x6EB8,   // 0x18A0 (6304)
0x6EB8, 0x6EB8, 0x6EB8, 0x6EB8, 0x6EB8, 0x6EB8, 0x6EB8, 0x6EB8, 0x6EB8, 0x6EB8, 0x6EB8, 0x5619, 0x049B, 0x049B, 0x049B, 0x049B,   // 0x18B0 (6320)
0x049B, 0x049B, 0x049B, 0x049B, 0x049B, 0x049B, 0x049B, 0x049B, 0x049B, 0x049B, 0x049B, 0x0CBB, 0xF7DF, 0xFFFF, 0x7376, 0x0810,   // 0x18C0 (6336)
0x0810, 0x7BD7, 0xFFFF, 0xEFBF, 0x04BB, 0x049B, 0x049B, 0x049B, 0x049B, 0x049B, 0x049B, 0x049B, 0x049B, 0x049B, 0x049B, 0x049B,   // 0x18D0 (6352)
0x049B, 0x049B, 0x6DFC, 0xEF7D, 0xF7BE, 0xFFFF, 0xFFFF, 0xFFFF, 0xFFFF, 0xFFFF, 0xFFFF, 0xFFFF, 0xFFFF, 0xFFFF, 0xFFDF, 0xFFDF,   // 0x18E0 (6368)
0xFFDF, 0xFFDF, 0xFFDF, 0xFFDF, 0xF7BE, 0xF7BE, 0xF7BE, 0xF7BE, 0xF79E, 0xF79E, 0xF79E, 0xEF7D, 0xEF5D, 0xEF5D, 0xEF5D, 0xE73C,   // 0x18F0 (6384)
0xE73C, 0xE73C, 0xE73C, 0xE71C, 0xE71C, 0xDEFB, 0xDEFB, 0xDEFB, 0xDEDB, 0xDEDB, 0xD6BA, 0xD6BA, 0xD6BA, 0xC638, 0x1CDA, 0x0396,   // 0x1900 (6400)
0x03B6, 0x049B, 0x049B, 0x3599, 0x6EB8, 0x6EB8, 0x6EB8, 0x6EB8, 0x6EB8, 0x6EB8, 0x6EB8, 0x6EB8, 0x6EB8, 0x6EB8, 0x6EB8, 0x6EB8,   // 0x1910 (6416)
0x6EB8, 0x6EB8, 0x6EB8, 0x6EB8, 0x6EB8, 0x6EB8, 0x6EB8, 0x6EB8, 0x6EB8, 0x6EB8, 0x6EB8, 0x6EB8, 0x6EB8, 0x6EB8, 0x6EB8, 0x6EB8,   // 0x1920 (6432)
0x6EB8, 0x6EB8, 0x6EB8, 0x6EB8, 0x6EB8, 0x6EB8, 0x6EB8, 0x6EB8, 0x6EB8, 0x6EB8, 0x6EB8, 0x5E58, 0x049B, 0x049B, 0x049B, 0x049B,   // 0x1930 (6448)
0x049B, 0x049B, 0x049B, 0x049B, 0x049B, 0x049B, 0x049B, 0x049B, 0x049B, 0x049B, 0x049B, 0x865D, 0xFFFF, 0xFFFF, 0x7376, 0x0810,   // 0x1940 (6464)
0x0810, 0x7BD7, 0xFFFF, 0xFFFF, 0x7E3D, 0x049B, 0x049B, 0x049B, 0x049B, 0x049B, 0x049B, 0x049B, 0x049B, 0x049B, 0x049B, 0x049B,   // 0x1950 (6480)
0x049B, 0x049B, 0x5DDC, 0xF7BE, 0xF79E, 0xFFFF, 0xFFFF, 0xFFFF, 0xFFFF, 0xFFFF, 0xFFFF, 0xFFFF, 0xFFFF, 0xFFFF, 0xFFDF, 0xFFDF,   // 0x1960 (6496)
0xFFDF, 0xFFDF, 0xFFDE, 0xFFDF, 0xF7BE, 0xF7BE, 0xF7BE, 0xF7BE, 0xF79E, 0xF79E, 0xF79D, 0xEF7D, 0xEF5D, 0xEF5D, 0xEF5D, 0xE73D,   // 0x1970 (6512)
0xE73D, 0xE73C, 0xCE5A, 0x94B5, 0xE71C, 0xE71C, 0xDF1B, 0xDEFB, 0xDEDB, 0xDEDB, 0xD6BA, 0xD6BA, 0xD6BA, 0xC638, 0x14BA, 0x0396,   // 0x1980 (6528)
0x03B6, 0x049B, 0x049B, 0x2D7A, 0x6EB8, 0x6EB8, 0x6EB8, 0x6EB8, 0x6EB8, 0x6EB8, 0x6EB8, 0x6EB8, 0x6EB8, 0x6EB8, 0x6EB8, 0x6EB8,   // 0x1990 (6544)
0x6EB8, 0x6EB8, 0x6EB8, 0x6EB8, 0x6EB8, 0x6EB8, 0x5E58, 0x3DB9, 0x3DB9, 0x6678, 0x6EB8, 0x6EB8, 0x6EB8, 0x6EB8, 0x6EB8, 0x6EB8,   // 0x19A0 (6560)
0x6EB8, 0x6EB8, 0x6EB8, 0x6EB8, 0x6EB8, 0x6EB8, 0x6EB8, 0x6EB8, 0x6EB8, 0x6EB8, 0x6EB8, 0x5638, 0x049B, 0x049B, 0x049B, 0x049B,   // 0x19B0 (6576)
0x049B, 0x049B, 0x049B, 0x049B, 0x049B, 0x049B, 0x049B, 0x04BB, 0x14FB, 0x3D5C, 0x969D, 0xFFFF, 0xFFFF, 0xFFFF, 0x7376, 0x0810,   // 0x19C0 (6592)
0x0810, 0x7BD7, 0xFFFF, 0xFFFF, 0xFFFF, 0x969D, 0x2D1B, 0x0CBB, 0x049B, 0x049B, 0x049B, 0x049B, 0x049B, 0x049B, 0x049B, 0x049B,   // 0x19D0 (6608)
0x049B, 0x049B, 0x457B, 0xFFDF, 0xEF5D, 0xFFFF, 0xFFFF, 0xFFFF, 0xFFFF, 0xFFFF, 0xD6BC, 0xCE3B, 0xF79E, 0xC61A, 0xDF1D, 0xFFDF,   // 0x19E0 (6624)
0xF7BE, 0xC63A, 0xCE5B, 0xF7BE, 0xFFBE, 0xEF5E, 0xC61A, 0xF79E, 0xCE7B, 0xBDD9, 0xE71C, 0xEF7D, 0xD69B, 0xB598, 0xCE7A, 0xEF3D,   // 0x19F0 (6640)
0xD6BB, 0xB598, 0x94D6, 0x6352, 0xE71C, 0xB5B8, 0xA557, 0xD69A, 0xDEFB, 0xDEDB, 0xDEDB, 0xD6BA, 0xD69A, 0xC638, 0x0CBB, 0x0396,   // 0x1A00 (6656)
0x03B6, 0x049B, 0x049B, 0x14FA, 0x6EB8, 0x6EB8, 0x6EB8, 0x6EB8, 0x6EB8, 0x6EB8, 0x6EB8, 0x6EB8, 0x6EB8, 0x6EB8, 0x6EB8, 0x6EB8,   // 0x1A10 (6672)
0x6EB8, 0x6EB8, 0x6EB8, 0x6EB8, 0x6EB8, 0x4DF9, 0x04BB, 0x049B, 0x049B, 0x0CBB, 0x5638, 0x6EB8, 0x6EB8, 0x6EB8, 0x6EB8, 0x6EB8,   // 0x1A20 (6688)
0x6EB8, 0x6EB8, 0x6EB8, 0x6EB8, 0x6EB8, 0x6EB8, 0x6EB8, 0x6EB8, 0x6EB8, 0x6EB8, 0x6EB8, 0x3DB9, 0x049B, 0x049B, 0x049B, 0x049B,   // 0x1A30 (6704)
0x049B, 0x049B, 0x049B, 0x049B, 0x049B, 0x049B, 0xA6BE, 0xFFFF, 0xFFFF, 0xFFFF, 0xFFFF, 0xFFFF, 0xFFFF, 0xFFFF, 0x7376, 0x0810,   // 0x1A40 (6720)
0x0810, 0x7BD7, 0xFFFF, 0xFFFF, 0xFFFF, 0xFFFF, 0xFFFF, 0xFFFF, 0xF7DF, 0x969D, 0x049B, 0x049B, 0x049B, 0x049B, 0x049B, 0x049B,   // 0x1A50 (6736)
0x049B, 0x049B, 0x2D1B, 0xFFFF, 0xE73C, 0xFFFF, 0xFFFF, 0xFFFF, 0xFFFF, 0xB5B9, 0x4A50, 0x52D1, 0x4230, 0x6332, 0x4250, 0xDEDC,   // 0x1A60 (6752)
0x6B73, 0x6B73, 0x5B32, 0x8435, 0xE71D, 0x4A70, 0x5B11, 0x9CF7, 0x4A70, 0x6B93, 0x4A90, 0xC65A, 0x4A6F, 0x8434, 0x424F, 0xBDDA,   // 0x1A70 (6768)
0x4A6F, 0x6B52, 0x4A6F, 0x6B52, 0x8454, 0x5290, 0x6B72, 0x4A6F, 0xD6BA, 0xDEDB, 0xDEDB, 0xD6BA, 0xCE79, 0xBE39, 0x049B, 0x0396,   // 0x1A80 (6784)
0x03B6, 0x049B, 0x049B, 0x049B, 0x5639, 0x6EB8, 0x6EB8, 0x6EB8, 0x6EB8, 0x6EB8, 0x6EB8, 0x6EB8, 0x6EB8, 0x6EB8, 0x6EB8, 0x6EB8,   // 0x1A90 (6800)
0x6EB8, 0x6EB8, 0x6EB8, 0x6EB8, 0x4DF9, 0x04BB, 0x04BB, 0x45F9, 0x45D9, 0x04BB, 0x04BB, 0x5638, 0x6EB8, 0x6EB8, 0x6EB8, 0x6EB8,   // 0x1AA0 (6816)
0x6EB8, 0x6EB8, 0x6EB8, 0x6EB8, 0x6EB8, 0x6EB8, 0x6EB8, 0x6EB8, 0x6EB8, 0x6EB8, 0x6EB8, 0x14FA, 0x049B, 0x049B, 0x049B, 0x049B,   // 0x1AB0 (6832)
0x049B, 0x049B, 0x049B, 0x049B, 0x049B, 0x3D7C, 0xFFFF, 0xFFDF, 0xF7BF, 0xF7BF, 0xF7BF, 0xF7BF, 0xF7BF, 0xF7BF, 0x7356, 0x0810,   // 0x1AC0 (6848)
0x0810, 0x7BB7, 0xF7BF, 0xF7BF, 0xF7BF, 0xF7BF, 0xF7BF, 0xF7BF, 0xFFDF, 0xFFFF, 0x353C, 0x049B, 0x049B, 0x049B, 0x049B, 0x049B,   // 0x1AD0 (6864)
0x049B, 0x049B, 0x0CBB, 0xFFFF, 0xE73C, 0xFFFF, 0xFFFF, 0xFFFF, 0xFFFF, 0x7C14, 0xAD78, 0xDEFD, 0x4A90, 0xF7DF, 0x7C15, 0x94B6,   // 0x1AE0 (6880)
0x39EF, 0x8C76, 0x8435, 0x424F, 0x9CF7, 0x6B93, 0xF7BE, 0x52D1, 0xA558, 0xEF7E, 0xBDF9, 0xDEDC, 0x94B6, 0x8434, 0x422F, 0x7BF4,   // 0x1AF0 (6896)
0x52D0, 0xE73D, 0x94D6, 0x6332, 0x4A4F, 0xB5B8, 0xDEFC, 0x4A6F, 0xAD77, 0xDEDB, 0xDEDB, 0xDEDB, 0xC659, 0x9E1A, 0x049B, 0x0396,   // 0x1B00 (6912)
0x03B6, 0x049B, 0x049B, 0x049B, 0x14FA, 0x6698, 0x6EB8, 0x6EB8, 0x6EB8, 0x6EB8, 0x6EB8, 0x6EB8, 0x6EB8, 0x6EB8, 0x6EB8, 0x6EB8,   // 0x1B10 (6928)
0x6EB8, 0x6EB8, 0x6EB8, 0x4DF9, 0x04BB, 0x04BB, 0x5638, 0x6EB8, 0x6EB8, 0x4E19, 0x04BB, 0x04BB, 0x5638, 0x6EB8, 0x6EB8, 0x6EB8,   // 0x1B20 (6944)
0x6EB8, 0x6EB8, 0x6EB8, 0x6EB8, 0x6EB8, 0x6EB8, 0x6EB8, 0x6EB8, 0x6EB8, 0x6EB8, 0x3599, 0x049B, 0x049B, 0x049B, 0x049B, 0x049B,   // 0x1B30 (6960)
0x049B, 0x049B, 0x049B, 0x049B, 0x049B, 0x763D, 0xFFFF, 0x9CD9, 0x0810, 0x0810, 0x0810, 0x0810, 0x0810, 0x0810, 0x0810, 0x0810,   // 0x1B40 (6976)
0x0810, 0x0810, 0x0810, 0x0810, 0x0810, 0x0810, 0x0810, 0x0810, 0xAD3A, 0xFFFF, 0x65DC, 0x049B, 0x049B, 0x049B, 0x049B, 0x049B,   // 0x1B50 (6992)
0x049B, 0x049B, 0x049B, 0xE79E, 0xE73C, 0xFFFF, 0xFFFF, 0xFFFF, 0xFFFF, 0x7BF5, 0xAD99, 0xE71D, 0x5291, 0xFFDF, 0x8435, 0x94B6,   // 0x1B60 (7008)
0x3A0F, 0xC63B, 0xCE7B, 0xBDFA, 0x9CF7, 0x7C14, 0xF7BE, 0x5AF1, 0x9CF7, 0xE73D, 0x8C75, 0x9CF7, 0x5B11, 0xCE9B, 0x52B0, 0x8434,   // 0x1B70 (7024)
0x52B0, 0xE73D, 0x8C95, 0x6B72, 0x4A8F, 0xAD57, 0xDEDB, 0x422F, 0xB5B8, 0xDEDB, 0xDEDB, 0xDEDB, 0xC659, 0x659B, 0x049B, 0x0396,   // 0x1B80 (7040)
0x03B6, 0x049B, 0x049B, 0x049B, 0x049B, 0x1D1A, 0x6E98, 0x6EB8, 0x6EB8, 0x6EB8, 0x6EB8, 0x6EB8, 0x6EB8, 0x6EB8, 0x6EB8, 0x6EB8,   // 0x1B90 (7056)
0x6EB8, 0x6EB8, 0x4DF9, 0x04BB, 0x04BB, 0x5638, 0x6EB8, 0x6EB8, 0x6EB8, 0x6EB8, 0x4E19, 0x04BB, 0x04BB, 0x5638, 0x6EB8, 0x6EB8,   // 0x1BA0 (7072)
0x6EB8, 0x6EB8, 0x6EB8, 0x6EB8, 0x6EB8, 0x6EB8, 0x6EB8, 0x6EB8, 0x6EB8, 0x3DB9, 0x049B, 0x049B, 0x049B, 0x049B, 0x049B, 0x049B,   // 0x1BB0 (7088)
0x049B, 0x049B, 0x049B, 0x049B, 0x04BB, 0xCF5F, 0xFFFF, 0x9CD9, 0x0810, 0x0810, 0x0810, 0x0810, 0x0810, 0x0810, 0x0810, 0x0810,   // 0x1BC0 (7104)
0x0810, 0x0810, 0x0810, 0x0810, 0x0810, 0x0810, 0x0810, 0x0810, 0xAD3A, 0xFFFF, 0xC73E, 0x049B, 0x049B, 0x049B, 0x049B, 0x049B,   // 0x1BD0 (7120)
0x049B, 0x049B, 0x049B, 0x863C, 0xEF7D, 0xF7BE, 0xFFFF, 0xFFFF, 0xFFFF, 0x8415, 0xB599, 0xE73D, 0x5AD1, 0xFFDF, 0x8C55, 0xAD78,   // 0x1BE0 (7136)
0x8C76, 0x4A90, 0x4A90, 0x9CD7, 0xA517, 0x8435, 0xF7BE, 0xB5B9, 0x4A70, 0x52B0, 0x7BD4, 0xC61A, 0x4A6F, 0x6331, 0x5B11, 0xD6BC,   // 0x1BF0 (7152)
0x6331, 0x52B0, 0x4A6F, 0xB5B9, 0xA537, 0x424F, 0x4A4F, 0x6B72, 0xDEDB, 0xDEFB, 0xDEDB, 0xDEDB, 0xCE59, 0x2CFB, 0x049B, 0x0396,   // 0x1C00 (7168)
0x03B6, 0x049B, 0x049B, 0x049B, 0x049B, 0x049B, 0x1D1A, 0x6E98, 0x6EB8, 0x6EB8, 0x6EB8, 0x6EB8, 0x6EB8, 0x6EB8, 0x6EB8, 0x6EB8,   // 0x1C10 (7184)
0x6EB8, 0x4DF9, 0x04BB, 0x04BB, 0x5638, 0x6EB8, 0x6EB8, 0x6EB8, 0x6EB8, 0x6EB8, 0x6EB8, 0x4E19, 0x04BB, 0x04BB, 0x5638, 0x6EB8,   // 0x1C20 (7200)
0x6EB8, 0x6EB8, 0x6EB8, 0x6EB8, 0x6EB8, 0x6EB8, 0x6EB8, 0x6EB8, 0x3DB9, 0x049B, 0x049B, 0x049B, 0x049B, 0x049B, 0x049B, 0x049B,   // 0x1C30 (7216)
0x049B, 0x049B, 0x049B, 0x04BB, 0xA6BE, 0xFFFF, 0xFFFF, 0xD67C, 0x8C38, 0x8C38, 0x8C38, 0x8C38, 0x8C38, 0x8C38, 0x8C38, 0x8C38,   // 0x1C40 (7232)
0x8C38, 0x8C38, 0x8C38, 0x8C38, 0x8C38, 0x8C38, 0x8C38, 0x8C38, 0xD6BD, 0xFFFF, 0xFFFF, 0x8E7D, 0x049B, 0x049B, 0x049B, 0x049B,   // 0x1C50 (7248)
0x049B, 0x049B, 0x049B, 0x251B, 0xFFFF, 0xE73C, 0xFFFF, 0xFFFF, 0xFFFF, 0xF7BE, 0xFFDF, 0xFFFF, 0xF7BE, 0xFFFF, 0xF7BF, 0xF7DF,   // 0x1C60 (7264)
0xFFDF, 0xEF7E, 0xEF7E, 0xFFDE, 0xF7BE, 0xF79E, 0xF7BE, 0xF79E, 0xEF5D, 0xE71D, 0xEF7D, 0xEF7D, 0xE73D, 0xDEFC, 0xEF5D, 0xEF5D,   // 0x1C70 (7280)
0xEF3D, 0xDEDC, 0xE71C, 0xE73C, 0xE73C, 0xDEDC, 0xD6BB, 0xDEFC, 0xDEFB, 0xDEFB, 0xDEDB, 0xCE79, 0xB65A, 0x049B, 0x049B, 0x0396,   // 0x1C80 (7296)
0x03B6, 0x049B, 0x049B, 0x049B, 0x049B, 0x049B, 0x049B, 0x1D1A, 0x6E98, 0x6EB8, 0x6EB8, 0x6EB8, 0x6EB8, 0x6EB8, 0x6EB8, 0x6EB8,   // 0x1C90 (7312)
0x4DF9, 0x04BB, 0x04BB, 0x5638, 0x6EB8, 0x6EB8, 0x6EB8, 0x6EB8, 0x6EB8, 0x6EB8, 0x6EB8, 0x6EB8, 0x4E19, 0x04BB, 0x04BB, 0x5638,   // 0x1CA0 (7328)
0x6EB8, 0x6EB8, 0x6EB8, 0x6EB8, 0x6EB8, 0x6EB8, 0x6EB8, 0x3DB9, 0x049B, 0x049B, 0x049B, 0x049B, 0x049B, 0x049B, 0x049B, 0x049B,   // 0x1CB0 (7344)
0x049B, 0x049B, 0x049B, 0x65FD, 0xFFFF, 0xFFFF, 0xFFFF, 0xFFFF, 0xFFFF, 0xFFFF, 0xFFFF, 0xFFFF, 0xFFFF, 0xFFFF, 0xFFFF, 0xFFFF,   // 0x1CC0 (7360)
0xFFFF, 0xFFFF, 0xFFFF, 0xFFFF, 0xFFFF, 0xFFFF, 0xFFFF, 0xFFFF, 0xFFFF, 0xFFFF, 0xFFFF, 0xFFFF, 0x55BC, 0x049B, 0x049B, 0x049B,   // 0x1CD0 (7376)
0x049B, 0x049B, 0x049B, 0x049B, 0xDF9E, 0xE73C, 0xFFFF, 0xFFFF, 0xFFFF, 0xFFFF, 0xFFFF, 0xFFFF, 0xFFFF, 0xFFFF, 0xFFFF, 0xFFDF,   // 0x1CE0 (7392)
0xF7DF, 0xA6BD, 0x863D, 0xC71E, 0xF7DF, 0xBEFD, 0x8E3C, 0xA69D, 0xEF9E, 0xC6FD, 0x861C, 0x963C, 0xE75D, 0xE77E, 0x9E5C, 0x7DDB,   // 0x1CF0 (7408)
0xAE9C, 0xEF5D, 0xEF5C, 0xE73C, 0xE73C, 0xE71C, 0xE71C, 0xE71C, 0xDEFB, 0xDEFB, 0xDEDB, 0xCE59, 0x65BB, 0x049B, 0x049B, 0x0396,   // 0x1D00 (7424)
0x03B6, 0x049B, 0x049B, 0x049B, 0x049B, 0x049B, 0x049B, 0x049B, 0x1D1A, 0x6E98, 0x6EB8, 0x6EB8, 0x6EB8, 0x6EB8, 0x6EB8, 0x45F9,   // 0x1D10 (7440)
0x04BB, 0x04BB, 0x5638, 0x6EB8, 0x6EB8, 0x6EB8, 0x6EB8, 0x6EB8, 0x6EB8, 0x6EB8, 0x6EB8, 0x6EB8, 0x6EB8, 0x4E19, 0x04BB, 0x04BB,   // 0x1D20 (7456)
0x4E19, 0x6EB8, 0x6EB8, 0x6EB8, 0x6EB8, 0x6EB8, 0x3DB9, 0x049B, 0x049B, 0x049B, 0x049B, 0x049B, 0x049B, 0x049B, 0x049B, 0x049B,   // 0x1D30 (7472)
0x049B, 0x049B, 0x049B, 0x969D, 0xFFFF, 0x8C38, 0x41D3, 0x41D3, 0x41D3, 0x41D3, 0x41D3, 0x41D3, 0x41D3, 0x41D3, 0x41D3, 0x41D3,   // 0x1D40 (7488)
0x41D3, 0x41D3, 0x41D3, 0x41D3, 0x41D3, 0x41D3, 0x41D3, 0x41D3, 0x41D3, 0x41D3, 0x9499, 0xFFFF, 0x865D, 0x049B, 0x049B, 0x049B,   // 0x1D50 (7504)
0x049B, 0x049B, 0x049B, 0x049B, 0x4D9B, 0xFFDF, 0xEF5D, 0xFFFF, 0xFFFF, 0xFFFF, 0xFFFF, 0xFFFF, 0xFFFF, 0xFFFF, 0xFFFF, 0xFFFF,   // 0x1D60 (7520)
0x8E5D, 0x4D7C, 0x969D, 0x351B, 0xBF1E, 0x4D5A, 0xA69D, 0x4D5B, 0x9E7D, 0x451A, 0x8E3C, 0x5D9B, 0x75DC, 0x8E3C, 0x555A, 0x9E7C,   // 0x1D70 (7536)
0x3CFA, 0xB6BC, 0xEF5D, 0xE73C, 0xE73C, 0xE73C, 0xE71C, 0xE71C, 0xDEFB, 0xDEFB, 0xD69A, 0xC67A, 0x0CBB, 0x049B, 0x049B, 0x0396,   // 0x1D80 (7552)
0x03B6, 0x049B, 0x049B, 0x049B, 0x049B, 0x049B, 0x049B, 0x049B, 0x049B, 0x1D1A, 0x45D9, 0x3DD9, 0x3DD9, 0x3DB9, 0x1D1A, 0x049B,   // 0x1D90 (7568)
0x0CBB, 0x5639, 0x6EB8, 0x6EB8, 0x6EB8, 0x6EB8, 0x6EB8, 0x6EB8, 0x6EB8, 0x6EB8, 0x6EB8, 0x6EB8, 0x6EB8, 0x6EB8, 0x4E19, 0x04BB,   // 0x1DA0 (7584)
0x049B, 0x1D1A, 0x35B9, 0x3DB9, 0x3DB9, 0x3579, 0x049B, 0x049B, 0x049B, 0x049B, 0x049B, 0x049B, 0x049B, 0x049B, 0x049B, 0x049B,   // 0x1DB0 (7600)
0x049B, 0x049B, 0x049B, 0xC73E, 0xFFFF, 0x6B16, 0x0810, 0x0810, 0x0810, 0x0810, 0x0810, 0x0810, 0x0810, 0x0810, 0x0810, 0x0810,   // 0x1DC0 (7616)
0x0810, 0x0810, 0x0810, 0x0810, 0x0810, 0x0810, 0x0810, 0x0810, 0x0810, 0x0810, 0x7376, 0xFFFF, 0xBF1E, 0x049B, 0x049B, 0x049B,   // 0x1DD0 (7632)
0x049B, 0x049B, 0x049B, 0x049B, 0x04BB, 0xDF9E, 0xE73C, 0xFFDF, 0xFFFF, 0xFFFF, 0xFFFF, 0xFFFF, 0xFFFF, 0xFFFF, 0xFFFF, 0xFFFF,   // 0x1DE0 (7648)
0x65DC, 0x9E9D, 0xFFDF, 0x5D9C, 0x9E9D, 0x863C, 0x65BB, 0x3D3B, 0x7E1C, 0x451A, 0xEF9E, 0xB6BD, 0x555B, 0x5D9B, 0x9E5C, 0xEF7D,   // 0x1DF0 (7664)
0x6DBB, 0x85FB, 0xEF5D, 0xE73C, 0xE73C, 0xE73C, 0xE71C, 0xE71C, 0xDEFB, 0xDEFB, 0xCE79, 0x75DB, 0x049B, 0x049B, 0x049B, 0x0396,   // 0x1E00 (7680)
0x03B6, 0x049B, 0x049B, 0x049B, 0x049B, 0x049B, 0x049B, 0x049B, 0x049B, 0x049B, 0x049B, 0x049B, 0x049B, 0x049B, 0x049B, 0x253A,   // 0x1E10 (7696)
0x5E58, 0x6EB8, 0x6EB8, 0x6EB8, 0x6EB8, 0x6EB8, 0x6EB8, 0x6EB8, 0x6EB8, 0x6EB8, 0x6EB8, 0x6EB8, 0x6EB8, 0x6EB8, 0x6EB8, 0x5E58,   // 0x1E20 (7712)
0x1D3A, 0x049B, 0x049B, 0x049B, 0x049B, 0x049B, 0x049B, 0x049B, 0x049B, 0x049B, 0x049B, 0x049B, 0x049B, 0x049B, 0x049B, 0x049B,   // 0x1E30 (7728)
0x049B, 0x049B, 0x65FD, 0xFFFF, 0xFFFF, 0x9458, 0x4A14, 0x4A14, 0x4A14, 0x4A14, 0x4A14, 0x4A14, 0x4A14, 0x4A14, 0x4A14, 0x4A14,   // 0x1E40 (7744)
0x4A14, 0x4A14, 0x4A14, 0x4A14, 0x4A14, 0x4A14, 0x4A14, 0x4A14, 0x4A14, 0x4A14, 0x9CB9, 0xFFFF, 0xFFFF, 0x4D9C, 0x049B, 0x049B,   // 0x1E50 (7760)
0x049B, 0x049B, 0x049B, 0x049B, 0x049B, 0x3D5B, 0xFFFF, 0xE73C, 0xFFFF, 0xFFFF, 0xFFFF, 0xFFFF, 0xFFFF, 0xFFFF, 0xFFFF, 0xFFFF,   // 0x1E60 (7776)
0x65DC, 0x6DFC, 0xD77E, 0x453B, 0x8E3C, 0x4D7B, 0xDF9F, 0x557B, 0x967C, 0x3D1A, 0xC71E, 0x861C, 0x4D5B, 0x75DB, 0x75DB, 0xD73D,   // 0x1E70 (7792)
0x4D3A, 0x9E5C, 0xEF5D, 0xEF5D, 0xE73C, 0xE73C, 0xE73C, 0xE71C, 0xE71C, 0xD69A, 0xC69B, 0x0CBB, 0x049B, 0x049B, 0x049B, 0x0396,   // 0x1E80 (7808)
0x03B6, 0x049B, 0x049B, 0x049B, 0x049B, 0x049B, 0x049B, 0x049B, 0x049B, 0x049B, 0x049B, 0x04BB, 0x45D9, 0x4E19, 0x6678, 0x6EB8,   // 0x1E90 (7824)
0x6EB8, 0x6EB8, 0x6EB8, 0x6EB8, 0x6EB8, 0x6EB8, 0x6EB8, 0x6EB8, 0x6EB8, 0x6EB8, 0x6EB8, 0x6EB8, 0x6EB8, 0x6EB8, 0x6EB8, 0x6EB8,   // 0x1EA0 (7840)
0x6EB8, 0x6678, 0x5639, 0x253A, 0x049B, 0x049B, 0x049B, 0x049B, 0x049B, 0x049B, 0x049B, 0x049B, 0x049B, 0x049B, 0x049B, 0x049B,   // 0x1EB0 (7856)
0x049B, 0x6E1D, 0xFFFF, 0xFFFF, 0xFFFF, 0xFFFF, 0xFFFF, 0xFFFF, 0xFFFF, 0xFFFF, 0xFFFF, 0xFFFF, 0xFFFF, 0xFFFF, 0xFFFF, 0xFFFF,   // 0x1EC0 (7872)
0xFFFF, 0xFFFF, 0xFFFF, 0xFFFF, 0xFFFF, 0xFFFF, 0xFFFF, 0xFFFF, 0xFFFF, 0xFFFF, 0xFFFF, 0xFFFF, 0xFFFF, 0xFFFF, 0x5DDC, 0x049B,   // 0x1ED0 (7888)
0x049B, 0x049B, 0x049B, 0x049B, 0x049B, 0x049B, 0xA6BD, 0xF79E, 0xEF7D, 0xFFFF, 0xFFFF, 0xFFFF, 0xFFFF, 0xFFFF, 0xFFFF, 0xFFFF,   // 0x1EE0 (7904)
0x65DC, 0x5DBC, 0x557B, 0x863C, 0xDF7E, 0x659B, 0x557B, 0x75DC, 0xE77E, 0xA69D, 0x557B, 0x5DBB, 0x555B, 0xDF3E, 0x659B, 0x4D3A,   // 0x1EF0 (7920)
0x7DDB, 0xE75D, 0xEF5D, 0xEF5D, 0xE73C, 0xE73C, 0xE73C, 0xE71C, 0xDEDB, 0xD6BA, 0x3D3B, 0x049B, 0x049B, 0x049B, 0x049B, 0x0396,   // 0x1F00 (7936)
0x03B6, 0x049B, 0x049B, 0x049B, 0x049B, 0x049B, 0x049B, 0x049B, 0x049B, 0x049B, 0x049B, 0x049B, 0x14FA, 0x6698, 0x6EB8, 0x6EB8,   // 0x1F10 (7952)
0x6EB8, 0x6EB8, 0x6EB8, 0x6EB8, 0x6EB8, 0x6EB8, 0x6EB8, 0x6EB8, 0x6EB8, 0x6EB8, 0x6EB8, 0x6EB8, 0x6EB8, 0x6EB8, 0x6EB8, 0x6EB8,   // 0x1F20 (7968)
0x6EB8, 0x6EB8, 0x45D9, 0x049B, 0x049B, 0x049B, 0x049B, 0x049B, 0x049B, 0x049B, 0x049B, 0x049B, 0x049B, 0x049B, 0x049B, 0x049B,   // 0x1F30 (7984)
0x1CFB, 0xFFFF, 0xFFFF, 0xEF7E, 0xEF7E, 0xEF7E, 0xEF7E, 0xEF7E, 0xEF7E, 0xEF7E, 0xEF7E, 0xEF7E, 0xEF7E, 0xFFFF, 0xFFFF, 0xFFFF,   // 0x1F40 (8000)
0xFFFF, 0xFFFF, 0xFFDF, 0xEF7E, 0xEF7E, 0xEF7E, 0xEF7E, 0xEF7E, 0xEF7E, 0xEF7E, 0xEF7E, 0xEF7E, 0xEF7E, 0xFFFF, 0xF7DF, 0x1CFB,   // 0x1F50 (8016)
0x049B, 0x049B, 0x049B, 0x049B, 0x049B, 0x049B, 0x0CBB, 0xE79F, 0xEF5D, 0xF7BE, 0xFFFF, 0xFFFF, 0xFFFF, 0xFFFF, 0xFFFF, 0xFFDF,   // 0x1F60 (8032)
0x6DDC, 0xAE9D, 0xF7DF, 0xF7DE, 0xFFBE, 0xF7BF, 0xF7BF, 0xF7BE, 0xEF9E, 0x6DBB, 0x863C, 0x5D9C, 0x7DFC, 0xEF7E, 0xEF9D, 0xEF7D,   // 0x1F70 (8048)
0xEF7D, 0xEF5D, 0xEF5D, 0xEF5D, 0xE73C, 0xE73C, 0xE73C, 0xE71C, 0xD69A, 0x7DFB, 0x049B, 0x049B, 0x049B, 0x049B, 0x049B, 0x0396,   // 0x1F80 (8064)
0x03B6, 0x049B, 0x049B, 0x049B, 0x049B, 0x049B, 0x049B, 0x049B, 0x049B, 0x049B, 0x049B, 0x049B, 0x049B, 0x14FA, 0x6698, 0x6EB8,   // 0x1F90 (8080)
0x6EB8, 0x6EB8, 0x6EB8, 0x6EB8, 0x6EB8, 0x6EB8, 0x6EB8, 0x6EB8, 0x6EB8, 0x6EB8, 0x6EB8, 0x6EB8, 0x6EB8, 0x6EB8, 0x6EB8, 0x6EB8,   // 0x1FA0 (8096)
0x6EB8, 0x45D9, 0x049B, 0x049B, 0x049B, 0x049B, 0x049B, 0x049B, 0x049B, 0x049B, 0x049B, 0x049B, 0x049B, 0x049B, 0x049B, 0x14DB,   // 0x1FB0 (8112)
0xBF1E, 0xFFFF, 0xE71E, 0x0810, 0x0810, 0x0810, 0x0810, 0x0810, 0x0810, 0x0810, 0x0810, 0x0810, 0x20F1, 0xFFDF, 0xFFFF, 0xFFFF,   // 0x1FC0 (8128)
0xFFFF, 0xFFFF, 0xFFDF, 0x20D1, 0x0810, 0x0810, 0x0810, 0x0810, 0x0810, 0x0810, 0x0810, 0x0810, 0x0810, 0xEF7E, 0xFFFF, 0xB6FE,   // 0x1FD0 (8144)
0x04BB, 0x049B, 0x049B, 0x049B, 0x049B, 0x049B, 0x049B, 0x1CDB, 0xF7DF, 0xEF5D, 0xF7BE, 0xFFFF, 0xFFFF, 0xFFDF, 0xFFDF, 0xF7DF,   // 0x1FE0 (8160)
0xD77E, 0xEFBF, 0xFFDE, 0xFFBE, 0xF7BE, 0xF7BE, 0xF7BE, 0xF7BE, 0xF7BE, 0xD73D, 0x8E3C, 0x965C, 0xE77E, 0xF77D, 0xEF7E, 0xEF7D,   // 0x1FF0 (8176)
0xEF7D, 0xEF7D, 0xEF5D, 0xEF5D, 0xE73C, 0xE73C, 0xE71C, 0xD69A, 0x9E5C, 0x04BB, 0x049B, 0x049B, 0x049B, 0x049B, 0x049B, 0x0396,   // 0x2000 (8192)
0x03B6, 0x049B, 0x049B, 0x049B, 0x049B, 0x049B, 0x049B, 0x049B, 0x049B, 0x049B, 0x049B, 0x049B, 0x049B, 0x049B, 0x14FA, 0x6698,   // 0x2010 (8208)
0x6EB8, 0x6EB8, 0x6EB8, 0x6EB8, 0x6EB8, 0x6EB8, 0x6EB8, 0x6EB8, 0x6EB8, 0x6EB8, 0x6EB8, 0x6EB8, 0x6EB8, 0x6EB8, 0x6EB8, 0x6EB8,   // 0x2020 (8224)
0x45D9, 0x049B, 0x049B, 0x049B, 0x049B, 0x049B, 0x049B, 0x049B, 0x049B, 0x049B, 0x049B, 0x049B, 0x049B, 0x0CDB, 0x7E3D, 0xEFBF,   // 0x2030 (8240)
0xFFFF, 0xFFFF, 0xE71E, 0x0810, 0x0810, 0x0810, 0x0810, 0x0810, 0x0810, 0x0810, 0x0810, 0x0810, 0x9458, 0xFFFF, 0xFFFF, 0xFFFF,   // 0x2040 (8256)
0xFFFF, 0xFFFF, 0xFFFF, 0x8C38, 0x0810, 0x0810, 0x0810, 0x0810, 0x0810, 0x0810, 0x0810, 0x0810, 0x0810, 0xEF7E, 0xFFFF, 0xFFFF,   // 0x2050 (8272)
0xDF7F, 0x763D, 0x0CBB, 0x049B, 0x049B, 0x049B, 0x049B, 0x049B, 0x251B, 0xF7DF, 0xEF5D, 0xF79E, 0xFFDF, 0xFFDF, 0xFFDF, 0xFFDF,   // 0x2060 (8288)
0xFFDF, 0xFFDF, 0xFFDF, 0xFFDF, 0xF7BE, 0xF7BE, 0xF7BE, 0xF7BE, 0xF7BE, 0xF7BE, 0xF79E, 0xF79E, 0xF79E, 0xF77E, 0xEF7D, 0xEF7D,   // 0x2070 (8304)
0xEF7D, 0xEF7D, 0xEF5D, 0xEF5D, 0xEF5D, 0xE71C, 0xD6BA, 0xAE9C, 0x0CBB, 0x049B, 0x049B, 0x049B, 0x049B, 0x049B, 0x049B, 0x0396,   // 0x2080 (8320)
0x03B6, 0x049B, 0x049B, 0x049B, 0x049B, 0x049B, 0x049B, 0x049B, 0x049B, 0x049B, 0x049B, 0x049B, 0x049B, 0x049B, 0x049B, 0x14FA,   // 0x2090 (8336)
0x6698, 0x6EB8, 0x6EB8, 0x6EB8, 0x6EB8, 0x6EB8, 0x6EB8, 0x6EB8, 0x6EB8, 0x6EB8, 0x6EB8, 0x6EB8, 0x6EB8, 0x6EB8, 0x6EB8, 0x45D9,   // 0x20A0 (8352)
0x049B, 0x049B, 0x049B, 0x049B, 0x049B, 0x049B, 0x049B, 0x049B, 0x049B, 0x049B, 0x049B, 0x049B, 0x049B, 0xBF1E, 0xFFFF, 0xFFFF,   // 0x20B0 (8368)
0xFFFF, 0xFFFF, 0xE71E, 0x0810, 0x0810, 0x0810, 0x0810, 0x0810, 0x0810, 0x0810, 0x0810, 0x1070, 0xF79F, 0xFFFF, 0xFFFF, 0xFFFF,   // 0x20C0 (8384)
0xFFFF, 0xFFFF, 0xFFFF, 0xEF7E, 0x1050, 0x0810, 0x0810, 0x0810, 0x0810, 0x0810, 0x0810, 0x0810, 0x0810, 0xEF7E, 0xFFFF, 0xFFFF,   // 0x20D0 (8400)
0xFFFF, 0xFFFF, 0xAEDE, 0x049B, 0x049B, 0x049B, 0x049B, 0x049B, 0x049B, 0x24FA, 0xE7BE, 0xEF7D, 0xEF7D, 0xFFDF, 0xFFDF, 0xFFDF,   // 0x20E0 (8416)
0xFFDF, 0xFFDF, 0xFFDF, 0xFFDF, 0xFFDF, 0xF7BE, 0xF7BE, 0xF7BE, 0xF7BE, 0xF7BE, 0xF79E, 0xF79E, 0xF79E, 0xF79E, 0xEF7D, 0xEF7D,   // 0x20F0 (8432)
0xEF7D, 0xEF7D, 0xEF5D, 0xEF5D, 0xE71C, 0xDEDB, 0x9E7C, 0x04BB, 0x049B, 0x049B, 0x049B, 0x049B, 0x049B, 0x049B, 0x049B, 0x0396,   // 0x2100 (8448)
0x03B6, 0x049B, 0x049B, 0x049B, 0x049B, 0x049B, 0x049B, 0x049B, 0x049B, 0x049B, 0x049B, 0x049B, 0x049B, 0x049B, 0x049B, 0x049B,   // 0x2110 (8464)
0x14FA, 0x6698, 0x6EB8, 0x6EB8, 0x6EB8, 0x6EB8, 0x6EB8, 0x6EB8, 0x6EB8, 0x6EB8, 0x6EB8, 0x6EB8, 0x6EB8, 0x6EB8, 0x45D9, 0x049B,   // 0x2120 (8480)
0x049B, 0x049B, 0x049B, 0x049B, 0x049B, 0x049B, 0x049B, 0x049B, 0x049B, 0x049B, 0x049B, 0x049B, 0x049B, 0xF7DF, 0xFFFF, 0x6316,   // 0x2130 (8496)
0x62F6, 0x62F6, 0x5AB5, 0x0810, 0x0810, 0x0810, 0x0810, 0x0810, 0x0810, 0x0810, 0x0810, 0x7B97, 0xFFFF, 0xFFFF, 0xFFFF, 0xFFFC,   // 0x2140 (8512)
0xFFFF, 0xFFFF, 0xFFFF, 0xFFFF, 0x7376, 0x0810, 0x0810, 0x0810, 0x0810, 0x0810, 0x0810, 0x0810, 0x0810, 0x5AD5, 0x62F6, 0x62F6,   // 0x2150 (8528)
0x6B56, 0xFFFF, 0xE79F, 0x049B, 0x049B, 0x049B, 0x049B, 0x049B, 0x049B, 0x049B, 0x0CBA, 0xC71D, 0xF7BE, 0xEF5D, 0xF7BE, 0xFFDF,   // 0x2160 (8544)
0xFFDF, 0xFFDF, 0xFFDF, 0xFFDF, 0xFFDF, 0xF7BE, 0xF7BE, 0xF7BE, 0xF7BE, 0xF7BE, 0xF79E, 0xF79E, 0xF79E, 0xF79E, 0xEF7D, 0xEF7D,   // 0x2170 (8560)
0xEF7D, 0xEF7D, 0xEF5D, 0xDEFB, 0xDF1C, 0x75DC, 0x049B, 0x049B, 0x049B, 0x049B, 0x049B, 0x049B, 0x049B, 0x049B, 0x049B, 0x0396,   // 0x2180 (8576)
0x03B6, 0x049B, 0x049B, 0x049B, 0x049B, 0x049B, 0x049B, 0x049B, 0x049B, 0x049B, 0x049B, 0x049B, 0x049B, 0x049B, 0x049B, 0x049B,   // 0x2190 (8592)
0x049B, 0x14FA, 0x6698, 0x6EB8, 0x6EB8, 0x6EB8, 0x6EB8, 0x6EB8, 0x6EB8, 0x6EB8, 0x6EB8, 0x6EB8, 0x6EB8, 0x45D9, 0x049B, 0x049B,   // 0x21A0 (8608)
0x049B, 0x049B, 0x049B, 0x049B, 0x049B, 0x049B, 0x049B, 0x049B, 0x049B, 0x049B, 0x049B, 0x049B, 0x049B, 0xFFFF, 0xFFFF, 0x0810,   // 0x21B0 (8624)
0x0810, 0x0810, 0x0810, 0x0810, 0x0810, 0x0810, 0x0810, 0x0810, 0x0810, 0x0810, 0x0830, 0xE71E, 0xFFFF, 0xFFFF, 0xFFFF, 0xFFF0,   // 0x21C0 (8640)
0xFFF6, 0xFFFF, 0xFFFF, 0xFFFF, 0xDEDD, 0x0810, 0x0810, 0x0810, 0x0810, 0x0810, 0x0810, 0x0810, 0x0810, 0x0810, 0x0810, 0x0810,   // 0x21D0 (8656)
0x1871, 0xFFFF, 0xE79F, 0x049B, 0x049B, 0x049B, 0x049B, 0x049B, 0x049B, 0x049B, 0x049B, 0x049B, 0x65BB, 0xFFDF, 0xEF7D, 0xEF5D,   // 0x21E0 (8672)
0xFFBE, 0xFFDF, 0xFFDF, 0xFFDF, 0xFFDF, 0xFFDF, 0xF7BE, 0xF7BE, 0xF7BE, 0xF7BE, 0xF7BE, 0xF79E, 0xF79E, 0xF79E, 0xF79E, 0xEF7D,   // 0x21F0 (8688)
0xEF7D, 0xE71C, 0xE71C, 0xC6FD, 0x351B, 0x049B, 0x049B, 0x049B, 0x049B, 0x049B, 0x049B, 0x049B, 0x049B, 0x049B, 0x049B, 0x0396,   // 0x2200 (8704)
0x03B6, 0x049B, 0x049B, 0x049B, 0x049B, 0x049B, 0x049B, 0x049B, 0x049B, 0x049B, 0x049B, 0x049B, 0x049B, 0x049B, 0x049B, 0x049B,   // 0x2210 (8720)
0x049B, 0x049B, 0x14FA, 0x6698, 0x6EB8, 0x6EB8, 0x6EB8, 0x6EB8, 0x6EB8, 0x6EB8, 0x6EB8, 0x6EB8, 0x3DD9, 0x049B, 0x049B, 0x049B,   // 0x2220 (8736)
0x049B, 0x049B, 0x049B, 0x049B, 0x049B, 0x049B, 0x049B, 0x049B, 0x049B, 0x049B, 0x049B, 0x049B, 0x049B, 0xFFFF, 0xFFFF, 0x0810,   // 0x2230 (8752)
0x0810, 0x0810, 0x0810, 0x0810, 0x0810, 0x0810, 0x0810, 0x0810, 0x0810, 0x0810, 0x62D5, 0xFFFF, 0xFFFF, 0xFFFF, 0xFFFF, 0xFFE5,   // 0x2240 (8768)
0xFFEA, 0xFFFF, 0xFFFF, 0xFFFF, 0xFFFF, 0x5A95, 0x0810, 0x0810, 0x0810, 0x0810, 0x0810, 0x0810, 0x0810, 0x0810, 0x0810, 0x0810,   // 0x2250 (8784)
0x1871, 0xFFFF, 0xDF9F, 0x049B, 0x049B, 0x049B, 0x049B, 0x049B, 0x049B, 0x049B, 0x049B, 0x049B, 0x049B, 0x14BA, 0x965C, 0xFFDF,   // 0x2260 (8800)
0xF77D, 0xEF7D, 0xEF7D, 0xFFDF, 0xFFDF, 0xFFDF, 0xF7BE, 0xF7BE, 0xF7BE, 0xF7BE, 0xF7BE, 0xF79E, 0xF79E, 0xF79E, 0xEF5D, 0xE73C,   // 0x2270 (8816)
0xE73C, 0xD73D, 0x5DBB, 0x04BB, 0x049B, 0x049B, 0x049B, 0x049B, 0x049B, 0x049B, 0x049B, 0x049B, 0x049B, 0x049B, 0x049B, 0x0396,   // 0x2280 (8832)
0x03B6, 0x049B, 0x049B, 0x049B, 0x049B, 0x049B, 0x049B, 0x049B, 0x049B, 0x049B, 0x049B, 0x049B, 0x049B, 0x049B, 0x049B, 0x049B,   // 0x2290 (8848)
0x049B, 0x049B, 0x049B, 0x14FA, 0x5E58, 0x6EB8, 0x6EB8, 0x6EB8, 0x6EB8, 0x6EB8, 0x6EB8, 0x3599, 0x049B, 0x049B, 0x049B, 0x049B,   // 0x22A0 (8864)
0x049B, 0x049B, 0x049B, 0x049B, 0x049B, 0x049B, 0x049B, 0x049B, 0x049B, 0x049B, 0x049B, 0x049B, 0x049B, 0xF7DF, 0xFFFF, 0x0810,   // 0x22B0 (8880)
0x0810, 0x0810, 0x0810, 0x0810, 0x0810, 0x0810, 0x0810, 0x0810, 0x0810, 0x0810, 0xCE7C, 0xFFFF, 0xFFFF, 0xFFFF, 0xFFF9, 0xFFE0,   // 0x22C0 (8896)
0xFFE0, 0xFFFD, 0xFFFF, 0xFFFF, 0xFFFF, 0xCE3C, 0x0810, 0x0810, 0x0810, 0x0810, 0x0810, 0x0810, 0x0810, 0x0810, 0x0810, 0x0810,   // 0x22D0 (8912)
0x1871, 0xFFFF, 0xDF9F, 0x049B, 0x049B, 0x049B, 0x049B, 0x049B, 0x049B, 0x049B, 0x049B, 0x049B, 0x049B, 0x049B, 0x049B, 0x14BA,   // 0x22E0 (8928)
0x6DDB, 0xE79E, 0xFFDF, 0xEF7E, 0xEF7D, 0xEF7D, 0xEF7D, 0xEF7D, 0xEF7D, 0xEF7D, 0xEF5D, 0xEF5D, 0xEF5D, 0xE73C, 0xEF7D, 0xB6DD,   // 0x22F0 (8944)
0x4D7B, 0x04BB, 0x049B, 0x049B, 0x049B, 0x049B, 0x049B, 0x049B, 0x049B, 0x049B, 0x049B, 0x049B, 0x049B, 0x049B, 0x049B, 0x0396,   // 0x2300 (8960)
0x03B6, 0x049B, 0x049B, 0x049B, 0x049B, 0x049B, 0x049B, 0x049B, 0x049B, 0x049B, 0x049B, 0x049B, 0x049B, 0x049B, 0x049B, 0x049B,   // 0x2310 (8976)
0x049B, 0x049B, 0x049B, 0x049B, 0x04BB, 0x2D5A, 0x4DF9, 0x5638, 0x5639, 0x3DB9, 0x14FA, 0x049B, 0x049B, 0x049B, 0x049B, 0x049B,   // 0x2320 (8992)
0x049B, 0x049B, 0x049B, 0x049B, 0x049B, 0x049B, 0x049B, 0x049B, 0x049B, 0x049B, 0x049B, 0x049B, 0x049B, 0xF7DF, 0xFFFF, 0x0810,   // 0x2330 (9008)
0x0810, 0x0810, 0x0810, 0x0810, 0x0810, 0x0810, 0x0810, 0x0810, 0x0810, 0x4A14, 0xFFFF, 0xFFFF, 0xFFFF, 0xFFFF, 0xFFED, 0xFFE0,   // 0x2340 (9024)
0xFFE0, 0xFFF3, 0xFFFF, 0xFFFF, 0xFFFF, 0xFFFF, 0x41D3, 0x0810, 0x0810, 0x0810, 0x0810, 0x0810, 0x0810, 0x0810, 0x0810, 0x0810,   // 0x2350 (9040)
0x1871, 0xFFFF, 0xDF7F, 0x049B, 0x049B, 0x049B, 0x049B, 0x049B, 0x049B, 0x049B, 0x049B, 0x049B, 0x049B, 0x049B, 0x049B, 0x049B,   // 0x2360 (9056)
0x049B, 0x049B, 0x1CBA, 0x557B, 0x967C, 0xC73E, 0xE79E, 0xEFBE, 0xF7BF, 0xE79E, 0xD75E, 0xB6DD, 0x7E1C, 0x3D3B, 0x0CBB, 0x049B,   // 0x2370 (9072)
0x049B, 0x049B, 0x049B, 0x049B, 0x049B, 0x049B, 0x049B, 0x049B, 0x049B, 0x049B, 0x049B, 0x049B, 0x049B, 0x049B, 0x049B, 0x0396,   // 0x2380 (9088)
0x03B6, 0x049B, 0x049B, 0x049B, 0x049B, 0x049B, 0x049B, 0x049B, 0x049B, 0x049B, 0x049B, 0x049B, 0x049B, 0x049B, 0x049B, 0x049B,   // 0x2390 (9104)
0x049B, 0x049B, 0x049B, 0x049B, 0x049B, 0x049B, 0x049B, 0x049B, 0x049B, 0x049B, 0x049B, 0x049B, 0x049B, 0x049B, 0x049B, 0x049B,   // 0x23A0 (9120)
0x049B, 0x049B, 0x049B, 0x049B, 0x049B, 0x049B, 0x049B, 0x049B, 0x049B, 0x049B, 0x049B, 0x049B, 0x049B, 0xF7DF, 0xFFFF, 0x0810,   // 0x23B0 (9136)
0x0810, 0x0810, 0x0810, 0x0810, 0x0810, 0x0810, 0x0810, 0x0810, 0x0810, 0xBDBB, 0xFFFF, 0xFFFF, 0xFFFF, 0xFFFF, 0xFFF4, 0xFFF2,   // 0x23C0 (9152)
0xFFF2, 0xFFF7, 0xFFFF, 0xFFFF, 0xFFFF, 0xFFFF, 0xAD5A, 0x0810, 0x0810, 0x0810, 0x0810, 0x0810, 0x0810, 0x0810, 0x0810, 0x0810,   // 0x23D0 (9168)
0x1871, 0xFFFF, 0xDF7F, 0x049B, 0x049B, 0x049B, 0x049B, 0x049B, 0x049B, 0x049B, 0x049B, 0x049B, 0x049B, 0x049B, 0x049B, 0x049B,   // 0x23E0 (9184)
0x049B, 0x049B, 0x049B, 0x049B, 0x049B, 0x049B, 0x049B, 0x049B, 0x049B, 0x049B, 0x049B, 0x049B, 0x049B, 0x049B, 0x049B, 0x049B,   // 0x23F0 (9200)
0x049B, 0x049B, 0x049B, 0x049B, 0x049B, 0x049B, 0x049B, 0x049B, 0x049B, 0x049B, 0x049B, 0x049B, 0x049B, 0x049B, 0x049B, 0x0396,   // 0x2400 (9216)
0x03B6, 0x049B, 0x049B, 0x049B, 0x049B, 0x049B, 0x049B, 0x049B, 0x049B, 0x049B, 0x049B, 0x049B, 0x049B, 0x049B, 0x049B, 0x049B,   // 0x2410 (9232)
0x049B, 0x049B, 0x049B, 0x049B, 0x049B, 0x049B, 0x049B, 0x049B, 0x049B, 0x049B, 0x049B, 0x049B, 0x049B, 0x049B, 0x049B, 0x049B,   // 0x2420 (9248)
0x049B, 0x049B, 0x049B, 0x049B, 0x049B, 0x049B, 0x049B, 0x049B, 0x049B, 0x049B, 0x049B, 0x049B, 0x049B, 0xF7DF, 0xFFFF, 0x0810,   // 0x2430 (9264)
0x0810, 0x0810, 0x0810, 0x0810, 0x0810, 0x0810, 0x0810, 0x0810, 0x3152, 0xFFFF, 0xFFFF, 0xFFFF, 0xFFFF, 0xFFFF, 0xFFFF, 0xFFFF,   // 0x2440 (9280)
0xFFFF, 0xFFFF, 0xFFFF, 0xFFFF, 0xFFFF, 0xFFFF, 0xFFDF, 0x2912, 0x0810, 0x0810, 0x0810, 0x0810, 0x0810, 0x0810, 0x0810, 0x0810,   // 0x2450 (9296)
0x1871, 0xFFFF, 0xDF9F, 0x049B, 0x049B, 0x049B, 0x049B, 0x049B, 0x049B, 0x049B, 0x049B, 0x049B, 0x049B, 0x049B, 0x049B, 0x049B,   // 0x2460 (9312)
0x049B, 0x049B, 0x049B, 0x049B, 0x049B, 0x049B, 0x049B, 0x049B, 0x049B, 0x049B, 0x049B, 0x049B, 0x049B, 0x049B, 0x049B, 0x049B,   // 0x2470 (9328)
0x049B, 0x049B, 0x049B, 0x049B, 0x049B, 0x049B, 0x049B, 0x049B, 0x049B, 0x049B, 0x049B, 0x049B, 0x049B, 0x049B, 0x049B, 0x0396,   // 0x2480 (9344)
0x03B6, 0x049B, 0x049B, 0x049B, 0x049B, 0x049B, 0x049B, 0x049B, 0x049B, 0x049B, 0x049B, 0x049B, 0x049B, 0x049B, 0x049B, 0x049B,   // 0x2490 (9360)
0x049B, 0x049B, 0x049B, 0x049B, 0x049B, 0x049B, 0x049B, 0x049B, 0x049B, 0x049B, 0x049B, 0x049B, 0x049B, 0x049B, 0x049B, 0x049B,   // 0x24A0 (9376)
0x049B, 0x049B, 0x049B, 0x049B, 0x049B, 0x049B, 0x049B, 0x049B, 0x049B, 0x049B, 0x049B, 0x049B, 0x049B, 0xF7DF, 0xFFFF, 0x0810,   // 0x24B0 (9392)
0x0810, 0x0810, 0x0810, 0x0810, 0x0810, 0x0810, 0x0810, 0x0810, 0xA4F9, 0xFFFF, 0xFFFF, 0xFFFF, 0xFFFF, 0xFFFF, 0xFFFF, 0xFFFF,   // 0x24C0 (9408)
0xFFFF, 0xFFFF, 0xFFFF, 0xFFFF, 0xFFFF, 0xFFFF, 0xFFFF, 0x9499, 0x0810, 0x0810, 0x0810, 0x0810, 0x0810, 0x0810, 0x0810, 0x0810,   // 0x24D0 (9424)
0x1871, 0xFFFF, 0xE7BF, 0x049B, 0x049B, 0x049B, 0x049B, 0x049B, 0x049B, 0x049B, 0x049B, 0x049B, 0x049B, 0x049B, 0x049B, 0x049B,   // 0x24E0 (9440)
0x049B, 0x049B, 0x049B, 0x049B, 0x049B, 0x049B, 0x049B, 0x049B, 0x049B, 0x049B, 0x049B, 0x049B, 0x049B, 0x049B, 0x049B, 0x049B,   // 0x24F0 (9456)
0x049B, 0x049B, 0x049B, 0x049B, 0x049B, 0x049B, 0x049B, 0x049B, 0x049B, 0x049B, 0x049B, 0x049B, 0x049B, 0x049B, 0x049B, 0x0396,   // 0x2500 (9472)
0x2454, 0x049B, 0x049B, 0x049B, 0x049B, 0x049B, 0x049B, 0x049B, 0x049B, 0x049B, 0x049B, 0x049B, 0x049B, 0x049B, 0x049B, 0x049B,   // 0x2510 (9488)
0x049B, 0x049B, 0x049B, 0x049B, 0x049B, 0x049B, 0x049B, 0x049B, 0x049B, 0x049B, 0x049B, 0x049B, 0x049B, 0x049B, 0x049B, 0x049B,   // 0x2520 (9504)
0x049B, 0x049B, 0x049B, 0x049B, 0x049B, 0x049B, 0x049B, 0x049B, 0x049B, 0x049B, 0x049B, 0x049B, 0x04BB, 0xFFFF, 0xFFFF, 0x0810,   // 0x2530 (9520)
0x0810, 0x0810, 0x0810, 0x0810, 0x0810, 0x0810, 0x0810, 0x20D1, 0xFFBF, 0xFFFF, 0xFFFF, 0xFFFF, 0xF7DF, 0x86FF, 0x86FF, 0x86FF,   // 0x2540 (9536)
0x86FF, 0x86FF, 0x8F1F, 0xFFFF, 0xFFFF, 0xFFFF, 0xFFFF, 0xF79F, 0x1891, 0x0810, 0x0810, 0x0810, 0x0810, 0x0810, 0x0810, 0x0810,   // 0x2550 (9552)
0x1871, 0xFFFF, 0xF7DF, 0x049B, 0x049B, 0x049B, 0x049B, 0x049B, 0x049B, 0x049B, 0x049B, 0x049B, 0x049B, 0x049B, 0x049B, 0x049B,   // 0x2560 (9568)
0x049B, 0x049B, 0x049B, 0x049B, 0x049B, 0x049B, 0x049B, 0x049B, 0x049B, 0x049B, 0x049B, 0x049B, 0x049B, 0x049B, 0x049B, 0x049B,   // 0x2570 (9584)
0x049B, 0x049B, 0x049B, 0x049B, 0x049B, 0x049B, 0x049B, 0x049B, 0x049B, 0x049B, 0x049B, 0x049B, 0x049B, 0x049B, 0x049B, 0x2454,   // 0x2580 (9600)
0x4D12, 0x049B, 0x049B, 0x049B, 0x049B, 0x049B, 0x049B, 0x049B, 0x049B, 0x049B, 0x049B, 0x049B, 0x049B, 0x049B, 0x049B, 0x049B,   // 0x2590 (9616)
0x049B, 0x049B, 0x049B, 0x049B, 0x049B, 0x049B, 0x049B, 0x049B, 0x049B, 0x049B, 0x049B, 0x049B, 0x049B, 0x049B, 0x049B, 0x049B,   // 0x25A0 (9632)
0x049B, 0x049B, 0x049B, 0x049B, 0x049B, 0x049B, 0x049B, 0x049B, 0x049B, 0x049B, 0x049B, 0x049B, 0x353C, 0xFFFF, 0xFFFF, 0x0810,   // 0x25B0 (9648)
0x0810, 0x0810, 0x0810, 0x0810, 0x0810, 0x0810, 0x0810, 0x8C38, 0xFFFF, 0xFFFF, 0xFFFF, 0xFFFF, 0xAF5F, 0x2E3E, 0x2E3E, 0x2E3E,   // 0x25C0 (9664)
0x2E3E, 0x2E3E, 0x2E3E, 0xD79F, 0xFFFF, 0xFFFF, 0xFFFF, 0xFFFF, 0x7BD7, 0x0810, 0x0810, 0x0810, 0x0810, 0x0810, 0x0810, 0x0810,   // 0x25D0 (9680)
0x1871, 0xFFFF, 0xFFFF, 0x14FB, 0x049B, 0x049B, 0x049B, 0x049B, 0x049B, 0x049B, 0x049B, 0x049B, 0x049B, 0x049B, 0x049B, 0x049B,   // 0x25E0 (9696)
0x049B, 0x049B, 0x049B, 0x049B, 0x049B, 0x049B, 0x049B, 0x049B, 0x049B, 0x049B, 0x049B, 0x049B, 0x049B, 0x049B, 0x049B, 0x049B,   // 0x25F0 (9712)
0x049B, 0x049B, 0x049B, 0x049B, 0x049B, 0x049B, 0x049B, 0x049B, 0x049B, 0x049B, 0x049B, 0x049B, 0x049B, 0x049B, 0x049B, 0x4D11,   // 0x2600 (9728)
0x4D12, 0x049B, 0x049B, 0x049B, 0x049B, 0x049B, 0x049B, 0x049B, 0x049B, 0x049B, 0x049B, 0x049B, 0x049B, 0x049B, 0x049B, 0x049B,   // 0x2610 (9744)
0x049B, 0x049B, 0x049B, 0x049B, 0x049B, 0x049B, 0x049B, 0x049B, 0x049B, 0x049B, 0x049B, 0x049B, 0x049B, 0x049B, 0x049B, 0x049B,   // 0x2620 (9760)
0x049B, 0x049B, 0x049B, 0x049B, 0x049B, 0x049B, 0x049B, 0x049B, 0x049B, 0x049B, 0x049B, 0x14FB, 0xBF1E, 0xFFFF, 0xFFFF, 0x6B36,   // 0x2630 (9776)
0x6B16, 0x6B16, 0x6B16, 0x6B16, 0x6B16, 0x6B16, 0x6B16, 0xEF7E, 0xFFFF, 0xFFFF, 0xFFFF, 0xFFFF, 0xA73F, 0x7EFF, 0x7EFF, 0x7EFF,   // 0x2640 (9792)
0x7EFF, 0x7EFF, 0x7EFF, 0xBF7F, 0xFFFF, 0xFFFF, 0xFFFF, 0xFFFF, 0xE73E, 0x6B16, 0x6B16, 0x6B16, 0x6B16, 0x6B16, 0x6B16, 0x6B16,   // 0x2650 (9808)
0x7376, 0xFFFF, 0xFFFF, 0x969D, 0x0CDB, 0x049B, 0x049B, 0x049B, 0x049B, 0x049B, 0x049B, 0x049B, 0x049B, 0x049B, 0x049B, 0x049B,   // 0x2660 (9824)
0x049B, 0x049B, 0x049B, 0x049B, 0x049B, 0x049B, 0x049B, 0x049B, 0x049B, 0x049B, 0x049B, 0x049B, 0x049B, 0x049B, 0x049B, 0x049B,   // 0x2670 (9840)
0x049B, 0x049B, 0x049B, 0x049B, 0x049B, 0x049B, 0x049B, 0x049B, 0x049B, 0x049B, 0x049B, 0x049B, 0x049B, 0x049B, 0x049B, 0x4D11,   // 0x2680 (9856)
0x4D12, 0x049B, 0x049B, 0x049B, 0x049B, 0x049B, 0x049B, 0x049B, 0x049B, 0x049B, 0x049B, 0x049B, 0x049B, 0x049B, 0x049B, 0x049B,   // 0x2690 (9872)
0x049B, 0x049B, 0x049B, 0x049B, 0x049B, 0x049B, 0x049B, 0x049B, 0x049B, 0x457C, 0xBF1E, 0xCF5E, 0xCF5E, 0xCF5E, 0xCF5E, 0xCF5E,   // 0x26A0 (9888)
0xCF5E, 0xCF5E, 0xCF5E, 0xCF5E, 0xCF5E, 0xCF5E, 0xCF5E, 0xCF5E, 0xCF5E, 0xCF5E, 0xDF7F, 0xFFFF, 0xFFFF, 0xFFFF, 0xFFFF, 0xFFFF,   // 0x26B0 (9904)
0xFFFF, 0xFFFF, 0xFFFF, 0xFFFF, 0xFFFF, 0xFFFF, 0xFFFF, 0xFFFF, 0xFFFF, 0xFFFF, 0xFFFF, 0xFFFF, 0xFFFF, 0xFFFF, 0xFFFF, 0xFFFF,   // 0x26C0 (9920)
0xFFFF, 0xFFFF, 0xFFFF, 0xFFFF, 0xFFFF, 0xFFFF, 0xFFFF, 0xFFFF, 0xFFFF, 0xFFFF, 0xFFFF, 0xFFFF, 0xFFFF, 0xFFFF, 0xFFFF, 0xFFFF,   // 0x26D0 (9936)
0xFFFF, 0xFFFF, 0xFFFF, 0xFFFF, 0xFFFF, 0xE7BF, 0xD77F, 0xCF5E, 0xC73E, 0xCF5E, 0xCF5E, 0xCF5E, 0xCF5F, 0xD77F, 0xDF7F, 0xC73E,   // 0x26E0 (9952)
0x4D9C, 0x049B, 0x049B, 0x049B, 0x049B, 0x049B, 0x049B, 0x049B, 0x049B, 0x049B, 0x049B, 0x049B, 0x049B, 0x049B, 0x049B, 0x049B,   // 0x26F0 (9968)
0x049B, 0x049B, 0x049B, 0x049B, 0x049B, 0x049B, 0x049B, 0x049B, 0x049B, 0x049B, 0x049B, 0x049B, 0x049B, 0x049B, 0x049B, 0x4D11,   // 0x2700 (9984)
0x856B, 0x9E6C, 0x9E6C, 0x9E6C, 0x9E6C, 0x9E6C, 0x9E6C, 0x9E6C, 0x9E6C, 0x9E6C, 0x9E6C, 0x9E6C, 0x9E6C, 0x9E6C, 0x9E6C, 0x9E6C,   // 0x2710 (10000)
0x9E6C, 0x9E6C, 0x9E6C, 0x9E6C, 0x9E6C, 0x9E6C, 0x9E6C, 0x9E6C, 0x9E6C, 0xF7DD, 0xFFFF, 0xFFFF, 0xFFFF, 0xFFFF, 0xFFFF, 0xFFFF,   // 0x2720 (10016)
0xFFFF, 0xFFFF, 0xFFFF, 0xFFFF, 0xFFFF, 0xFFFF, 0xFFFF, 0xFFFF, 0xFFFF, 0xFFFF, 0xFFFF, 0xFFFF, 0xFFFF, 0xFFFF, 0xFFFF, 0xFFFF,   // 0x2730 (10032)
0xFFFF, 0xFFFF, 0xFFFF, 0xFFFF, 0xFFFF, 0xFFFF, 0xFFFF, 0xFFFF, 0xFFFF, 0xFFFF, 0xFFFF, 0xFFFF, 0xFFFF, 0xFFFF, 0xFFFF, 0xFFFF,   // 0x2740 (10048)
0xFFFF, 0xFFFF, 0xFFFF, 0xFFFF, 0xFFFF, 0xFFFF, 0xFFFF, 0xFFFF, 0xFFFF, 0xFFFF, 0xFFFF, 0xFFFF, 0xF79F, 0xB59B, 0xB59B, 0xB59B,   // 0x2750 (10064)
0xB59B, 0xEF5E, 0xFFFF, 0xFFFF, 0xFFFF, 0xFFFF, 0xFFFF, 0xFFFF, 0xFFFF, 0xFFFF, 0xFFFF, 0xFFFF, 0xFFFF, 0xFFFF, 0xFFFF, 0xFFFF,   // 0x2760 (10080)
0xF7DD, 0x9E6C, 0x9E6C, 0x9E6C, 0x9E6C, 0x9E6C, 0x9E6C, 0x9E6C, 0x9E6C, 0x9E6C, 0x9E6C, 0x9E6C, 0x9E6C, 0x9E6C, 0x9E6C, 0x9E6C,   // 0x2770 (10096)
0x9E6C, 0x9E6C, 0x9E6C, 0x9E6C, 0x9E6C, 0x9E6C, 0x9E6C, 0x9E6C, 0x9E6C, 0x9E6C, 0x9E6C, 0x9E6C, 0x9E6C, 0x9E6C, 0x9E6C, 0x854B,   // 0x2780 (10112)
0xADA5, 0xFF82, 0xFF82, 0xFF82, 0xFF82, 0xFF82, 0xFF82, 0xFF82, 0xFF82, 0xFF82, 0xFF82, 0xFF82, 0xFF82, 0xFF82, 0xFF82, 0xFF82,   // 0x2790 (10128)
0xFF82, 0xFF82, 0xFF82, 0xFF82, 0xFF82, 0xFF82, 0xFF82, 0xFF82, 0xFFAC, 0xFFFF, 0xE71E, 0x0830, 0x0810, 0x0810, 0x0810, 0xBDBB,   // 0x27A0 (10144)
0xFFFF, 0xFFFF, 0xFFFF, 0xFFFF, 0xFFFF, 0xEF5E, 0x0810, 0x0810, 0x0810, 0x0810, 0xAD3A, 0xFFFF, 0xFFFF, 0xFFFF, 0xFFFF, 0xFFFF,   // 0x27B0 (10160)
0xFFFF, 0xFFFF, 0xFFFF, 0xFFFF, 0xFFFF, 0xFFFF, 0xFFFF, 0xFFFF, 0xFFFF, 0xFFFF, 0xFFFF, 0xFFFF, 0xFFFF, 0xFFFF, 0xFFFF, 0xFFFF,   // 0x27C0 (10176)
0xFFFF, 0xFFFF, 0xFFFF, 0xFFFF, 0xFFFF, 0xFFFF, 0xFFFF, 0xFFFF, 0xFFFF, 0xFFFF, 0xFFFF, 0xFFFF, 0xDEDD, 0x0810, 0x0810, 0x0810,   // 0x27D0 (10192)
0x0810, 0xB59B, 0xFFFF, 0xFFFF, 0xFFFF, 0xFFFF, 0xFFFF, 0xFFFF, 0xFFFF, 0xFFFF, 0x9478, 0x0810, 0x0810, 0x0810, 0x0810, 0xFFFF,   // 0x27E0 (10208)
0xFFFF, 0xFFD0, 0xFF82, 0xFF82, 0xFF82, 0xFF82, 0xFF82, 0xFF82, 0xFF82, 0xFF82, 0xFF82, 0xFF82, 0xFF82, 0xFF82, 0xFF82, 0xFF82,   // 0x27F0 (10224)
0xFF82, 0xFF82, 0xFF82, 0xFF82, 0xFF82, 0xFF82, 0xFF82, 0xFF82, 0xFF82, 0xFF82, 0xFF82, 0xFF82, 0xFF82, 0xFF82, 0xFF82, 0xAD85,   // 0x2800 (10240)
0xADA5, 0xFF82, 0xFF82, 0xFF82, 0xFF82, 0xFF82, 0xFF82, 0xFF82, 0xFF82, 0xFF82, 0xFF82, 0xFF82, 0xFF82, 0xFF82, 0xFF82, 0xFF82,   // 0x2810 (10256)
0xFF82, 0xFF82, 0xFF82, 0xFF82, 0xFF82, 0xFF82, 0xFF82, 0xFF82, 0xFFD7, 0xFFFF, 0x8418, 0x0810, 0x0810, 0x0810, 0x0810, 0x5A95,   // 0x2820 (10272)
0xFFFF, 0xFFFF, 0xFFFF, 0xFFFF, 0xFFFF, 0xEF5E, 0x0810, 0x0810, 0x0810, 0x0810, 0xA51A, 0xFFFF, 0xFFFF, 0xFFFF, 0xFFFF, 0xFFFF,   // 0x2830 (10288)
0xFFFF, 0xFFFF, 0xFFFF, 0xFFFF, 0xFFFF, 0xFFFF, 0xFFFF, 0xFFFF, 0xFFFF, 0xFFFF, 0xFFFF, 0xFFFF, 0xFFFF, 0xFFFF, 0xFFFF, 0xFFFF,   // 0x2840 (10304)
0xFFFF, 0xFFFF, 0xFFFF, 0xFFFF, 0xFFFF, 0xFFFF, 0xFFFF, 0xFFFF, 0xFFFF, 0xFFFF, 0xFFFF, 0xFFFF, 0xDEDD, 0x0810, 0x0810, 0x0810,   // 0x2850 (10320)
0x0810, 0xB59B, 0xFFFF, 0xFFFF, 0xFFFF, 0xFFFF, 0xFFFF, 0xFFFF, 0xFFFF, 0xFFFF, 0x8C58, 0x0810, 0x0810, 0x0810, 0x0810, 0xFFFF,   // 0x2860 (10336)
0xFFFF, 0xFFFF, 0xFFAC, 0xFF83, 0xFF82, 0xFF82, 0xFF82, 0xFF82, 0xFF82, 0xFF82, 0xFF82, 0xFF82, 0xFF82, 0xFF82, 0xFF82, 0xFF82,   // 0x2870 (10352)
0xFF82, 0xFF82, 0xFF82, 0xFF82, 0xFF82, 0xFF82, 0xFF82, 0xFF82, 0xFF82, 0xFF82, 0xFF82, 0xFF82, 0xFF82, 0xFF82, 0xFF82, 0xAD85,   // 0x2880 (10368)
0xADA5, 0xFF82, 0xFF82, 0xFF82, 0xFF82, 0xFF82, 0xFF82, 0xFF82, 0xFF82, 0xFF82, 0xFF82, 0xFF82, 0xFF82, 0xFF82, 0xFF82, 0xFF82,   // 0x2890 (10384)
0xFF82, 0xFF82, 0xFF82, 0xFF82, 0xFF82, 0xFF82, 0xFF82, 0xFFA5, 0xFFFF, 0xFFFF, 0x2912, 0x0810, 0x0810, 0x0810, 0x0810, 0x0830,   // 0x28A0 (10400)
0xEF5E, 0xFFFF, 0xFFFF, 0xFFFF, 0xFFFF, 0xEF5E, 0x0810, 0x0810, 0x0810, 0x0810, 0xA51A, 0xFFFF, 0xFFFF, 0xFFFF, 0xFFFF, 0xFFFF,   // 0x28B0 (10416)
0xFFFF, 0xFFFF, 0xFFFF, 0xFFFF, 0xFFFF, 0xFFFF, 0xFFFF, 0xFFFF, 0xFFFF, 0xFFFF, 0xFFFF, 0xFFFF, 0xFFFF, 0xFFFF, 0xFFFF, 0xFFFF,   // 0x28C0 (10432)
0xFFFF, 0xFFFF, 0xFFFF, 0xFFFF, 0xFFFF, 0xFFFF, 0xFFFF, 0xFFFF, 0xFFFF, 0xFFFF, 0xFFFF, 0xFFFF, 0xDEFD, 0x20B1, 0x20B1, 0x20B1,   // 0x28D0 (10448)
0x20B1, 0xBDDB, 0xFFFF, 0xFFFF, 0xFFFF, 0xFFFF, 0xFFFF, 0xFFFF, 0xFFFF, 0xFFFF, 0x8C58, 0x0810, 0x0810, 0x0810, 0x0810, 0xFFFF,   // 0x28E0 (10464)
0xFFFF, 0xFFFF, 0xFFFF, 0xFFFF, 0xFFFE, 0xFFFC, 0xFFFB, 0xFFF8, 0xFFD3, 0xFFAC, 0xFF84, 0xFF82, 0xFF82, 0xFF82, 0xFF82, 0xFF82,   // 0x28F0 (10480)
0xFF82, 0xFF82, 0xFF82, 0xFF82, 0xFF82, 0xFF82, 0xFF82, 0xFF82, 0xFF82, 0xFF82, 0xFF82, 0xFF82, 0xFF82, 0xFF82, 0xFF82, 0xAD85,   // 0x2900 (10496)
0xADA5, 0xFF82, 0xFF82, 0xFF82, 0xFF82, 0xFF82, 0xFF82, 0xFF82, 0xFF82, 0xFF82, 0xFF82, 0xFF82, 0xFF82, 0xFF82, 0xFF82, 0xFF82,   // 0x2910 (10512)
0xFF82, 0xFF82, 0xFF82, 0xFF82, 0xFF82, 0xFF82, 0xFF82, 0xFFD0, 0xFFFF, 0xBDFB, 0x0810, 0x0810, 0x0810, 0x0810, 0x0810, 0x0810,   // 0x2920 (10528)
0x9458, 0xFFFF, 0xFFFF, 0xFFFF, 0xFFFF, 0xEF5E, 0x0810, 0x0810, 0x0810, 0x0810, 0xA51A, 0xFFFF, 0xFFFF, 0xFFFF, 0xFFFF, 0xFFFF,   // 0x2930 (10544)
0xFFFF, 0xFFFF, 0xFFDF, 0xF7BF, 0xFFFF, 0xFFFF, 0xFFFF, 0xFFFF, 0xFFFF, 0xFFFF, 0xF7BF, 0xFFFF, 0xFFFF, 0xFFFF, 0xFFFF, 0xFFFF,   // 0x2940 (10560)
0xFFFF, 0xFFFF, 0xFFFF, 0xFFFF, 0xFFFF, 0xFFFF, 0xFFFF, 0xFFFF, 0xFFFF, 0xFFFF, 0xFFFF, 0xFFFF, 0xFFFF, 0xFFFF, 0xFFFF, 0xFFFF,   // 0x2950 (10576)
0xFFFF, 0xFFFF, 0xFFFF, 0xFFFF, 0xFFFF, 0xFFFF, 0xFFFF, 0xFFFF, 0xFFFF, 0xFFFF, 0x8C58, 0x0810, 0x0810, 0x0810, 0x0810, 0xFFFF,   // 0x2960 (10592)
0xFFFF, 0xFFFF, 0xFFFF, 0xFFFF, 0xEF5E, 0xDEDD, 0xE6FD, 0xFFBF, 0xFFFF, 0xFFFF, 0xFFFE, 0xFFD4, 0xFF84, 0xFF82, 0xFF82, 0xFF82,   // 0x2970 (10608)
0xFF82, 0xFF82, 0xFF82, 0xFF82, 0xFF82, 0xFF82, 0xFF82, 0xFF82, 0xFF82, 0xFF82, 0xFF82, 0xFF82, 0xFF82, 0xFF82, 0xFF82, 0xAD85,   // 0x2980 (10624)
0xADA5, 0xFF82, 0xFF82, 0xFF82, 0xFF82, 0xFF82, 0xFF82, 0xFF82, 0xFF82, 0xFF82, 0xFF82, 0xFF82, 0xFF82, 0xFF82, 0xFF82, 0xFF82,   // 0x2990 (10640)
0xFF82, 0xFF82, 0xFF82, 0xFF82, 0xFF82, 0xFF82, 0xFF82, 0xFFFC, 0xFFFF, 0x5AD5, 0x0810, 0x0810, 0x0810, 0x0810, 0x0810, 0x0810,   // 0x29A0 (10656)
0x3152, 0xFFFF, 0xFFFF, 0xFFFF, 0xFFFF, 0xEF5E, 0x0810, 0x0810, 0x0810, 0x0810, 0xA51A, 0xEF7E, 0x62F6, 0x62F6, 0x62F6, 0x62F6,   // 0x29B0 (10672)
0xE71E, 0x5AB5, 0x0830, 0x0810, 0x3152, 0xB5BB, 0xFFFF, 0xF77E, 0x6B36, 0x1050, 0x0810, 0x2912, 0x9CB9, 0xFFFF, 0xFFFF, 0xFFFF,   // 0x29C0 (10688)
0xFFFF, 0xFFFF, 0xD69D, 0x62F5, 0x20F1, 0x0810, 0x1070, 0x4214, 0xAD3A, 0xFFFF, 0xFFFF, 0xFFFF, 0xEF5E, 0x62F6, 0x62F6, 0x62F6,   // 0x29D0 (10704)
0x62F6, 0xD67C, 0xFFFF, 0xFFFF, 0xFFFF, 0xB57A, 0x6B36, 0x5AB5, 0x6B56, 0xC5FB, 0x8C58, 0x0810, 0x0810, 0x0810, 0x0810, 0xFFFF,   // 0x29E0 (10720)
0xFFFF, 0xFFFF, 0xA4F9, 0x3152, 0x0810, 0x0810, 0x0810, 0x0830, 0x41F4, 0x9CD9, 0xF7BF, 0xFFFF, 0xFFD7, 0xFF82, 0xFF82, 0xFF82,   // 0x29F0 (10736)
0xFF82, 0xFF82, 0xFF82, 0xFF82, 0xFF82, 0xFF82, 0xFF82, 0xFF82, 0xFF82, 0xFF82, 0xFF82, 0xFF82, 0xFF82, 0xFF82, 0xFF82, 0xAD85,   // 0x2A00 (10752)
0xADA5, 0xFF82, 0xFF82, 0xFF82, 0xFF82, 0xFF82, 0xFF82, 0xFF82, 0xFF82, 0xFF82, 0xFF82, 0xFF82, 0xFF82, 0xFF82, 0xFF82, 0xFF82,   // 0x2A10 (10768)
0xFF82, 0xFF82, 0xFF82, 0xFF82, 0xFF82, 0xFF82, 0xFFAA, 0xFFFF, 0xEF7E, 0x1030, 0x0810, 0x0810, 0x0810, 0x0810, 0x0810, 0x0810,   // 0x2A20 (10784)
0x0810, 0xC63C, 0xFFFF, 0xFFFF, 0xFFFF, 0xEF5E, 0x0810, 0x0810, 0x0810, 0x0810, 0xA51A, 0xE71E, 0x0810, 0x0810, 0x0810, 0x0810,   // 0x2A30 (10800)
0x41D3, 0x0810, 0x0810, 0x0810, 0x0810, 0x0810, 0xA4F9, 0x3172, 0x0810, 0x0810, 0x0810, 0x0810, 0x0810, 0x9CD9, 0xFFFF, 0xFFFF,   // 0x2A40 (10816)
0xFFFF, 0x9499, 0x0810, 0x0810, 0x0810, 0x0810, 0x0810, 0x0810, 0x0810, 0x5AB5, 0xFFDF, 0xFFFF, 0xDEDD, 0x0810, 0x0810, 0x0810,   // 0x2A50 (10832)
0x0810, 0xB59B, 0xFFFF, 0xF79F, 0x4A34, 0x0810, 0x0810, 0x0810, 0x0810, 0x0810, 0x2912, 0x0810, 0x0810, 0x0810, 0x0810, 0xFFFF,   // 0x2A60 (10848)
0xFFFF, 0x7376, 0x0810, 0x0810, 0x0810, 0x0810, 0x0810, 0x0810, 0x0810, 0x0810, 0x6B36, 0xFFFF, 0xFFFA, 0xFF82, 0xFF82, 0xFF82,   // 0x2A70 (10864)
0xFF82, 0xFF82, 0xFF82, 0xFF82, 0xFF82, 0xFF82, 0xFF82, 0xFF82, 0xFF82, 0xFF82, 0xFF82, 0xFF82, 0xFF82, 0xFF82, 0xFF82, 0xAD85,   // 0x2A80 (10880)
0xADA5, 0xFF82, 0xFF82, 0xFF82, 0xFF82, 0xFF82, 0xFF82, 0xFF82, 0xFF82, 0xFF82, 0xFF82, 0xFF82, 0xFF82, 0xFF82, 0xFF82, 0xFF82,   // 0x2A90 (10896)
0xFF82, 0xFF82, 0xFF82, 0xFF82, 0xFF82, 0xFF82, 0xFFD6, 0xFFFF, 0x9499, 0x0810, 0x0810, 0x0810, 0x1050, 0x4A34, 0x0810, 0x0810,   // 0x2AA0 (10912)
0x0810, 0x6316, 0xFFFF, 0xFFFF, 0xFFFF, 0xEF5E, 0x0810, 0x0810, 0x0810, 0x0810, 0xA51A, 0xE71E, 0x0810, 0x0810, 0x0810, 0x0810,   // 0x2AB0 (10928)
0x0810, 0x0810, 0x0810, 0x0810, 0x0810, 0x0810, 0x0810, 0x0810, 0x0810, 0x0810, 0x0810, 0x0810, 0x0810, 0x20D1, 0xFFDF, 0xFFFF,   // 0x2AC0 (10944)
0xAD3A, 0x0810, 0x0810, 0x0810, 0x0810, 0x0810, 0x0810, 0x0810, 0x0810, 0x0810, 0x8418, 0xFFFF, 0xDEDD, 0x0810, 0x0810, 0x0810,   // 0x2AD0 (10960)
0x0810, 0xB59B, 0xFFFF, 0x5254, 0x0810, 0x0810, 0x0810, 0x0810, 0x0810, 0x0810, 0x0810, 0x0810, 0x0810, 0x0810, 0x0810, 0xFFFF,   // 0x2AE0 (10976)
0xD6BD, 0x0810, 0x0810, 0x0810, 0x0810, 0x0810, 0x0810, 0x0810, 0x0810, 0x0810, 0xD6BD, 0xFFFF, 0xFFD3, 0xFF82, 0xFF82, 0xFF82,   // 0x2AF0 (10992)
0xFF82, 0xFF82, 0xFF82, 0xFF82, 0xFF82, 0xFF82, 0xFF82, 0xFF82, 0xFF82, 0xFF82, 0xFF82, 0xFF82, 0xFF82, 0xFF82, 0xFF82, 0xAD85,   // 0x2B00 (11008)
0xADA5, 0xFF82, 0xFF82, 0xFF82, 0xFF82, 0xFF82, 0xFF82, 0xFF82, 0xFF82, 0xFF82, 0xFF82, 0xFF82, 0xFF82, 0xFF82, 0xFF82, 0xFF82,   // 0x2B10 (11024)
0xFF82, 0xFF82, 0xFF82, 0xFF82, 0xFF82, 0xFF84, 0xFFFF, 0xFFFF, 0x3173, 0x0810, 0x0810, 0x0810, 0x5AB5, 0xAD5A, 0x0810, 0x0810,   // 0x2B20 (11040)
0x0810, 0x1050, 0xF79F, 0xFFFF, 0xFFFF, 0xEF5E, 0x0810, 0x0810, 0x0810, 0x0810, 0xA51A, 0xE71E, 0x0810, 0x0810, 0x0810, 0x0810,   // 0x2B30 (11056)
0x0830, 0x3152, 0x0810, 0x0810, 0x0810, 0x0810, 0x0810, 0x0810, 0x3172, 0x0810, 0x0810, 0x0810, 0x0810, 0x0810, 0xDEDD, 0xF79F,   // 0x2B40 (11072)
0x18B1, 0x0810, 0x0810, 0x0810, 0x4A34, 0x8C38, 0x6B36, 0x0830, 0x0810, 0x0810, 0x1050, 0xEF7E, 0xDEDD, 0x0810, 0x0810, 0x0810,   // 0x2B50 (11088)
0x0810, 0xB59B, 0xBDFB, 0x0810, 0x0810, 0x0810, 0x0810, 0x1891, 0x5AB5, 0x4214, 0x0810, 0x0810, 0x0810, 0x0810, 0x0810, 0xFFFF,   // 0x2B60 (11104)
0xA4F9, 0x0810, 0x0810, 0x0810, 0x0830, 0xBDBB, 0xBDDB, 0x8C38, 0x4A14, 0x7376, 0xFFFF, 0xFFFF, 0xFFA8, 0xFF82, 0xFF82, 0xFF82,   // 0x2B70 (11120)
0xFF82, 0xFF82, 0xFF82, 0xFF82, 0xFF82, 0xFF82, 0xFF82, 0xFF82, 0xFF82, 0xFF82, 0xFF82, 0xFF82, 0xFF82, 0xFF82, 0xFF82, 0xAD85,   // 0x2B80 (11136)
0xADA5, 0xFF82, 0xFF82, 0xFF82, 0xFF82, 0xFF82, 0xFF82, 0xFF82, 0xFF82, 0xFF82, 0xFF82, 0xFF82, 0xFF82, 0xFF82, 0xFF82, 0xFF82,   // 0x2B90 (11152)
0xFF82, 0xFF82, 0xFF82, 0xFF82, 0xFF82, 0xFFCF, 0xFFFF, 0xCE7C, 0x0810, 0x0810, 0x0810, 0x0810, 0xB59B, 0xF7BF, 0x1070, 0x0810,   // 0x2BA0 (11168)
0x0810, 0x0810, 0x9CD9, 0xFFFF, 0xFFFF, 0xEF5E, 0x0810, 0x0810, 0x0810, 0x0810, 0xA51A, 0xE71E, 0x0810, 0x0810, 0x0810, 0x0810,   // 0x2BB0 (11184)
0x9499, 0xFFFF, 0x9478, 0x0810, 0x0810, 0x0810, 0x0810, 0x83F7, 0xFFFF, 0xA51A, 0x0810, 0x0810, 0x0810, 0x0810, 0xCE5C, 0xAD5A,   // 0x2BC0 (11200)
0x0810, 0x0810, 0x0810, 0x39B3, 0xD69D, 0xD69D, 0xD69D, 0x6B36, 0x0810, 0x0810, 0x0810, 0x9CD9, 0xDEDD, 0x0810, 0x0810, 0x0810,   // 0x2BD0 (11216)
0x0810, 0xB59B, 0x7376, 0x0810, 0x0810, 0x0810, 0x0810, 0xB5BB, 0xFFFF, 0xFFFF, 0x6B36, 0x0810, 0x0810, 0x0810, 0x0810, 0xFFFF,   // 0x2BE0 (11232)
0xAD5A, 0x0810, 0x0810, 0x0810, 0x0810, 0x41D3, 0x8C58, 0xDEBD, 0xFFFF, 0xFFFF, 0xFFFF, 0xFFFF, 0xFFA5, 0xFF82, 0xFF82, 0xFF82,   // 0x2BF0 (11248)
0xFF82, 0xFF82, 0xFF82, 0xFF82, 0xFF82, 0xFF82, 0xFF82, 0xFF82, 0xFF82, 0xFF82, 0xFF82, 0xFF82, 0xFF82, 0xFF82, 0xFF82, 0xAD85,   // 0x2C00 (11264)
0xADA5, 0xFF82, 0xFF82, 0xFF82, 0xFF82, 0xFF82, 0xFF82, 0xFF82, 0xFF82, 0xFF82, 0xFF82, 0xFF82, 0xFF82, 0xFF82, 0xFF82, 0xFF82,   // 0x2C10 (11280)
0xFF82, 0xFF82, 0xFF82, 0xFF82, 0xFF82, 0xFFFB, 0xFFFF, 0x6B56, 0x0810, 0x0810, 0x0810, 0x18B1, 0xFFDF, 0xFFFF, 0x62D5, 0x0810,   // 0x2C20 (11296)
0x0810, 0x0810, 0x39B3, 0xFFFF, 0xFFFF, 0xEF5E, 0x0810, 0x0810, 0x0810, 0x0810, 0xA51A, 0xE71E, 0x0810, 0x0810, 0x0810, 0x0810,   // 0x2C30 (11312)
0xDEFD, 0xFFFF, 0xEF5E, 0x0810, 0x0810, 0x0810, 0x0810, 0xCE5C, 0xFFFF, 0xFFDF, 0x0810, 0x0810, 0x0810, 0x0810, 0xCE5C, 0x7BD7,   // 0x2C40 (11328)
0x0810, 0x0810, 0x0810, 0x0810, 0x0810, 0x0810, 0x0810, 0x0810, 0x0810, 0x0810, 0x0810, 0x6316, 0xDEDD, 0x0810, 0x0810, 0x0810,   // 0x2C50 (11344)
0x0810, 0xB59B, 0x4A54, 0x0810, 0x0810, 0x0810, 0x0810, 0xFFDF, 0xFFFF, 0xFFFF, 0x9CD9, 0x0810, 0x0810, 0x0810, 0x0810, 0xFFFF,   // 0x2C60 (11360)
0xEF7E, 0x1070, 0x0810, 0x0810, 0x0810, 0x0810, 0x0810, 0x0810, 0x3993, 0xB59B, 0xFFFF, 0xFFFF, 0xFFAC, 0xFF82, 0xFF82, 0xFF82,   // 0x2C70 (11376)
0xFF82, 0xFF82, 0xFF82, 0xFF82, 0xFF82, 0xFF82, 0xFF82, 0xFF82, 0xFF82, 0xFF82, 0xFF82, 0xFF82, 0xFF82, 0xFF82, 0xFF82, 0xAD85,   // 0x2C80 (11392)
0xADA5, 0xFF82, 0xFF82, 0xFF82, 0xFF82, 0xFF82, 0xFF82, 0xFF82, 0xFF82, 0xFF82, 0xFF82, 0xFF82, 0xFF82, 0xFF82, 0xFF82, 0xFF82,   // 0x2C90 (11408)
0xFF82, 0xFF82, 0xFF82, 0xFF82, 0xFFA9, 0xFFFF, 0xF7BF, 0x1871, 0x0810, 0x0810, 0x0810, 0x20D1, 0x5A95, 0x5A95, 0x3993, 0x0810,   // 0x2CA0 (11424)
0x0810, 0x0810, 0x0810, 0xD69D, 0xFFFF, 0xEF5E, 0x0810, 0x0810, 0x0810, 0x0810, 0xA51A, 0xE71E, 0x0810, 0x0810, 0x0810, 0x0810,   // 0x2CB0 (11440)
0xE73E, 0xFFFF, 0xF7BF, 0x0810, 0x0810, 0x0810, 0x0810, 0xD69D, 0xFFFF, 0xFFFF, 0x1050, 0x0810, 0x0810, 0x0810, 0xCE5C, 0x7397,   // 0x2CC0 (11456)
0x0810, 0x0810, 0x0810, 0x0810, 0x0810, 0x0810, 0x0810, 0x0810, 0x0810, 0x0810, 0x0810, 0x4A34, 0xDEDD, 0x0810, 0x0810, 0x0810,   // 0x2CD0 (11472)
0x0810, 0xB59B, 0x4A34, 0x0810, 0x0810, 0x0810, 0x0830, 0xFFFF, 0xFFFF, 0xFFFF, 0xA51A, 0x0810, 0x0810, 0x0810, 0x0810, 0xFFFF,   // 0x2CE0 (11488)
0xFFFF, 0xBDFB, 0x20B1, 0x0810, 0x0810, 0x0810, 0x0810, 0x0810, 0x0810, 0x0810, 0x9CD9, 0xFFFF, 0xFFF8, 0xFF82, 0xFF82, 0xFF82,   // 0x2CF0 (11504)
0xFF82, 0xFF82, 0xFF82, 0xFF82, 0xFF82, 0xFF82, 0xFF82, 0xFF82, 0xFF82, 0xFF82, 0xFF82, 0xFF82, 0xFF82, 0xFF82, 0xFF82, 0xAD85,   // 0x2D00 (11520)
0xADA5, 0xFF82, 0xFF82, 0xFF82, 0xFF82, 0xFF82, 0xFF82, 0xFF82, 0xFF82, 0xFF82, 0xFF82, 0xFF82, 0xFF82, 0xFF82, 0xFF82, 0xFF82,   // 0x2D10 (11536)
0xFF82, 0xFF82, 0xFF82, 0xFF82, 0xFFD4, 0xFFFF, 0xA51A, 0x0810, 0x0810, 0x0810, 0x0810, 0x0810, 0x0810, 0x0810, 0x0810, 0x0810,   // 0x2D20 (11552)
0x0810, 0x0810, 0x0810, 0x7377, 0xFFFF, 0xEF5E, 0x0810, 0x0810, 0x0810, 0x0810, 0xA51A, 0xE71E, 0x0810, 0x0810, 0x0810, 0x0810,   // 0x2D30 (11568)
0xE73E, 0xFFFF, 0xF7BF, 0x0810, 0x0810, 0x0810, 0x0810, 0xD69D, 0xFFFF, 0xFFFF, 0x1050, 0x0810, 0x0810, 0x0810, 0xCE5C, 0x9499,   // 0x2D40 (11584)
0x0810, 0x0810, 0x0810, 0x2932, 0x7B97, 0x7B97, 0x7B97, 0x7B97, 0x7B97, 0x7B97, 0x7B97, 0x9CB9, 0xDEDD, 0x0810, 0x0810, 0x0810,   // 0x2D50 (11600)
0x0810, 0xB59B, 0x62F5, 0x0810, 0x0810, 0x0810, 0x0810, 0xEF5E, 0xFFFF, 0xFFFF, 0x8418, 0x0810, 0x0810, 0x0810, 0x0810, 0xFFFF,   // 0x2D60 (11616)
0xFFFF, 0xFFFF, 0xF7BF, 0xA4F9, 0x5254, 0x1871, 0x0810, 0x0810, 0x0810, 0x0810, 0x18B1, 0xFFFF, 0xFFFF, 0xFF84, 0xFF82, 0xFF82,   // 0x2D70 (11632)
0xFF82, 0xFF82, 0xFF82, 0xFF82, 0xFF82, 0xFF82, 0xFF82, 0xFF82, 0xFF82, 0xFF82, 0xFF82, 0xFF82, 0xFF82, 0xFF82, 0xFF82, 0xAD85,   // 0x2D80 (11648)
0xADA5, 0xFF82, 0xFF82, 0xFF82, 0xFF82, 0xFF82, 0xFF82, 0xFF82, 0xFF82, 0xFF82, 0xFF82, 0xFF82, 0xFF82, 0xFF82, 0xFF82, 0xFF82,   // 0x2D90 (11664)
0xFF82, 0xFF82, 0xFF82, 0xFF83, 0xFFFE, 0xFFFF, 0x41F4, 0x0810, 0x0810, 0x0810, 0x0810, 0x0810, 0x0810, 0x0810, 0x0810, 0x0810,   // 0x2DA0 (11680)
0x0810, 0x0810, 0x0810, 0x1891, 0xFFBF, 0xEF5E, 0x0810, 0x0810, 0x0810, 0x0810, 0xA51A, 0xE71E, 0x0810, 0x0810, 0x0810, 0x0810,   // 0x2DB0 (11696)
0xE73E, 0xFFFF, 0xF7BF, 0x0810, 0x0810, 0x0810, 0x0810, 0xD69D, 0xFFFF, 0xFFFF, 0x1050, 0x0810, 0x0810, 0x0810, 0xCE5C, 0xDEFD,   // 0x2DC0 (11712)
0x0810, 0x0810, 0x0810, 0x1050, 0xC63C, 0xFFFF, 0xFFFF, 0x83F7, 0x5AB5, 0x5AB5, 0x5AB5, 0xC61C, 0xDEDD, 0x0810, 0x0810, 0x0810,   // 0x2DD0 (11728)
0x0810, 0xB59B, 0x9CB9, 0x0810, 0x0810, 0x0810, 0x0810, 0x7376, 0xF79F, 0xD6BD, 0x20F1, 0x0810, 0x0810, 0x0810, 0x0810, 0xFFFF,   // 0x2DE0 (11744)
0xFFFF, 0x8C58, 0x9CB9, 0xF77E, 0xFFFF, 0xFFDF, 0x7BD7, 0x0810, 0x0810, 0x0810, 0x0810, 0xF79F, 0xFFFF, 0xFFA7, 0xFF82, 0xFF82,   // 0x2DF0 (11760)
0xFF82, 0xFF82, 0xFF82, 0xFF82, 0xFF82, 0xFF82, 0xFF82, 0xFF82, 0xFF82, 0xFF82, 0xFF82, 0xFF82, 0xFF82, 0xFF82, 0xFF82, 0xAD85,   // 0x2E00 (11776)
0xADA5, 0xFF82, 0xFF82, 0xFF82, 0xFF82, 0xFF82, 0xFF82, 0xFF82, 0xFF82, 0xFF82, 0xFF82, 0xFF82, 0xFF82, 0xFF82, 0xFF82, 0xFF82,   // 0x2E10 (11792)
0xFF82, 0xFF82, 0xFF82, 0xFFAD, 0xFFFF, 0xDEDD, 0x0810, 0x0810, 0x0810, 0x0810, 0x3152, 0x41F4, 0x41F4, 0x41F4, 0x41F4, 0x39B3,   // 0x2E20 (11808)
0x0810, 0x0810, 0x0810, 0x0810, 0xAD3A, 0xEF5E, 0x0810, 0x0810, 0x0810, 0x0810, 0xA51A, 0xE71E, 0x0810, 0x0810, 0x0810, 0x0810,   // 0x2E30 (11824)
0xE73E, 0xFFFF, 0xF7BF, 0x0810, 0x0810, 0x0810, 0x0810, 0xD69D, 0xFFFF, 0xFFFF, 0x1050, 0x0810, 0x0810, 0x0810, 0xCE5C, 0xFFFF,   // 0x2E40 (11840)
0x6B36, 0x0810, 0x0810, 0x0810, 0x0810, 0x3172, 0x2912, 0x0810, 0x0810, 0x0810, 0x3173, 0xFFDF, 0xDEDD, 0x0810, 0x0810, 0x0810,   // 0x2E50 (11856)
0x0810, 0xB59B, 0xEF7E, 0x1070, 0x0810, 0x0810, 0x0810, 0x0810, 0x0810, 0x0810, 0x0810, 0x0810, 0x0810, 0x0810, 0x0810, 0xFFFF,   // 0x2E60 (11872)
0xCE7C, 0x0810, 0x0810, 0x0810, 0x3152, 0x41F3, 0x20F1, 0x0810, 0x0810, 0x0810, 0x1050, 0xFFDF, 0xFFFF, 0xFFA5, 0xFF82, 0xFF82,   // 0x2E70 (11888)
0xFF82, 0xFF82, 0xFF82, 0xFF82, 0xFF82, 0xFF82, 0xFF82, 0xFF82, 0xFF82, 0xFF82, 0xFF82, 0xFF82, 0xFF82, 0xFF82, 0xFF82, 0xAD85,   // 0x2E80 (11904)
0xADA5, 0xFF82, 0xFF82, 0xFF82, 0xFF82, 0xFF82, 0xFF82, 0xFF82, 0xFF82, 0xFF82, 0xFF82, 0xFF82, 0xFF82, 0xFF82, 0xFF82, 0xFF82,   // 0x2E90 (11920)
0xFF82, 0xFF82, 0xFF82, 0xFFD7, 0xFFFF, 0x7BD7, 0x0810, 0x0810, 0x0810, 0x0810, 0xDEDD, 0xFFFF, 0xFFFF, 0xFFFF, 0xFFFF, 0xFFDF,   // 0x2EA0 (11936)
0x20B1, 0x0810, 0x0810, 0x0810, 0x4A34, 0xEF5E, 0x0810, 0x0810, 0x0810, 0x0810, 0xA51A, 0xE71E, 0x0810, 0x0810, 0x0810, 0x0810,   // 0x2EB0 (11952)
0xE73E, 0xFFFF, 0xF7BF, 0x0810, 0x0810, 0x0810, 0x0810, 0xD69D, 0xFFFF, 0xFFFF, 0x1050, 0x0810, 0x0810, 0x0810, 0xCE5C, 0xFFFF,   // 0x2EC0 (11968)
0xF7BF, 0x39B3, 0x0810, 0x0810, 0x0810, 0x0810, 0x0810, 0x0810, 0x0810, 0x20D1, 0xDEFD, 0xFFFF, 0xDEDD, 0x0810, 0x0810, 0x0810,   // 0x2ED0 (11984)
0x0810, 0xB59B, 0xFFFF, 0xA51A, 0x0810, 0x0810, 0x0810, 0x0810, 0x0810, 0x0810, 0x0810, 0x0810, 0x0810, 0x0810, 0x0810, 0xFFFF,   // 0x2EE0 (12000)
0x41D3, 0x0810, 0x0810, 0x0810, 0x0810, 0x0810, 0x0810, 0x0810, 0x0810, 0x0810, 0x6B56, 0xFFFF, 0xFFFD, 0xFF82, 0xFF82, 0xFF82,   // 0x2EF0 (12016)
0xFF82, 0xFF82, 0xFF82, 0xFF82, 0xFF82, 0xFF82, 0xFF82, 0xFF82, 0xFF82, 0xFF82, 0xFF82, 0xFF82, 0xFF82, 0xFF82, 0xFF82, 0xAD85,   // 0x2F00 (12032)
0xADA5, 0xFF82, 0xFF82, 0xFF82, 0xFF82, 0xFF82, 0xFF82, 0xFF82, 0xFF82, 0xFF82, 0xFF82, 0xFF82, 0xFF82, 0xFF82, 0xFF82, 0xFF82,   // 0x2F10 (12048)
0xFF82, 0xFF82, 0xFF84, 0xFFFF, 0xFFDF, 0x20D1, 0x0810, 0x0810, 0x0810, 0x39B3, 0xFFFF, 0xFFFF, 0xFFFF, 0xFFFF, 0xFFFF, 0xFFFF,   // 0x2F20 (12064)
0x7376, 0x0810, 0x0810, 0x0810, 0x0810, 0xCE7C, 0x0810, 0x0810, 0x0810, 0x0810, 0xA51A, 0xE71E, 0x0810, 0x0810, 0x0810, 0x0810,   // 0x2F30 (12080)
0xE73E, 0xFFFF, 0xF7BF, 0x0810, 0x0810, 0x0810, 0x0810, 0xD69D, 0xFFFF, 0xFFFF, 0x1050, 0x0810, 0x0810, 0x0810, 0xCE5C, 0xFFFF,   // 0x2F40 (12096)
0xFFFF, 0xF79F, 0x6B56, 0x1030, 0x0810, 0x0810, 0x0810, 0x0810, 0x5254, 0xE71E, 0xFFFF, 0xFFFF, 0xDEDD, 0x0810, 0x0810, 0x0810,   // 0x2F50 (12112)
0x0810, 0xB59B, 0xFFFF, 0xFFFF, 0xAD3A, 0x18B1, 0x0810, 0x0810, 0x0810, 0x2912, 0x5274, 0x0810, 0x0810, 0x0810, 0x0810, 0xFFFF,   // 0x2F60 (12128)
0xDEDD, 0x5AD5, 0x0830, 0x0810, 0x0810, 0x0810, 0x0810, 0x0810, 0x0810, 0x5A95, 0xF7BF, 0xFFFF, 0xFFD0, 0xFF82, 0xFF82, 0xFF82,   // 0x2F70 (12144)
0xFF82, 0xFF82, 0xFF82, 0xFF82, 0xFF82, 0xFF82, 0xFF82, 0xFF82, 0xFF82, 0xFF82, 0xFF82, 0xFF82, 0xFF82, 0xFF82, 0xFF82, 0xAD85,   // 0x2F80 (12160)
0xADA5, 0xFF82, 0xFF82, 0xFF82, 0xFF82, 0xFF82, 0xFF82, 0xFF82, 0xFF82, 0xFF82, 0xFF82, 0xFF82, 0xFF82, 0xFF82, 0xFF82, 0xFF82,   // 0x2F90 (12176)
0xFF82, 0xFF82, 0xFFA7, 0xFFFF, 0xFFFF, 0xF79F, 0xF79F, 0xF79F, 0xF79F, 0xFFBF, 0xFFFF, 0xFFFF, 0xFFFF, 0xFFFF, 0xFFFF, 0xFFFF,   // 0x2FA0 (12192)
0xFFDF, 0xF79F, 0xF79F, 0xF79F, 0xF79F, 0xFFDF, 0xF79F, 0xF79F, 0xF79F, 0xF79F, 0xFFDF, 0xFFFF, 0xF79F, 0xF79F, 0xF79F, 0xF79F,   // 0x2FB0 (12208)
0xFFFF, 0xFFFF, 0xFFFF, 0xF79F, 0xF79F, 0xF79F, 0xF79F, 0xFFFF, 0xFFFF, 0xFFFF, 0xF79F, 0xF79F, 0xF79F, 0xF79F, 0xFFDF, 0xFFFF,   // 0x2FC0 (12224)
0xFFFF, 0xFFFF, 0xFFFF, 0xF79F, 0xBDDB, 0xA4F9, 0xAD3A, 0xDEDD, 0xFFFF, 0xFFFF, 0xFFFF, 0xFFFF, 0xFFFF, 0xF79F, 0xF79F, 0xF79F,   // 0x2FD0 (12240)
0xF79F, 0xFFDF, 0xFFFF, 0xFFFF, 0xFFFF, 0xFFDF, 0xC61C, 0xAD5A, 0xC63C, 0xFFDF, 0xFFDF, 0xF79F, 0xF79F, 0xF79F, 0xF79F, 0xFFFF,   // 0x2FE0 (12256)
0xFFFF, 0xFFFF, 0xEF5E, 0xAD5A, 0x83D7, 0x6B56, 0x6B36, 0x8418, 0xCE5C, 0xFFFF, 0xFFFF, 0xFFF8, 0xFF83, 0xFF82, 0xFF82, 0xFF82,   // 0x2FF0 (12272)
0xFF82, 0xFF82, 0xFF82, 0xFF82, 0xFF82, 0xFF82, 0xFF82, 0xFF82, 0xFF82, 0xFF82, 0xFF82, 0xFF82, 0xFF82, 0xFF82, 0xFF82, 0xAD85,   // 0x3000 (12288)
0xADA5, 0xFF82, 0xFF82, 0xFF82, 0xFF82, 0xFF82, 0xFF82, 0xFF82, 0xFF82, 0xFF82, 0xFF82, 0xFF82, 0xFF82, 0xFF82, 0xFF82, 0xFF82,   // 0x3010 (12304)
0xFF82, 0xFF82, 0xFF82, 0xFFD5, 0xFFFF, 0xFFFF, 0xFFFF, 0xFFFF, 0xFFFF, 0xFFFF, 0xFFFF, 0xFFFF, 0xFFFF, 0xFFFF, 0xFFFF, 0xFFFF,   // 0x3020 (12320)
0xFFFF, 0xFFFF, 0xFFFF, 0xFFFF, 0xFFFF, 0xFFFF, 0xFFFF, 0xFFFF, 0xFFFF, 0xFFFF, 0xFFFF, 0xFFFF, 0xFFFF, 0xFFFF, 0xFFFF, 0xFFFF,   // 0x3030 (12336)
0xFFFF, 0xFFFF, 0xFFFF, 0xFFFF, 0xFFFF, 0xFFFF, 0xFFFF, 0xFFFF, 0xFFFF, 0xFFFF, 0xFFFF, 0xFFFF, 0xFFFF, 0xFFFF, 0xFFFF, 0xFFFF,   // 0x3040 (12352)
0xFFFF, 0xFFFF, 0xFFFF, 0xFFFF, 0xFFFF, 0xFFFF, 0xFFFF, 0xFFFF, 0xFFFF, 0xFFFF, 0xFFFF, 0xFFFF, 0xFFFF, 0xFFFF, 0xFFFF, 0xFFFF,   // 0x3050 (12368)
0xFFFF, 0xFFFF, 0xFFFF, 0xFFFF, 0xFFFF, 0xFFFF, 0xFFFF, 0xFFFF, 0xFFFF, 0xFFFF, 0xFFFF, 0xFFFF, 0xFFFF, 0xFFFF, 0xFFFF, 0xFFFF,   // 0x3060 (12384)
0xFFFF, 0xFFFF, 0xFFFF, 0xFFFF, 0xFFFF, 0xFFFF, 0xFFFF, 0xFFFF, 0xFFFF, 0xFFFF, 0xFFD2, 0xFF83, 0xFF82, 0xFF82, 0xFF82, 0xFF82,   // 0x3070 (12400)
0xFF82, 0xFF82, 0xFF82, 0xFF82, 0xFF82, 0xFF82, 0xFF82, 0xFF82, 0xFF82, 0xFF82, 0xFF82, 0xFF82, 0xFF82, 0xFF82, 0xFF82, 0xAD85,   // 0x3080 (12416)
0xADA5, 0xFF82, 0xFF82, 0xFF82, 0xFF82, 0xFF82, 0xFF82, 0xFF82, 0xFF82, 0xFF82, 0xFF82, 0xFF82, 0xFF82, 0xFF82, 0xFF82, 0xFF82,   // 0x3090 (12432)
0xFF82, 0xFF82, 0xFF82, 0xFF82, 0xFF83, 0xFF83, 0xFF82, 0xFF82, 0xFF82, 0xFF82, 0xFF82, 0xFF82, 0xFF82, 0xFF82, 0xFF82, 0xFF82,   // 0x30A0 (12448)
0xFF83, 0xFF84, 0xFFA6, 0xFFD2, 0xFFFF, 0xFFFF, 0xFFFF, 0xFFFF, 0xFFDF, 0xD6BD, 0xDEBD, 0xFFDF, 0xFFFF, 0xFFFF, 0xFFFF, 0xFFFF,   // 0x30B0 (12464)
0xFFFF, 0xFFFF, 0xFFFF, 0xFFFF, 0xF79F, 0xE73E, 0xFFBF, 0xFFFF, 0xFFFF, 0xFFFF, 0xFFFF, 0xFFFF, 0xFFFF, 0xF79F, 0xEF5E, 0xEF5E,   // 0x30C0 (12480)
0xF7BF, 0xFFFF, 0xF79F, 0xEF5E, 0xEF5E, 0xF7BF, 0xFFFF, 0xFFFF, 0xFFFF, 0xFFFF, 0xEF5E, 0xE73E, 0xE73E, 0xE73E, 0xE73E, 0xFFFF,   // 0x30D0 (12496)
0xFFFF, 0xFFFF, 0xFFFF, 0xFFFF, 0xFFFF, 0xE71E, 0xC61C, 0xE71E, 0xFFFF, 0xFFFF, 0xFFFF, 0xFFFF, 0xFFFE, 0xFFF9, 0xFFD5, 0xFFD3,   // 0x30E0 (12512)
0xFFD2, 0xFFD2, 0xFFD3, 0xFFD3, 0xFFD4, 0xFFD4, 0xFFD4, 0xFFD2, 0xFFAD, 0xFF84, 0xFF82, 0xFF82, 0xFF82, 0xFF82, 0xFF82, 0xFF82,   // 0x30F0 (12528)
0xFF82, 0xFF82, 0xFF82, 0xFF82, 0xFF82, 0xFF82, 0xFF82, 0xFF82, 0xFF82, 0xFF82, 0xFF82, 0xFF82, 0xFF82, 0xFF82, 0xFF82, 0xAD85,   // 0x3100 (12544)
0xADA5, 0xFF82, 0xFF82, 0xFF82, 0xFF82, 0xFF82, 0xFF82, 0xFF82, 0xFF82, 0xFF82, 0xFF82, 0xFF82, 0xFF82, 0xFF82, 0xFF82, 0xFF82,   // 0x3110 (12560)
0xFF82, 0xFF82, 0xFF82, 0xFF82, 0xFF82, 0xFF82, 0xFF82, 0xFF82, 0xFF82, 0xFF82, 0xFF82, 0xFF82, 0xFF82, 0xFF82, 0xFF82, 0xFF82,   // 0x3120 (12576)
0xFF82, 0xFF82, 0xFF82, 0xFF82, 0xFFF9, 0xFFFF, 0xFFFF, 0xCE5C, 0x2912, 0x0810, 0x0810, 0x1891, 0xAD3A, 0xFFFF, 0xFFFF, 0xFFFF,   // 0x3130 (12592)
0xFFFF, 0xFFFF, 0xFFFF, 0xFFFF, 0x4A34, 0x0810, 0x7BD7, 0xFFFF, 0xFFFF, 0xFFFF, 0xFFFF, 0xFFFF, 0xFFFF, 0x7376, 0x0810, 0x0810,   // 0x3140 (12608)
0x7376, 0xFFFF, 0x4A34, 0x0810, 0x0810, 0x9CB9, 0xFFFF, 0xFFFF, 0xFFFF, 0xFFFF, 0x3993, 0x0810, 0x0810, 0x0810, 0x0810, 0xE73E,   // 0x3150 (12624)
0xFFFF, 0xFFFF, 0xFFFF, 0xFFDF, 0x5AB5, 0x0810, 0x0810, 0x0810, 0x7BB7, 0xFFFF, 0xFFFF, 0xFFFC, 0xFFA5, 0xFF82, 0xFF82, 0xFF82,   // 0x3160 (12640)
0xFF82, 0xFF82, 0xFF82, 0xFF82, 0xFF82, 0xFF82, 0xFF82, 0xFF82, 0xFF82, 0xFF82, 0xFF82, 0xFF82, 0xFF82, 0xFF82, 0xFF82, 0xFF82,   // 0x3170 (12656)
0xFF82, 0xFF82, 0xFF82, 0xFF82, 0xFF82, 0xFF82, 0xFF82, 0xFF82, 0xFF82, 0xFF82, 0xFF82, 0xFF82, 0xFF82, 0xFF82, 0xFF82, 0xAD85,   // 0x3180 (12672)
0xADA5, 0xFF82, 0xFF82, 0xFF82, 0xFF82, 0xFF82, 0xFF82, 0xFF82, 0xFF82, 0xFF82, 0xFF82, 0xFF82, 0xFF82, 0xFF82, 0xFF82, 0xFF82,   // 0x3190 (12688)
0xFF82, 0xFF82, 0xFF82, 0xFF82, 0xFF82, 0xFF82, 0xFF82, 0xFF82, 0xFF82, 0xFF82, 0xFF82, 0xFF82, 0xFF82, 0xFF82, 0xFF82, 0xFF82,   // 0x31A0 (12704)
0xFF82, 0xFF82, 0xFF82, 0xFF82, 0xFFD2, 0xFFFF, 0xF79F, 0x20D1, 0x0810, 0x5274, 0x7397, 0x2912, 0xC5FB, 0xFFFF, 0xFFFF, 0xFFFF,   // 0x31B0 (12720)
0xFFFF, 0xFFFF, 0xFFFF, 0xDEFD, 0x0810, 0x0810, 0x20B1, 0xFFDF, 0xFFFF, 0xFFFF, 0xFFFF, 0xFFFF, 0xFFFF, 0x7376, 0x0810, 0x0810,   // 0x31C0 (12736)
0x3172, 0xFFDF, 0x1070, 0x0810, 0x0810, 0x9CB9, 0xFFFF, 0xFFFF, 0xFFFF, 0xFFFF, 0x3993, 0x0810, 0x7376, 0x7BB7, 0x7BB7, 0xF79F,   // 0x31D0 (12752)
0xFFFF, 0xFFFF, 0xFFFF, 0xB59B, 0x0810, 0x41D3, 0xA4F9, 0x39B3, 0x1070, 0xE71E, 0xFFFF, 0xFFD3, 0xFF82, 0xFF82, 0xFF82, 0xFF82,   // 0x31E0 (12768)
0xFF82, 0xFF82, 0xFF82, 0xFF82, 0xFF82, 0xFF82, 0xFF82, 0xFF82, 0xFF82, 0xFF82, 0xFF82, 0xFF82, 0xFF82, 0xFF82, 0xFF82, 0xFF82,   // 0x31F0 (12784)
0xFF82, 0xFF82, 0xFF82, 0xFF82, 0xFF82, 0xFF82, 0xFF82, 0xFF82, 0xFF82, 0xFF82, 0xFF82, 0xFF82, 0xFF82, 0xFF82, 0xFF82, 0xAD85,   // 0x3200 (12800)
0xADA5, 0xFF82, 0xFF82, 0xFF82, 0xFF82, 0xFF82, 0xFF82, 0xFF82, 0xFF82, 0xFF82, 0xFF82, 0xFF82, 0xFF82, 0xFF82, 0xFF82, 0xFF82,   // 0x3210 (12816)
0xFF82, 0xFF82, 0xFF82, 0xFF82, 0xFF82, 0xFF82, 0xFF82, 0xFF82, 0xFF82, 0xFF82, 0xFF82, 0xFF82, 0xFF82, 0xFF82, 0xFF82, 0xFF82,   // 0x3220 (12832)
0xFF82, 0xFF82, 0xFF82, 0xFF82, 0xFFD1, 0xFFFF, 0xA51A, 0x0810, 0x5295, 0xFFFF, 0xCE7C, 0xCE3C, 0xCE5C, 0xEF5E, 0xFFFF, 0xFFFF,   // 0x3230 (12848)
0xFFFF, 0xFFFF, 0xFFFF, 0x7BD7, 0x0810, 0x18B1, 0x0810, 0xAD5A, 0xFFFF, 0xFFFF, 0xFFFF, 0xFFFF, 0xFFFF, 0x7376, 0x0810, 0x1070,   // 0x3240 (12864)
0x0810, 0xBDDB, 0x0810, 0x1070, 0x0810, 0x9CB9, 0xFFFF, 0xFFFF, 0xFFFF, 0xFFFF, 0x3993, 0x0810, 0x8C38, 0x9499, 0xA51A, 0xFFFF,   // 0x3250 (12880)
0xFFFF, 0xFFFF, 0xFFFF, 0xBDBB, 0x0810, 0x1891, 0x7356, 0xB59B, 0xFFDF, 0xFFFF, 0xFFFF, 0xFFD1, 0xFF82, 0xFF82, 0xFF82, 0xFF82,   // 0x3260 (12896)
0xFF82, 0xFF82, 0xFF82, 0xFF82, 0xFF82, 0xFF82, 0xFF82, 0xFF82, 0xFF82, 0xFF82, 0xFF82, 0xFF82, 0xFF82, 0xFF82, 0xFF82, 0xFF82,   // 0x3270 (12912)
0xFF82, 0xFF82, 0xFF82, 0xFF82, 0xFF82, 0xFF82, 0xFF82, 0xFF82, 0xFF82, 0xFF82, 0xFF82, 0xFF82, 0xFF82, 0xFF82, 0xFF82, 0xAD85,   // 0x3280 (12928)
0xADA5, 0xFF82, 0xFF82, 0xFF82, 0xFF82, 0xFF82, 0xFF82, 0xFF82, 0xFF82, 0xFF82, 0xFF82, 0xFF82, 0xFF82, 0xFF82, 0xFF82, 0xFF82,   // 0x3290 (12944)
0xFF82, 0xFF82, 0xFF82, 0xFF82, 0xFF82, 0xFF82, 0xFF82, 0xFF82, 0xFF82, 0xFF82, 0xFF82, 0xFF82, 0xFF82, 0xFF82, 0xFF82, 0xFF82,   // 0x32A0 (12960)
0xFF82, 0xFF82, 0xFF82, 0xFF82, 0xFFD1, 0xFFFF, 0x8C38, 0x0810, 0x8C38, 0xFFFF, 0x1030, 0x0810, 0x0810, 0xA4F9, 0xFFFF, 0xFFFF,   // 0x32B0 (12976)
0xFFFF, 0xFFFF, 0xFFDF, 0x20D1, 0x0830, 0xB59B, 0x0810, 0x4A34, 0xFFFF, 0xFFFF, 0xFFFF, 0xFFFF, 0xFFFF, 0x7376, 0x0810, 0x5A95,   // 0x32C0 (12992)
0x0810, 0x4A14, 0x0810, 0x5274, 0x0810, 0x9CB9, 0xFFFF, 0xFFFF, 0xFFFF, 0xFFFF, 0x3993, 0x0810, 0x0810, 0x0810, 0x2932, 0xFFFF,   // 0x32D0 (13008)
0xFFFF, 0xFFFF, 0xFFFF, 0xFFFF, 0x83D7, 0x18B1, 0x0810, 0x0810, 0x3152, 0xEF5E, 0xFFFF, 0xFFD0, 0xFF82, 0xFF82, 0xFF82, 0xFF82,   // 0x32E0 (13024)
0xFF82, 0xFF82, 0xFF82, 0xFF82, 0xFF82, 0xFF82, 0xFF82, 0xFF82, 0xFF82, 0xFF82, 0xFF82, 0xFF82, 0xFF82, 0xFF82, 0xFF82, 0xFF82,   // 0x32F0 (13040)
0xFF82, 0xFF82, 0xFF82, 0xFF82, 0xFF82, 0xFF82, 0xFF82, 0xFF82, 0xFF82, 0xFF82, 0xFF82, 0xFF82, 0xFF82, 0xFF82, 0xFF82, 0xAD85,   // 0x3300 (13056)
0xADA5, 0xFF82, 0xFF82, 0xFF82, 0xFF82, 0xFF82, 0xFF82, 0xFF82, 0xFF82, 0xFF82, 0xFF82, 0xFF82, 0xFF82, 0xFF82, 0xFF82, 0xFF82,   // 0x3310 (13072)
0xFF82, 0xFF82, 0xFF82, 0xFF82, 0xFF82, 0xFF82, 0xFF82, 0xFF82, 0xFF82, 0xFF82, 0xFF82, 0xFF82, 0xFF82, 0xFF82, 0xFF82, 0xFF82,   // 0x3320 (13088)
0xFF82, 0xFF82, 0xFF82, 0xFF82, 0xFFAE, 0xFFFF, 0xB59B, 0x0810, 0x3993, 0xF7BF, 0xC63C, 0x5254, 0x0810, 0xA4F9, 0xFFFF, 0xFFFF,   // 0x3330 (13104)
0xFFFF, 0xFFFF, 0xB57A, 0x0810, 0x1070, 0x5A95, 0x0810, 0x0810, 0xDEFD, 0xFFFF, 0xFFFF, 0xFFFF, 0xFFFF, 0x7376, 0x0810, 0x9458,   // 0x3340 (13120)
0x1070, 0x0810, 0x2932, 0x7376, 0x0810, 0x9CB9, 0xFFFF, 0xFFFF, 0xFFFF, 0xFFFF, 0x3993, 0x0810, 0xE71E, 0xF79F, 0xF7BF, 0xFFFF,   // 0x3350 (13136)
0xFFFF, 0xFFFF, 0xFFFF, 0xD67C, 0x7BB7, 0xC61C, 0xD67C, 0x5274, 0x0810, 0x9CB9, 0xFFFF, 0xFFD0, 0xFF82, 0xFF82, 0xFF82, 0xFF82,   // 0x3360 (13152)
0xFF82, 0xFF82, 0xFF82, 0xFF82, 0xFF82, 0xFF82, 0xFF82, 0xFF82, 0xFF82, 0xFF82, 0xFF82, 0xFF82, 0xFF82, 0xFF82, 0xFF82, 0xFF82,   // 0x3370 (13168)
0xFF82, 0xFF82, 0xFF82, 0xFF82, 0xFF82, 0xFF82, 0xFF82, 0xFF82, 0xFF82, 0xFF82, 0xFF82, 0xFF82, 0xFF82, 0xFF82, 0xFF82, 0xAD85,   // 0x3380 (13184)
0xADA5, 0xFF82, 0xFF82, 0xFF82, 0xFF82, 0xFF82, 0xFF82, 0xFF82, 0xFF82, 0xFF82, 0xFF82, 0xFF82, 0xFF82, 0xFF82, 0xFF82, 0xFF82,   // 0x3390 (13200)
0xFF82, 0xFF82, 0xFF82, 0xFF82, 0xFF82, 0xFF82, 0xFF82, 0xFF82, 0xFF82, 0xFF82, 0xFF82, 0xFF82, 0xFF82, 0xFF82, 0xFF82, 0xFF82,   // 0x33A0 (13216)
0xFF82, 0xFF82, 0xFF82, 0xFF82, 0xFFA6, 0xFFFF, 0xFFDF, 0x3993, 0x0810, 0x20D1, 0x41F4, 0x1050, 0x0810, 0xA4F9, 0xFFFF, 0xFFFF,   // 0x33B0 (13232)
0xFFFF, 0xFFFF, 0x4A34, 0x0810, 0x3152, 0x3993, 0x2912, 0x0810, 0x7BB7, 0xFFFF, 0xFFFF, 0xFFFF, 0xFFFF, 0x7376, 0x0810, 0x9499,   // 0x33C0 (13248)
0x5274, 0x0810, 0x7376, 0x7376, 0x0810, 0x9CB9, 0xFFFF, 0xFFFF, 0xFFFF, 0xFFFF, 0x3993, 0x0810, 0x2912, 0x2912, 0x2912, 0xEF3E,   // 0x33D0 (13264)
0xFFFF, 0xFFFF, 0xFFFF, 0xDEBD, 0x0830, 0x1070, 0x4214, 0x1891, 0x0810, 0xBDDB, 0xFFFF, 0xFFAD, 0xFF82, 0xFF82, 0xFF82, 0xFF82,   // 0x33E0 (13280)
0xFF82, 0xFF82, 0xFF82, 0xFF82, 0xFF82, 0xFF82, 0xFF82, 0xFF82, 0xFF82, 0xFF82, 0xFF82, 0xFF82, 0xFF82, 0xFF82, 0xFF82, 0xFF82,   // 0x33F0 (13296)
0xFF82, 0xFF82, 0xFF82, 0xFF82, 0xFF82, 0xFF82, 0xFF82, 0xFF82, 0xFF82, 0xFF82, 0xFF82, 0xFF82, 0xFF82, 0xFF82, 0xFF82, 0xAD85,   // 0x3400 (13312)
0xADA5, 0xFF82, 0xFF82, 0xFF82, 0xFF82, 0xFF82, 0xFF82, 0xFF82, 0xFF82, 0xFF82, 0xFF82, 0xFF82, 0xFF82, 0xFF82, 0xFF82, 0xFF82,   // 0x3410 (13328)
0xFF82, 0xFF82, 0xFF82, 0xFF82, 0xFF82, 0xFF82, 0xFF82, 0xFF82, 0xFF82, 0xFF82, 0xFF82, 0xFF82, 0xFF82, 0xFF82, 0xFF82, 0xFF82,   // 0x3420 (13344)
0xFF82, 0xFF82, 0xFF82, 0xFF82, 0xFF82, 0xFFD6, 0xFFFF, 0xEF3E, 0x5AB5, 0x1070, 0x18B1, 0x4A14, 0x3173, 0xB59B, 0xFFFF, 0xFFFF,   // 0x3430 (13360)
0xFFFF, 0xEF7E, 0x41D3, 0x41F3, 0xFFBF, 0xFFFF, 0xDEDD, 0x39B3, 0x5274, 0xFFFF, 0xFFFF, 0xFFFF, 0xFFFF, 0x9478, 0x39B3, 0xAD5A,   // 0x3440 (13376)
0xA51A, 0x39B3, 0xC5FB, 0x9478, 0x39B3, 0xAD5A, 0xFFFF, 0xFFFF, 0xFFFF, 0xFFFF, 0x62F5, 0x39B3, 0x39B3, 0x39B3, 0x39B3, 0xEF5E,   // 0x3450 (13392)
0xFFFF, 0xFFFF, 0xFFFF, 0xFFFF, 0xBDDB, 0x41D3, 0x1891, 0x3152, 0x9CD9, 0xFFFF, 0xFFFF, 0xFFA6, 0xFF82, 0xFF82, 0xFF82, 0xFF82,   // 0x3460 (13408)
0xFF82, 0xFF82, 0xFF82, 0xFF82, 0xFF82, 0xFF82, 0xFF82, 0xFF82, 0xFF82, 0xFF82, 0xFF82, 0xFF82, 0xFF82, 0xFF82, 0xFF82, 0xFF82,   // 0x3470 (13424)
0xFF82, 0xFF82, 0xFF82, 0xFF82, 0xFF82, 0xFF82, 0xFF82, 0xFF82, 0xFF82, 0xFF82, 0xFF82, 0xFF82, 0xFF82, 0xFF82, 0xFF82, 0xAD85,   // 0x3480 (13440)
0xADA5, 0xFF82, 0xFF82, 0xFF82, 0xFF82, 0xFF82, 0xFF82, 0xFF82, 0xFF82, 0xFF82, 0xFF82, 0xFF82, 0xFF82, 0xFF82, 0xFF82, 0xFF82,   // 0x3490 (13456)
0xFF82, 0xFF82, 0xFF82, 0xFF82, 0xFF82, 0xFF82, 0xFF82, 0xFF82, 0xFF82, 0xFF82, 0xFF82, 0xFF82, 0xFF82, 0xFF82, 0xFF82, 0xFF82,   // 0x34A0 (13472)
0xFF82, 0xFF82, 0xFF82, 0xFF82, 0xFF82, 0xFF84, 0xFFFA, 0xFFFF, 0xFFFF, 0xFFFF, 0xFFFF, 0xFFFF, 0xFFFF, 0xFFFF, 0xFFFF, 0xFFFF,   // 0x34B0 (13488)
0xFFFF, 0xFFFF, 0xFFFF, 0xFFFF, 0xFFFF, 0xFFFF, 0xFFFF, 0xFFFF, 0xFFFF, 0xFFFF, 0xFFFF, 0xFFFF, 0xFFFF, 0xFFFF, 0xFFFF, 0xFFFF,   // 0x34C0 (13504)
0xFFFF, 0xFFFF, 0xFFFF, 0xFFFF, 0xFFFF, 0xFFFF, 0xFFFF, 0xFFFF, 0xFFFF, 0xFFFF, 0xFFFF, 0xFFFF, 0xFFFF, 0xFFFF, 0xFFFF, 0xFFFF,   // 0x34D0 (13520)
0xFFFF, 0xFFFF, 0xFFFF, 0xFFFF, 0xFFFF, 0xFFFF, 0xFFFF, 0xFFFF, 0xFFFF, 0xFFFF, 0xFFD1, 0xFF82, 0xFF82, 0xFF82, 0xFF82, 0xFF82,   // 0x34E0 (13536)
0xFF82, 0xFF82, 0xFF82, 0xFF82, 0xFF82, 0xFF82, 0xFF82, 0xFF82, 0xFF82, 0xFF82, 0xFF82, 0xFF82, 0xFF82, 0xFF82, 0xFF82, 0xFF82,   // 0x34F0 (13552)
0xFF82, 0xFF82, 0xFF82, 0xFF82, 0xFF82, 0xFF82, 0xFF82, 0xFF82, 0xFF82, 0xFF82, 0xFF82, 0xFF82, 0xFF82, 0xFF82, 0xFF82, 0xAD85,   // 0x3500 (13568)
0xADA5, 0xFF82, 0xFF82, 0xFF82, 0xFF82, 0xFF82, 0xFF82, 0xFF82, 0xFF82, 0xFF82, 0xFF82, 0xFF82, 0xFF82, 0xFF82, 0xFF82, 0xFF82,   // 0x3510 (13584)
0xFF82, 0xFF82, 0xFF82, 0xFF82, 0xFF82, 0xFF82, 0xFF82, 0xFF82, 0xFF82, 0xFF82, 0xFF82, 0xFF82, 0xFF82, 0xFF82, 0xFF82, 0xFF82,   // 0x3520 (13600)
0xFF82, 0xFF82, 0xFF82, 0xFF82, 0xFF82, 0xFF82, 0xFF83, 0xFFD1, 0xFFFC, 0xFFFF, 0xFFFF, 0xFFFF, 0xFFFF, 0xFFFF, 0xFFFF, 0xFFFF,   // 0x3530 (13616)
0xFFFF, 0xFFFF, 0xFFFF, 0xFFFF, 0xFFFF, 0xFFFF, 0xFFFF, 0xFFFF, 0xFFFF, 0xFFFF, 0xFFFF, 0xFFFF, 0xFFFF, 0xFFFF, 0xFFFF, 0xFFFF,   // 0x3540 (13632)
0xFFFF, 0xFFFF, 0xFFFF, 0xFFFF, 0xFFFF, 0xFFFE, 0xFFFE, 0xFFFD, 0xFFFD, 0xFFFD, 0xFFFE, 0xFFFE, 0xFFFE, 0xFFFE, 0xFFFE, 0xFFFE,   // 0x3550 (13648)
0xFFFE, 0xFFFF, 0xFFFF, 0xFFFF, 0xFFFF, 0xFFFF, 0xFFFF, 0xFFFC, 0xFFD7, 0xFFAB, 0xFF82, 0xFF82, 0xFF82, 0xFF82, 0xFF82, 0xFF82,   // 0x3560 (13664)
0xFF82, 0xFF82, 0xFF82, 0xFF82, 0xFF82, 0xFF82, 0xFF82, 0xFF82, 0xFF82, 0xFF82, 0xFF82, 0xFF82, 0xFF82, 0xFF82, 0xFF82, 0xFF82,   // 0x3570 (13680)
0xFF82, 0xFF82, 0xFF82, 0xFF82, 0xFF82, 0xFF82, 0xFF82, 0xFF82, 0xFF82, 0xFF82, 0xFF82, 0xFF82, 0xFF82, 0xFF82, 0xFF82, 0xAD85,   // 0x3580 (13696)
0xADA5, 0xFF82, 0xFF82, 0xFF82, 0xFF82, 0xFF82, 0xFF82, 0xFF82, 0xFF82, 0xFF82, 0xFF82, 0xFF82, 0xFF82, 0xFF82, 0xFF82, 0xFF82,   // 0x3590 (13712)
0xFF82, 0xFF82, 0xFF82, 0xFF82, 0xFF82, 0xFF82, 0xFF82, 0xFF82, 0xFF82, 0xFF82, 0xFF82, 0xFF82, 0xFF82, 0xFF82, 0xFF82, 0xFF82,   // 0x35A0 (13728)
0xFF82, 0xFF82, 0xFF82, 0xFF82, 0xFF82, 0xFF82, 0xFF82, 0xFF82, 0xFF82, 0xFF83, 0xFF84, 0xFF84, 0xFF84, 0xFF84, 0xFF84, 0xFF84,   // 0x35B0 (13744)
0xFF84, 0xFF84, 0xFF84, 0xFF84, 0xFF84, 0xFF84, 0xFF84, 0xFF84, 0xFF84, 0xFF84, 0xFF84, 0xFF84, 0xFF84, 0xFF84, 0xFF84, 0xFF84,   // 0x35C0 (13760)
0xFF84, 0xFF84, 0xFF84, 0xFF83, 0xFF82, 0xFF82, 0xFF82, 0xFF82, 0xFF82, 0xFF82, 0xFF82, 0xFF82, 0xFF82, 0xFF82, 0xFF82, 0xFF82,   // 0x35D0 (13776)
0xFF82, 0xFF82, 0xFF82, 0xFF82, 0xFF82, 0xFF82, 0xFF82, 0xFF82, 0xFF82, 0xFF82, 0xFF82, 0xFF82, 0xFF82, 0xFF82, 0xFF82, 0xFF82,   // 0x35E0 (13792)
0xFF82, 0xFF82, 0xFF82, 0xFF82, 0xFF82, 0xFF82, 0xFF82, 0xFF82, 0xFF82, 0xFF82, 0xFF82, 0xFF82, 0xFF82, 0xFF82, 0xFF82, 0xFF82,   // 0x35F0 (13808)
0xFF82, 0xFF82, 0xFF82, 0xFF82, 0xFF82, 0xFF82, 0xFF82, 0xFF82, 0xFF82, 0xFF82, 0xFF82, 0xFF82, 0xFF82, 0xFF82, 0xFF82, 0xAD85,   // 0x3600 (13824)
0xADA5, 0xFF82, 0xFF82, 0xFF82, 0xFF82, 0xFF82, 0xFF82, 0xFF82, 0xFF82, 0xFF82, 0xFF82, 0xFF82, 0xFF82, 0xFF82, 0xFF82, 0xFF82,   // 0x3610 (13840)
0xFF82, 0xFF82, 0xFF82, 0xFF82, 0xFF82, 0xFF82, 0xFF82, 0xFF82, 0xFF82, 0xFF82, 0xFF82, 0xFF82, 0xFF82, 0xFF82, 0xFF82, 0xFF82,   // 0x3620 (13856)
0xFF82, 0xFF82, 0xFF82, 0xFF82, 0xFF82, 0xFF82, 0xFF82, 0xFF82, 0xFF82, 0xFF82, 0xFF82, 0xFF82, 0xFF82, 0xFF82, 0xFF82, 0xFF82,   // 0x3630 (13872)
0xFF82, 0xFF82, 0xFF82, 0xFF82, 0xFF82, 0xFF82, 0xFF82, 0xFF82, 0xFF82, 0xFF82, 0xFF82, 0xFF82, 0xFF82, 0xFF82, 0xFF82, 0xFF82,   // 0x3640 (13888)
0xFF82, 0xFF82, 0xFF82, 0xFF82, 0xFF82, 0xFF82, 0xFF82, 0xFF82, 0xFF82, 0xFF82, 0xFF82, 0xFF82, 0xFF82, 0xFF82, 0xFF82, 0xFF82,   // 0x3650 (13904)
0xFF82, 0xFF82, 0xFF82, 0xFF82, 0xFF82, 0xFF82, 0xFF82, 0xFF82, 0xFF82, 0xFF82, 0xFF82, 0xFF82, 0xFF82, 0xFF82, 0xFF82, 0xFF82,   // 0x3660 (13920)
0xFF82, 0xFF82, 0xFF82, 0xFF82, 0xFF82, 0xFF82, 0xFF82, 0xFF82, 0xFF82, 0xFF82, 0xFF82, 0xFF82, 0xFF82, 0xFF82, 0xFF82, 0xFF82,   // 0x3670 (13936)
0xFF82, 0xFF82, 0xFF82, 0xFF82, 0xFF82, 0xFF82, 0xFF82, 0xFF82, 0xFF82, 0xFF82, 0xFF82, 0xFF82, 0xFF82, 0xFF82, 0xFF82, 0xAD85,   // 0x3680 (13952)
0xADA5, 0xFF82, 0xFF82, 0xFF82, 0xFF82, 0xFF82, 0xFF82, 0xFF82, 0xFF82, 0xFF82, 0xFF82, 0xFF82, 0xFF82, 0xFF82, 0xFF82, 0xFF82,   // 0x3690 (13968)
0xFF82, 0xFF82, 0xFF82, 0xFF82, 0xFF82, 0xFF82, 0xFF82, 0xFF82, 0xFF82, 0xFF82, 0xFF82, 0xFF82, 0xFF82, 0xFF82, 0xFF82, 0xFF82,   // 0x36A0 (13984)
0xFF82, 0xFF82, 0xFF82, 0xFF82, 0xFF82, 0xFF82, 0xFF82, 0xFF82, 0xFF82, 0xFF82, 0xFF82, 0xFF82, 0xFF82, 0xFF82, 0xFF82, 0xFF82,   // 0x36B0 (14000)
0xFF82, 0xFF82, 0xFF82, 0xFF82, 0xFF82, 0xFF82, 0xFF82, 0xFF82, 0xFF82, 0xFF82, 0xFF82, 0xFF82, 0xFF82, 0xFF82, 0xFF82, 0xFF82,   // 0x36C0 (14016)
0xFF82, 0xFF82, 0xFF82, 0xFF82, 0xFF82, 0xFF82, 0xFF82, 0xFF82, 0xFF82, 0xFF82, 0xFF82, 0xFF82, 0xFF82, 0xFF82, 0xFF82, 0xFF82,   // 0x36D0 (14032)
0xFF82, 0xFF82, 0xFF82, 0xFF82, 0xFF82, 0xFF82, 0xFF82, 0xFF82, 0xFF82, 0xFF82, 0xFF82, 0xFF82, 0xFF82, 0xFF82, 0xFF82, 0xFF82,   // 0x36E0 (14048)
0xFF82, 0xFF82, 0xFF82, 0xFF82, 0xFF82, 0xFF82, 0xFF82, 0xFF82, 0xFF82, 0xFF82, 0xFF82, 0xFF82, 0xFF82, 0xFF82, 0xFF82, 0xFF82,   // 0x36F0 (14064)
0xFF82, 0xFF82, 0xFF82, 0xFF82, 0xFF82, 0xFF82, 0xFF82, 0xFF82, 0xFF82, 0xFF82, 0xFF82, 0xFF82, 0xFF82, 0xFF82, 0xFF82, 0xAD85,   // 0x3700 (14080)
0xADA5, 0xFF82, 0xFF82, 0xFF82, 0xFF82, 0xFF82, 0xFF82, 0xFF82, 0xFF82, 0xFF82, 0xFF82, 0xFF82, 0xFF82, 0xFF82, 0xFF82, 0xFF82,   // 0x3710 (14096)
0xFF82, 0xFF82, 0xFF82, 0xFF82, 0xFF82, 0xFF82, 0xFF82, 0xFF82, 0xFF82, 0xFF82, 0xFF82, 0xFF82, 0xFF82, 0xFF82, 0xFF82, 0xFF82,   // 0x3720 (14112)
0xFF82, 0xFF82, 0xFF82, 0xFF82, 0xFF82, 0xFF82, 0xFF82, 0xFF82, 0xFF82, 0xFF82, 0xFF82, 0xFF82, 0xFF82, 0xFF82, 0xFF82, 0xFF82,   // 0x3730 (14128)
0xFF82, 0xFF82, 0xFF82, 0xFF82, 0xFF82, 0xFF82, 0xFF82, 0xFF82, 0xFF82, 0xFF82, 0xFF82, 0xFF82, 0xFF82, 0xFF82, 0xFF82, 0xFF82,   // 0x3740 (14144)
0xFF82, 0xFF82, 0xFF82, 0xFF82, 0xFF82, 0xFF82, 0xFF82, 0xFF82, 0xFF82, 0xFF82, 0xFF82, 0xFF82, 0xFF82, 0xFF82, 0xFF82, 0xFF82,   // 0x3750 (14160)
0xFF82, 0xFF82, 0xFF82, 0xFF82, 0xFF82, 0xFF82, 0xFF82, 0xFF82, 0xFF82, 0xFF82, 0xFF82, 0xFF82, 0xFF82, 0xFF82, 0xFF82, 0xFF82,   // 0x3760 (14176)
0xFF82, 0xFF82, 0xFF82, 0xFF82, 0xFF82, 0xFF82, 0xFF82, 0xFF82, 0xFF82, 0xFF82, 0xFF82, 0xFF82, 0xFF82, 0xFF82, 0xFF82, 0xFF82,   // 0x3770 (14192)
0xFF82, 0xFF82, 0xFF82, 0xFF82, 0xFF82, 0xFF82, 0xFF82, 0xFF82, 0xFF82, 0xFF82, 0xFF82, 0xFF82, 0xFF82, 0xFF82, 0xFF82, 0xAD85,   // 0x3780 (14208)
0xADA5, 0xFF82, 0xFF82, 0xFF82, 0xFF82, 0xFF82, 0xFF82, 0xFF82, 0xFF82, 0xFF82, 0xFF82, 0xFF82, 0xFF82, 0xFF82, 0xFF82, 0xFF82,   // 0x3790 (14224)
0xFF82, 0xFF82, 0xFF82, 0xFF82, 0xFF82, 0xFF82, 0xFF82, 0xFF82, 0xFF82, 0xFF82, 0xFF82, 0xFF82, 0xFF82, 0xFF82, 0xFF82, 0xFF82,   // 0x37A0 (14240)
0xFF82, 0xFF82, 0xFF82, 0xFF82, 0xFF82, 0xFF82, 0xFF82, 0xFF82, 0xFF82, 0xFF82, 0xFF82, 0xFF82, 0xFF82, 0xFF82, 0xFF82, 0xFF82,   // 0x37B0 (14256)
0xFF82, 0xFF82, 0xFF82, 0xFF82, 0xFF82, 0xFF82, 0xFF82, 0xFF82, 0xFF82, 0xFF82, 0xFF82, 0xFF82, 0xFF82, 0xFF82, 0xFF82, 0xFF82,   // 0x37C0 (14272)
0xFF82, 0xFF82, 0xFF82, 0xFF82, 0xFF82, 0xFF82, 0xFF82, 0xFF82, 0xFF82, 0xFF82, 0xFF82, 0xFF82, 0xFF82, 0xFF82, 0xFF82, 0xFF82,   // 0x37D0 (14288)
0xFF82, 0xFF82, 0xFF82, 0xFF82, 0xFF82, 0xFF82, 0xFF82, 0xFF82, 0xFF82, 0xFF82, 0xFF82, 0xFF82, 0xFF82, 0xFF82, 0xFF82, 0xFF82,   // 0x37E0 (14304)
0xFF82, 0xFF82, 0xFF82, 0xFF82, 0xFF82, 0xFF82, 0xFF82, 0xFF82, 0xFF82, 0xFF82, 0xFF82, 0xFF82, 0xFF82, 0xFF82, 0xFF82, 0xFF82,   // 0x37F0 (14320)
0xFF82, 0xFF82, 0xFF82, 0xFF82, 0xFF82, 0xFF82, 0xFF82, 0xFF82, 0xFF82, 0xFF82, 0xFF82, 0xFF82, 0xFF82, 0xFF82, 0xFF82, 0xAD85,   // 0x3800 (14336)
0xADA5, 0xFF82, 0xFF82, 0xFF82, 0xFF82, 0xFF82, 0xFF82, 0xFF82, 0xFF82, 0xFF82, 0xFF82, 0xFF82, 0xFF82, 0xFF82, 0xFF82, 0xFF82,   // 0x3810 (14352)
0xFF82, 0xFF82, 0xFF82, 0xFF82, 0xFF82, 0xFF82, 0xFF82, 0xFF82, 0xFF82, 0xFF82, 0xFF82, 0xFF82, 0xFF82, 0xFF82, 0xFF82, 0xFF82,   // 0x3820 (14368)
0xFF82, 0xFF82, 0xFF82, 0xFF82, 0xFF82, 0xFF82, 0xFF82, 0xFF82, 0xFF82, 0xFF82, 0xFF82, 0xFF82, 0xFF82, 0xFF82, 0xFF82, 0xFF82,   // 0x3830 (14384)
0xFF82, 0xFF82, 0xFF82, 0xFF82, 0xFF82, 0xFF82, 0xFF82, 0xFF82, 0xFF82, 0xFF82, 0xFF82, 0xFF82, 0xFF82, 0xFF82, 0xFF82, 0xFF82,   // 0x3840 (14400)
0xFF82, 0xFF82, 0xFF82, 0xFF82, 0xFF82, 0xFF82, 0xFF82, 0xFF82, 0xFF82, 0xFF82, 0xFF82, 0xFF82, 0xFF82, 0xFF82, 0xFF82, 0xFF82,   // 0x3850 (14416)
0xFF82, 0xFF82, 0xFF82, 0xFF82, 0xFF82, 0xFF82, 0xFF82, 0xFF82, 0xFF82, 0xFF82, 0xFF82, 0xFF82, 0xFF82, 0xFF82, 0xFF82, 0xFF82,   // 0x3860 (14432)
0xFF82, 0xFF82, 0xFF82, 0xFF82, 0xFF82, 0xFF82, 0xFF82, 0xFF82, 0xFF82, 0xFF82, 0xFF82, 0xFEC2, 0xFBE1, 0xFB81, 0xFC01, 0xFB20,   // 0x3870 (14448)
0xFC21, 0xFF42, 0xFF82, 0xFF82, 0xFF82, 0xFF82, 0xFF82, 0xFF82, 0xFF82, 0xFF82, 0xFF82, 0xFF82, 0xFF82, 0xFF82, 0xFF82, 0xAD85,   // 0x3880 (14464)
0xADA5, 0xFF82, 0xFF82, 0xFF82, 0xFF82, 0xFF82, 0xFF82, 0xFF82, 0xFF82, 0xFF82, 0xFF82, 0xFF82, 0xFF82, 0xFF82, 0xFF82, 0xFF82,   // 0x3890 (14480)
0xFF82, 0xFF82, 0xFF82, 0xFF82, 0xFF82, 0xFF82, 0xFF82, 0xFF82, 0xFF82, 0xFF82, 0xFF82, 0xFF82, 0xFF82, 0xFF82, 0xFF82, 0xFF82,   // 0x38A0 (14496)
0xFF82, 0xFF82, 0xFF82, 0xFF82, 0xFF82, 0xFF82, 0xFF82, 0xFF82, 0xFF82, 0xFF82, 0xFF82, 0xFF82, 0xFF82, 0xFF82, 0xFF82, 0xFF82,   // 0x38B0 (14512)
0xFF82, 0xFF82, 0xFF82, 0xFF82, 0xFF82, 0xFF82, 0xFF82, 0xFF82, 0xFF82, 0xFF82, 0xFF82, 0xFF82, 0xFF82, 0xFF82, 0xFF82, 0xFF82,   // 0x38C0 (14528)
0xFF82, 0xFF82, 0xFF82, 0xFF82, 0xFF82, 0xFF82, 0xFF82, 0xFF82, 0xFF82, 0xFF82, 0xFF82, 0xFF82, 0xFF82, 0xFF82, 0xFF82, 0xFF82,   // 0x38D0 (14544)
0xFF82, 0xFF82, 0xFF82, 0xFF82, 0xFF82, 0xFF82, 0xFF82, 0xFF82, 0xFF82, 0xFF82, 0xFF82, 0xFF82, 0xFF82, 0xFF82, 0xFF82, 0xFF82,   // 0x38E0 (14560)
0xFF82, 0xFF82, 0xFF82, 0xFF82, 0xFF82, 0xFF82, 0xFF82, 0xFF82, 0xFF82, 0xFF82, 0xFEC2, 0xF8C0, 0xF800, 0xFB00, 0xF900, 0xF880,   // 0x38F0 (14576)
0xFD80, 0xFBA1, 0xFF82, 0xFF82, 0xFF82, 0xFF82, 0xFF82, 0xFF82, 0xFF82, 0xFF82, 0xFF82, 0xFF82, 0xFF82, 0xFF82, 0xFF82, 0xAD85,   // 0x3900 (14592)
0xADA5, 0xFF82, 0xFF82, 0xFF82, 0xFF82, 0xFF82, 0xFF62, 0xFE01, 0xFD41, 0xFD81, 0xFF02, 0xFF82, 0xFF82, 0xFEA1, 0xFE41, 0xFE41,   // 0x3910 (14608)
0xFEA1, 0xFF82, 0xFF82, 0xFF82, 0xFF82, 0xFE41, 0xFE41, 0xFE41, 0xFF02, 0xFF82, 0xFF82, 0xFF82, 0xFE01, 0xFD41, 0xFD81, 0xFEE2,   // 0x3920 (14624)
0xFF82, 0xFF82, 0xFF62, 0xFE41, 0xFE41, 0xFE41, 0xFF22, 0xFF82, 0xFEA1, 0xFE41, 0xFE41, 0xFEA1, 0xFEE2, 0xFE41, 0xFE41, 0xFE41,   // 0x3930 (14640)
0xFE41, 0xFE41, 0xFE41, 0xFE41, 0xFF42, 0xFF82, 0xFF82, 0xFF82, 0xFEE2, 0xFE41, 0xFE41, 0xFE81, 0xFF82, 0xFF82, 0xFE61, 0xFE41,   // 0x3940 (14656)
0xFE41, 0xFF22, 0xFF82, 0xFF82, 0xFF22, 0xFDA1, 0xFD21, 0xFDC1, 0xFF42, 0xFF82, 0xFF82, 0xFF82, 0xFF82, 0xFF82, 0xFF82, 0xFEE2,   // 0x3950 (14672)
0xFE41, 0xFE41, 0xFE41, 0xFE41, 0xFE41, 0xFEE2, 0xFF82, 0xFF82, 0xFF82, 0xFF82, 0xFF82, 0xFE01, 0xFD41, 0xFD61, 0xFEC2, 0xFF82,   // 0x3960 (14688)
0xFF82, 0xFE61, 0xFE41, 0xFE41, 0xFE41, 0xFE41, 0xFE41, 0xFE41, 0xFE41, 0xFEC2, 0xFB61, 0xF800, 0xFA00, 0xFFE0, 0xFFE0, 0xFE80,   // 0x3970 (14704)
0xFD00, 0xFA40, 0xFF82, 0xFF82, 0xFF82, 0xFEC2, 0xFD81, 0xFD41, 0xFE21, 0xFF82, 0xFF82, 0xFF82, 0xFF82, 0xFF82, 0xFF82, 0xAD85,   // 0x3980 (14720)
0xADA5, 0xFF82, 0xFF82, 0xFF82, 0xFF82, 0xFC01, 0xF880, 0xF880, 0xF880, 0xF880, 0xF820, 0xFAC0, 0xFAE0, 0xF800, 0xF800, 0xF800,   // 0x3990 (14736)
0xF800, 0xFB81, 0xFF82, 0xFF62, 0xF960, 0xF800, 0xF800, 0xF800, 0xF820, 0xFD41, 0xFC61, 0xF8A0, 0xF800, 0xF880, 0xF880, 0xF800,   // 0x39A0 (14752)
0xFA20, 0xFE21, 0xF920, 0xF800, 0xF800, 0xF800, 0xF840, 0xFA00, 0xF800, 0xF800, 0xF800, 0xF800, 0xF800, 0xF800, 0xF800, 0xF800,   // 0x39B0 (14768)
0xF800, 0xF800, 0xF800, 0xF800, 0xF8E0, 0xFEE2, 0xFF82, 0xFD41, 0xF820, 0xF800, 0xF800, 0xF800, 0xFA60, 0xF980, 0xF800, 0xF800,   // 0x39C0 (14784)
0xF800, 0xF860, 0xFDC1, 0xFB20, 0xF820, 0xF800, 0xF880, 0xF880, 0xF840, 0xFB20, 0xFF22, 0xFF82, 0xFF82, 0xFF82, 0xFCA1, 0xF800,   // 0x39D0 (14800)
0xF800, 0xF800, 0xF800, 0xF800, 0xF800, 0xF800, 0xF9A0, 0xFE21, 0xFF82, 0xFC61, 0xF8A0, 0xF800, 0xF880, 0xF880, 0xF800, 0xFA20,   // 0x39E0 (14816)
0xF9A0, 0xF800, 0xF800, 0xF800, 0xF800, 0xF800, 0xF800, 0xF800, 0xF800, 0xF800, 0xF840, 0xF800, 0xF800, 0xF800, 0xF800, 0xFA80,   // 0x39F0 (14832)
0xF800, 0xFB61, 0xFF82, 0xFE41, 0xF9E0, 0xF800, 0xF880, 0xF880, 0xF800, 0xF8A0, 0xFC61, 0xFF82, 0xFF82, 0xFF82, 0xFF82, 0xAD85,   // 0x3A00 (14848)
0xADA5, 0xFF82, 0xFF82, 0xFF82, 0xFAC0, 0xF800, 0xFD00, 0xFFE0, 0xFFE0, 0xFFE0, 0xFFE0, 0xF980, 0xF800, 0xF800, 0xFFE0, 0xFFE0,   // 0x3A10 (14864)
0xFB80, 0xF880, 0xFF82, 0xFDE1, 0xF800, 0xF800, 0xFFE0, 0xFFE0, 0xFC80, 0xF840, 0xF800, 0xFD00, 0xFFE0, 0xFFE0, 0xFFE0, 0xFFE0,   // 0x3A20 (14880)
0xFD00, 0xF800, 0xF800, 0xFFE0, 0xFFE0, 0xFB80, 0xF800, 0xF800, 0xFC00, 0xFFE0, 0xFFE0, 0xF800, 0xF800, 0xFFE0, 0xFFE0, 0xFFE0,   // 0x3A30 (14896)
0xFFE0, 0xFFE0, 0xFFE0, 0xFE80, 0xF800, 0xFCC1, 0xFF82, 0xFA80, 0xF800, 0xFFE0, 0xFFE0, 0xFC80, 0xF800, 0xF800, 0xFB00, 0xFFE0,   // 0x3A40 (14912)
0xFFE0, 0xF800, 0xF800, 0xF800, 0xFD00, 0xFFE0, 0xFFE0, 0xFFE0, 0xFFE0, 0xFD00, 0xF980, 0xFF42, 0xFF82, 0xFF82, 0xF9C0, 0xF800,   // 0x3A50 (14928)
0xFFE0, 0xFFE0, 0xFFE0, 0xFFE0, 0xFFE0, 0xFFE0, 0xFC00, 0xF860, 0xFAA0, 0xF800, 0xFD00, 0xFFE0, 0xFFE0, 0xFFE0, 0xFFE0, 0xFD00,   // 0x3A60 (14944)
0xF800, 0xFD00, 0xFFE0, 0xFFE0, 0xFFE0, 0xFFE0, 0xFFE0, 0xFFE0, 0xFFE0, 0xF980, 0xF800, 0xF800, 0xF800, 0xFE00, 0xFFE0, 0xFFE0,   // 0x3A70 (14960)
0xF980, 0xFDA1, 0xFE21, 0xF860, 0xFD00, 0xFFE0, 0xFFE0, 0xFFE0, 0xFFE0, 0xFD00, 0xF800, 0xFB61, 0xFF82, 0xFF82, 0xFF82, 0xAD85,   // 0x3A80 (14976)
0xADA5, 0xFF82, 0xFF82, 0xFD01, 0xF800, 0xFB80, 0xFFE0, 0xFFE0, 0xFFE0, 0xFFE0, 0xFFE0, 0xFFE0, 0xF980, 0xF800, 0xFFE0, 0xFFE0,   // 0x3A90 (14992)
0xFB80, 0xF860, 0xFF82, 0xFDA1, 0xF800, 0xF800, 0xFFE0, 0xFFE0, 0xFC80, 0xF800, 0xFB80, 0xFFE0, 0xFFE0, 0xFFE0, 0xFFE0, 0xFFE0,   // 0x3AA0 (15008)
0xFFE0, 0xFB80, 0xF800, 0xFFE0, 0xFFE0, 0xFB80, 0xF800, 0xF800, 0xFC00, 0xFFE0, 0xFFE0, 0xF800, 0xF800, 0xFFE0, 0xFFE0, 0xFFE0,   // 0x3AB0 (15024)
0xFFE0, 0xFFE0, 0xFFE0, 0xFE80, 0xF800, 0xFCA1, 0xFF82, 0xFA60, 0xF800, 0xFFE0, 0xFFE0, 0xFFE0, 0xF900, 0xF800, 0xFB00, 0xFFE0,   // 0x3AC0 (15040)
0xFFE0, 0xF800, 0xF800, 0xFB80, 0xFFE0, 0xFFE0, 0xFFE0, 0xFFE0, 0xFFE0, 0xFFE0, 0xFB80, 0xFB61, 0xFF82, 0xFF82, 0xF9A0, 0xF800,   // 0x3AD0 (15056)
0xFFE0, 0xFFE0, 0xFFE0, 0xFFE0, 0xFFE0, 0xFFE0, 0xFFE0, 0xF980, 0xF800, 0xFB80, 0xFFE0, 0xFFE0, 0xFFE0, 0xFFE0, 0xFFE0, 0xFFE0,   // 0x3AE0 (15072)
0xFB80, 0xFD00, 0xFFE0, 0xFFE0, 0xFFE0, 0xFFE0, 0xFFE0, 0xFFE0, 0xFFE0, 0xF980, 0xF800, 0xF800, 0xF880, 0xFFE0, 0xFFE0, 0xFFE0,   // 0x3AF0 (15088)
0xFC00, 0xFBE1, 0xF940, 0xFB80, 0xFFE0, 0xFFE0, 0xFFE0, 0xFFE0, 0xFFE0, 0xFFE0, 0xFB80, 0xF800, 0xFDA1, 0xFF82, 0xFF82, 0xAD85,   // 0x3B00 (15104)
0xADA5, 0xFF82, 0xFF82, 0xF9C0, 0xF880, 0xFFE0, 0xFFE0, 0xFE80, 0xF880, 0xF980, 0xFFE0, 0xFFE0, 0xFC80, 0xF800, 0xFFE0, 0xFFE0,   // 0x3B10 (15120)
0xFB80, 0xF860, 0xFF82, 0xFDA1, 0xF800, 0xF800, 0xFFE0, 0xFFE0, 0xFC80, 0xF900, 0xFFE0, 0xFFE0, 0xFE80, 0xF880, 0xF900, 0xFE80,   // 0x3B20 (15136)
0xFFE0, 0xFFE0, 0xF880, 0xFFE0, 0xFFE0, 0xFB80, 0xF800, 0xF800, 0xFC00, 0xFFE0, 0xFFE0, 0xF800, 0xF800, 0xFFE0, 0xFFE0, 0xFB80,   // 0x3B30 (15152)
0xF880, 0xF880, 0xF880, 0xF880, 0xF800, 0xFCC1, 0xFF82, 0xFA60, 0xF800, 0xFFE0, 0xFFE0, 0xFFE0, 0xFE00, 0xF800, 0xFB00, 0xFFE0,   // 0x3B40 (15168)
0xFFE0, 0xF800, 0xF900, 0xFFE0, 0xFFE0, 0xFE80, 0xF880, 0xF900, 0xFE80, 0xFFE0, 0xFFE0, 0xF8C0, 0xFF42, 0xFF82, 0xF9A0, 0xF800,   // 0x3B50 (15184)
0xFFE0, 0xFFE0, 0xFC00, 0xF800, 0xF900, 0xFFE0, 0xFFE0, 0xFA00, 0xF900, 0xFFE0, 0xFFE0, 0xFE80, 0xF880, 0xF900, 0xFE80, 0xFFE0,   // 0x3B60 (15200)
0xFFE0, 0xFB00, 0xFB00, 0xFB00, 0xFFE0, 0xFFE0, 0xFC00, 0xFB00, 0xFB00, 0xF800, 0xF800, 0xF800, 0xFB80, 0xFFE0, 0xFFE0, 0xFFE0,   // 0x3B70 (15216)
0xFE80, 0xF840, 0xF900, 0xFFE0, 0xFFE0, 0xFE80, 0xF880, 0xF900, 0xFE80, 0xFFE0, 0xFFE0, 0xF880, 0xFA40, 0xFF82, 0xFF82, 0xAD85,   // 0x3B80 (15232)
0xADA5, 0xFF82, 0xFF42, 0xF820, 0xFA80, 0xFFE0, 0xFFE0, 0xFA00, 0xF800, 0xF800, 0xFC00, 0xFA00, 0xF800, 0xF800, 0xFFE0, 0xFFE0,   // 0x3B90 (15248)
0xFB80, 0xF860, 0xFF82, 0xFDA1, 0xF800, 0xF800, 0xFFE0, 0xFFE0, 0xFC80, 0xFB00, 0xFFE0, 0xFFE0, 0xFA00, 0xF800, 0xF800, 0xF980,   // 0x3BA0 (15264)
0xFFE0, 0xFFE0, 0xFA00, 0xFFE0, 0xFFE0, 0xFB80, 0xF800, 0xF800, 0xFC00, 0xFFE0, 0xFFE0, 0xF800, 0xF800, 0xFFE0, 0xFFE0, 0xFB80,   // 0x3BB0 (15280)
0xF980, 0xF980, 0xF980, 0xF980, 0xF800, 0xFE81, 0xFF82, 0xFA60, 0xF800, 0xFFE0, 0xFFE0, 0xFFE0, 0xFFE0, 0xFA80, 0xFB00, 0xFFE0,   // 0x3BC0 (15296)
0xFFE0, 0xF800, 0xFB00, 0xFFE0, 0xFFE0, 0xFA00, 0xF800, 0xF800, 0xF980, 0xFFE0, 0xFFE0, 0xFA00, 0xFDC1, 0xFF82, 0xF9A0, 0xF800,   // 0x3BD0 (15312)
0xFFE0, 0xFFE0, 0xFC00, 0xF800, 0xF980, 0xFFE0, 0xFFE0, 0xF980, 0xFB00, 0xFFE0, 0xFFE0, 0xFA00, 0xF800, 0xF800, 0xF980, 0xFFE0,   // 0x3BE0 (15328)
0xFFE0, 0xFA00, 0xF800, 0xF800, 0xFFE0, 0xFFE0, 0xFC00, 0xF800, 0xF800, 0xF800, 0xF800, 0xF800, 0xFE00, 0xFFE0, 0xFA80, 0xFFE0,   // 0x3BF0 (15344)
0xFFE0, 0xF980, 0xFB00, 0xFFE0, 0xFFE0, 0xFA00, 0xF800, 0xF800, 0xF980, 0xFFE0, 0xFFE0, 0xFA00, 0xF860, 0xFF82, 0xFF82, 0xAD85,   // 0x3C00 (15360)
0xADA5, 0xFF82, 0xFE61, 0xF800, 0xFA80, 0xFFE0, 0xFFE0, 0xF900, 0xF800, 0xF800, 0xF800, 0xF800, 0xF800, 0xF800, 0xFFE0, 0xFFE0,   // 0x3C10 (15376)
0xFB80, 0xF860, 0xFF82, 0xFDA1, 0xF800, 0xF800, 0xFFE0, 0xFFE0, 0xFC80, 0xFB00, 0xFFE0, 0xFFE0, 0xF900, 0xF800, 0xF800, 0xF900,   // 0x3C20 (15392)
0xFFE0, 0xFFE0, 0xFA00, 0xFFE0, 0xFFE0, 0xFB80, 0xF800, 0xF800, 0xFC00, 0xFFE0, 0xFFE0, 0xF800, 0xF800, 0xFFE0, 0xFFE0, 0xFFE0,   // 0x3C30 (15408)
0xFFE0, 0xFFE0, 0xFFE0, 0xFC00, 0xF800, 0xFF02, 0xFF82, 0xFA60, 0xF800, 0xFFE0, 0xFFE0, 0xFC00, 0xFFE0, 0xFE80, 0xFB00, 0xFFE0,   // 0x3C40 (15424)
0xFFE0, 0xF800, 0xFB00, 0xFFE0, 0xFFE0, 0xF900, 0xF800, 0xF800, 0xF900, 0xFFE0, 0xFFE0, 0xFA00, 0xFCC1, 0xFF82, 0xF9A0, 0xF800,   // 0x3C50 (15440)
0xFFE0, 0xFFE0, 0xFFE0, 0xFFE0, 0xFFE0, 0xFFE0, 0xFB00, 0xF800, 0xFB00, 0xFFE0, 0xFFE0, 0xF900, 0xF800, 0xF800, 0xF900, 0xFFE0,   // 0x3C60 (15456)
0xFFE0, 0xFA00, 0xF800, 0xF800, 0xFFE0, 0xFFE0, 0xFC00, 0xF800, 0xF9E0, 0xF940, 0xF800, 0xF880, 0xFFE0, 0xFFE0, 0xF880, 0xFD80,   // 0x3C70 (15472)
0xFFE0, 0xFC00, 0xFB00, 0xFFE0, 0xFFE0, 0xF900, 0xF800, 0xF800, 0xF900, 0xFFE0, 0xFFE0, 0xFA00, 0xF800, 0xFEE2, 0xFF82, 0xAD85,   // 0x3C80 (15488)
0xADA5, 0xFF82, 0xFE21, 0xF800, 0xFA80, 0xFFE0, 0xFFE0, 0xF900, 0xF860, 0xF800, 0xF800, 0xF800, 0xF800, 0xF800, 0xFFE0, 0xFFE0,   // 0x3C90 (15504)
0xFB80, 0xF860, 0xFF82, 0xFDA1, 0xF800, 0xF800, 0xFFE0, 0xFFE0, 0xFC80, 0xFB00, 0xFFE0, 0xFFE0, 0xF900, 0xF800, 0xF800, 0xF900,   // 0x3CA0 (15520)
0xFFE0, 0xFFE0, 0xFA00, 0xFFE0, 0xFFE0, 0xFB80, 0xF800, 0xF800, 0xFC00, 0xFFE0, 0xFFE0, 0xF800, 0xF800, 0xFFE0, 0xFFE0, 0xFD80,   // 0x3CB0 (15536)
0xFD80, 0xFD80, 0xFD80, 0xFD80, 0xF800, 0xFF02, 0xFF82, 0xFA60, 0xF800, 0xFFE0, 0xFFE0, 0xFA00, 0xFFE0, 0xFFE0, 0xFFE0, 0xFFE0,   // 0x3CC0 (15552)
0xFFE0, 0xF800, 0xFB00, 0xFFE0, 0xFFE0, 0xF900, 0xF820, 0xF800, 0xF900, 0xFFE0, 0xFFE0, 0xFA00, 0xFC61, 0xFF82, 0xF9A0, 0xF800,   // 0x3CD0 (15568)
0xFFE0, 0xFFE0, 0xFFE0, 0xFE00, 0xFE80, 0xFFE0, 0xFFE0, 0xFA00, 0xFB00, 0xFFE0, 0xFFE0, 0xF900, 0xF820, 0xF800, 0xF900, 0xFFE0,   // 0x3CE0 (15584)
0xFFE0, 0xFA00, 0xF800, 0xF800, 0xFFE0, 0xFFE0, 0xFC00, 0xF800, 0xFD21, 0xF9C0, 0xF800, 0xFB00, 0xFFE0, 0xFE80, 0xF800, 0xFB80,   // 0x3CF0 (15600)
0xFFE0, 0xFE80, 0xFB00, 0xFFE0, 0xFFE0, 0xF900, 0xF800, 0xF820, 0xF900, 0xFFE0, 0xFFE0, 0xFA00, 0xF800, 0xFEA1, 0xFF82, 0xAD85,   // 0x3D00 (15616)
0xADA5, 0xFF82, 0xFE81, 0xF800, 0xF980, 0xFFE0, 0xFFE0, 0xFA00, 0xF800, 0xF800, 0xFC00, 0xFD00, 0xFA00, 0xF800, 0xFFE0, 0xFFE0,   // 0x3D10 (15632)
0xFB80, 0xF800, 0xF900, 0xF8C0, 0xF800, 0xF800, 0xFFE0, 0xFFE0, 0xFC80, 0xFB00, 0xFFE0, 0xFFE0, 0xFA00, 0xFA00, 0xFFE0, 0xFA00,   // 0x3D20 (15648)
0xFFE0, 0xFFE0, 0xFA00, 0xFFE0, 0xFFE0, 0xFB80, 0xF800, 0xF800, 0xFC00, 0xFFE0, 0xFFE0, 0xF800, 0xF800, 0xFFE0, 0xFFE0, 0xFB80,   // 0x3D30 (15664)
0xF800, 0xF800, 0xF800, 0xF800, 0xF800, 0xFF42, 0xFF82, 0xFA60, 0xF800, 0xFFE0, 0xFFE0, 0xFA00, 0xFB00, 0xFFE0, 0xFFE0, 0xFFE0,   // 0x3D40 (15680)
0xFFE0, 0xF800, 0xFA00, 0xFFE0, 0xFFE0, 0xFA00, 0xF800, 0xF800, 0xFA00, 0xFFE0, 0xFFE0, 0xF980, 0xFCE1, 0xFF82, 0xF9A0, 0xF800,   // 0x3D50 (15696)
0xFFE0, 0xFFE0, 0xFC00, 0xF800, 0xF800, 0xFE80, 0xFFE0, 0xFD80, 0xFA00, 0xFFE0, 0xFFE0, 0xFA00, 0xF800, 0xF800, 0xFA00, 0xFFE0,   // 0x3D60 (15712)
0xFFE0, 0xF980, 0xF800, 0xF800, 0xFFE0, 0xFFE0, 0xFC00, 0xF800, 0xFC61, 0xF800, 0xF800, 0xFD80, 0xFFE0, 0xFFE0, 0xFD80, 0xFD80,   // 0x3D70 (15728)
0xFFE0, 0xFFE0, 0xFA00, 0xFFE0, 0xFFE0, 0xFA00, 0xF800, 0xF800, 0xFA00, 0xFFE0, 0xFFE0, 0xF980, 0xF800, 0xFF02, 0xFF82, 0xAD85,   // 0x3D80 (15744)
0xADA5, 0xFF82, 0xFF82, 0xF860, 0xF800, 0xFFE0, 0xFFE0, 0xFE80, 0xF800, 0xF880, 0xFFE0, 0xFFE0, 0xFD00, 0xF800, 0xFFE0, 0xFFE0,   // 0x3D90 (15760)
0xFB80, 0xFA80, 0xFA80, 0xFA80, 0xFA80, 0xF800, 0xFFE0, 0xFFE0, 0xFC80, 0xF880, 0xFFE0, 0xFFE0, 0xFE80, 0xF880, 0xFFE0, 0xFFE0,   // 0x3DA0 (15776)
0xFFE0, 0xFFE0, 0xF800, 0xFE00, 0xFFE0, 0xFFE0, 0xF880, 0xF880, 0xFFE0, 0xFFE0, 0xFE80, 0xF800, 0xF800, 0xFFE0, 0xFFE0, 0xFB80,   // 0x3DB0 (15792)
0xF900, 0xF900, 0xF900, 0xF900, 0xF800, 0xFCA1, 0xFF82, 0xFA60, 0xF800, 0xFFE0, 0xFFE0, 0xFA00, 0xF800, 0xFE80, 0xFFE0, 0xFFE0,   // 0x3DC0 (15808)
0xFFE0, 0xF800, 0xF800, 0xFFE0, 0xFFE0, 0xFE80, 0xF800, 0xF800, 0xFE80, 0xFFE0, 0xFFE0, 0xF800, 0xFE01, 0xFF82, 0xF9A0, 0xF800,   // 0x3DD0 (15824)
0xFFE0, 0xFFE0, 0xFC00, 0xF800, 0xF880, 0xFFE0, 0xFFE0, 0xFD80, 0xF800, 0xFFE0, 0xFFE0, 0xFE80, 0xF800, 0xF800, 0xFE80, 0xFFE0,   // 0x3DE0 (15840)
0xFFE0, 0xF800, 0xF800, 0xF800, 0xFFE0, 0xFFE0, 0xFC00, 0xF800, 0xFA20, 0xF800, 0xF880, 0xFFE0, 0xFFE0, 0xFFE0, 0xFFE0, 0xFFE0,   // 0x3DF0 (15856)
0xFFE0, 0xFFE0, 0xFB80, 0xFFE0, 0xFFE0, 0xFE80, 0xF800, 0xF800, 0xFE80, 0xFFE0, 0xFFE0, 0xF800, 0xF8A0, 0xFF82, 0xFF82, 0xAD85,   // 0x3E00 (15872)
0xADA5, 0xFF82, 0xFF82, 0xFAA0, 0xF800, 0xFB00, 0xFFE0, 0xFFE0, 0xFFE0, 0xFFE0, 0xFFE0, 0xFFE0, 0xF980, 0xF800, 0xFFE0, 0xFFE0,   // 0x3E10 (15888)
0xFFE0, 0xFFE0, 0xFFE0, 0xFFE0, 0xFC00, 0xF800, 0xFFE0, 0xFFE0, 0xFC80, 0xF800, 0xFC00, 0xFFE0, 0xFFE0, 0xFFE0, 0xFFE0, 0xFFE0,   // 0x3E20 (15904)
0xFFE0, 0xFB00, 0xF800, 0xFB00, 0xFFE0, 0xFFE0, 0xFFE0, 0xFFE0, 0xFFE0, 0xFFE0, 0xFB00, 0xF800, 0xF800, 0xFFE0, 0xFFE0, 0xFFE0,   // 0x3E30 (15920)
0xFFE0, 0xFFE0, 0xFFE0, 0xFFE0, 0xF800, 0xFBA1, 0xFF82, 0xFA60, 0xF800, 0xFFE0, 0xFFE0, 0xFA00, 0xF800, 0xF980, 0xFFE0, 0xFFE0,   // 0x3E40 (15936)
0xFFE0, 0xF800, 0xF800, 0xFB80, 0xFFE0, 0xFFE0, 0xFFE0, 0xFFE0, 0xFFE0, 0xFFE0, 0xFC00, 0xF8E0, 0xFF82, 0xFF82, 0xF9A0, 0xF800,   // 0x3E50 (15952)
0xFFE0, 0xFFE0, 0xFFE0, 0xFFE0, 0xFFE0, 0xFFE0, 0xFFE0, 0xFB80, 0xF800, 0xFB80, 0xFFE0, 0xFFE0, 0xFFE0, 0xFFE0, 0xFFE0, 0xFFE0,   // 0x3E60 (15968)
0xFC00, 0xF800, 0xF980, 0xF800, 0xFFE0, 0xFFE0, 0xFC00, 0xF800, 0xF820, 0xF800, 0xFB00, 0xFFE0, 0xFFE0, 0xFA80, 0xFA80, 0xFA80,   // 0x3E70 (15984)
0xFE00, 0xFFE0, 0xFE00, 0xFB80, 0xFFE0, 0xFFE0, 0xFFE0, 0xFFE0, 0xFFE0, 0xFFE0, 0xFC00, 0xF800, 0xFAE0, 0xFF82, 0xFF82, 0xAD85,   // 0x3E80 (16000)
0xADA5, 0xFF82, 0xFF82, 0xFE41, 0xF820, 0xF800, 0xFC80, 0xFFE0, 0xFFE0, 0xFFE0, 0xFFE0, 0xF800, 0xF800, 0xF800, 0xFFE0, 0xFFE0,   // 0x3E90 (16016)
0xFFE0, 0xFFE0, 0xFFE0, 0xFFE0, 0xFC00, 0xF800, 0xFFE0, 0xFFE0, 0xFC80, 0xF800, 0xF800, 0xFC00, 0xFFE0, 0xFFE0, 0xFFE0, 0xFFE0,   // 0x3EA0 (16032)
0xFFE0, 0xFFE0, 0xFC80, 0xF800, 0xFD00, 0xFFE0, 0xFFE0, 0xFFE0, 0xFFE0, 0xFC80, 0xF800, 0xF800, 0xF800, 0xFFE0, 0xFFE0, 0xFFE0,   // 0x3EB0 (16048)
0xFFE0, 0xFFE0, 0xFFE0, 0xFFE0, 0xF800, 0xFBA1, 0xFF82, 0xFA60, 0xF800, 0xFFE0, 0xFFE0, 0xFA00, 0xF800, 0xF800, 0xFD00, 0xFFE0,   // 0x3EC0 (16064)
0xFFE0, 0xF800, 0xF800, 0xF800, 0xFC00, 0xFFE0, 0xFFE0, 0xFFE0, 0xFFE0, 0xFB80, 0xF800, 0xFCA1, 0xFF82, 0xFF82, 0xF9A0, 0xF800,   // 0x3ED0 (16080)
0xFFE0, 0xFFE0, 0xFFE0, 0xFFE0, 0xFFE0, 0xFE80, 0xFC80, 0xF800, 0xF800, 0xF800, 0xFC00, 0xFFE0, 0xFFE0, 0xFFE0, 0xFFE0, 0xFB80,   // 0x3EE0 (16096)
0xF800, 0xFA80, 0xFAE0, 0xF800, 0xFFE0, 0xFFE0, 0xFC00, 0xF800, 0xF800, 0xF800, 0xFD80, 0xFFE0, 0xFE80, 0xF800, 0xF800, 0xF800,   // 0x3EF0 (16112)
0xFC00, 0xFFE0, 0xFFE0, 0xF880, 0xFC00, 0xFFE0, 0xFFE0, 0xFFE0, 0xFFE0, 0xFB80, 0xF800, 0xF840, 0xFE81, 0xFF82, 0xFF82, 0xAD85,   // 0x3F00 (16128)
0xADA5, 0xFF82, 0xFF82, 0xFF82, 0xFCA1, 0xF800, 0xF800, 0xF800, 0xF900, 0xF900, 0xF800, 0xF800, 0xF800, 0xF800, 0xF800, 0xF800,   // 0x3F10 (16144)
0xF800, 0xF800, 0xF800, 0xF800, 0xF800, 0xF800, 0xF800, 0xF800, 0xF800, 0xF900, 0xF820, 0xF800, 0xF900, 0xF900, 0xF900, 0xF800,   // 0x3F20 (16160)
0xF880, 0xFE80, 0xF900, 0xF800, 0xF800, 0xF800, 0xF900, 0xF900, 0xF800, 0xF800, 0xF800, 0xF880, 0xF800, 0xF800, 0xF800, 0xF800,   // 0x3F30 (16176)
0xF800, 0xF800, 0xF800, 0xF800, 0xF800, 0xFC01, 0xFF82, 0xFAC0, 0xF800, 0xF800, 0xF800, 0xF800, 0xF800, 0xF800, 0xF800, 0xF800,   // 0x3F40 (16192)
0xF800, 0xF800, 0xF8A0, 0xF800, 0xF800, 0xF800, 0xF900, 0xF900, 0xF800, 0xF800, 0xFB00, 0xFF82, 0xFF82, 0xFF82, 0xFA00, 0xF800,   // 0x3F50 (16208)
0xF800, 0xF800, 0xF800, 0xF800, 0xF800, 0xF800, 0xF800, 0xF880, 0xFBE1, 0xF800, 0xF800, 0xF800, 0xF900, 0xF900, 0xF800, 0xF800,   // 0x3F60 (16224)
0xF960, 0xFF02, 0xFB40, 0xF800, 0xF800, 0xF800, 0xF800, 0xF800, 0xF800, 0xF800, 0xF800, 0xF800, 0xF800, 0xF940, 0xF8E0, 0xF800,   // 0x3F70 (16240)
0xF800, 0xF800, 0xF800, 0xF800, 0xF800, 0xF800, 0xF900, 0xF900, 0xF800, 0xF800, 0xF820, 0xFD01, 0xFF82, 0xFF82, 0xFF82, 0xAD85,   // 0x3F80 (16256)
0xADA5, 0xFF82, 0xFF82, 0xFF82, 0xFF82, 0xFDC1, 0xFA20, 0xF840, 0xF800, 0xF800, 0xF920, 0xFC61, 0xFCC1, 0xF8E0, 0xF880, 0xF880,   // 0x3F90 (16272)
0xF880, 0xF880, 0xF880, 0xF880, 0xF8E0, 0xF8A0, 0xF880, 0xF880, 0xF980, 0xFE41, 0xFE21, 0xFA60, 0xF840, 0xF800, 0xF800, 0xF840,   // 0x3FA0 (16288)
0xF800, 0xF800, 0xF800, 0xFC61, 0xFBA1, 0xF900, 0xF800, 0xF800, 0xF800, 0xF9A0, 0xFD41, 0xFDC1, 0xF940, 0xF880, 0xF880, 0xF880,   // 0x3FB0 (16304)
0xF880, 0xF880, 0xF880, 0xF880, 0xFA00, 0xFF02, 0xFF82, 0xFE41, 0xF960, 0xF880, 0xF880, 0xF8C0, 0xFC01, 0xFB40, 0xF8A0, 0xF880,   // 0x3FC0 (16320)
0xF880, 0xF9E0, 0xFEE2, 0xFCC1, 0xF980, 0xF800, 0xF800, 0xF800, 0xF9A0, 0xFCE1, 0xFF82, 0xFF82, 0xFF82, 0xFF82, 0xFDE1, 0xF940,   // 0x3FD0 (16336)
0xF880, 0xF880, 0xF880, 0xF880, 0xF8A0, 0xF980, 0xFB61, 0xFEC2, 0xFF82, 0xFE01, 0xFA40, 0xF840, 0xF800, 0xF800, 0xF900, 0xFBC1,   // 0x3FE0 (16352)
0xFF42, 0xFF82, 0xFEA1, 0xF9A0, 0xF880, 0xF880, 0xF8A0, 0xFAC0, 0xFB81, 0xF8A0, 0xF880, 0xF880, 0xF940, 0xFDC1, 0xFD41, 0xF900,   // 0x3FF0 (16368)
0xF880, 0xF880, 0xF8A0, 0xFB81, 0xFBA1, 0xF900, 0xF800, 0xF800, 0xF840, 0xFA60, 0xFE21, 0xFF82, 0xFF82, 0xFF82, 0xFF82, 0xAD85,   // 0x4000 (16384)
0xADA5, 0xFF82, 0xFF82, 0xFF82, 0xFF82, 0xFF82, 0xFF82, 0xFF82, 0xFF02, 0xFF42, 0xFF82, 0xFF82, 0xFF82, 0xFF82, 0xFF82, 0xFF82,   // 0x4010 (16400)
0xFF82, 0xFF82, 0xFF82, 0xFF82, 0xFF82, 0xFF82, 0xFF82, 0xFF82, 0xFF82, 0xFF82, 0xFF82, 0xFF82, 0xFF82, 0xFF22, 0xFF42, 0xFF22,   // 0x4020 (16416)
0xFAE0, 0xF820, 0xFA40, 0xFF62, 0xFF82, 0xFF82, 0xFF62, 0xFF02, 0xFF62, 0xFF82, 0xFF82, 0xFF82, 0xFF82, 0xFF82, 0xFF82, 0xFF82,   // 0x4030 (16432)
0xFF82, 0xFF82, 0xFF82, 0xFF82, 0xFF82, 0xFF82, 0xFF82, 0xFF82, 0xFF82, 0xFF82, 0xFF82, 0xFF82, 0xFF82, 0xFF82, 0xFF82, 0xFF82,   // 0x4040 (16448)
0xFF82, 0xFF82, 0xFF82, 0xFF82, 0xFF82, 0xFF62, 0xFF02, 0xFF62, 0xFF82, 0xFF82, 0xFF82, 0xFF82, 0xFF82, 0xFF82, 0xFF82, 0xFF82,   // 0x4050 (16464)
0xFF82, 0xFF82, 0xFF82, 0xFF82, 0xFF82, 0xFF82, 0xFF82, 0xFF82, 0xFF82, 0xFF82, 0xFF82, 0xFF82, 0xFF02, 0xFF42, 0xFF82, 0xFF82,   // 0x4060 (16480)
0xFF82, 0xFF82, 0xFF82, 0xFF82, 0xFF82, 0xFF82, 0xFF82, 0xFF82, 0xFF82, 0xFF82, 0xFF82, 0xFF82, 0xFF82, 0xFF82, 0xFF82, 0xFF82,   // 0x4070 (16496)
0xFF82, 0xFF82, 0xFF82, 0xFF82, 0xFF82, 0xFF82, 0xFF42, 0xFF22, 0xFF82, 0xFF82, 0xFF82, 0xFF82, 0xFF82, 0xFF82, 0xFF82, 0xAD85,   // 0x4080 (16512)
0xADA5, 0xFF82, 0xFF82, 0xFF82, 0xFF82, 0xFF82, 0xFF82, 0xFF82, 0xFF82, 0xFF82, 0xFF82, 0xFF82, 0xFF82, 0xFF82, 0xFF82, 0xFF82,   // 0x4090 (16528)
0xFF82, 0xFF82, 0xFF82, 0xFF82, 0xFF82, 0xFF82, 0xFF82, 0xFF82, 0xFF82, 0xFF82, 0xFF82, 0xFF82, 0xFF82, 0xFF82, 0xFF82, 0xFF82,   // 0x40A0 (16544)
0xFF82, 0xFF82, 0xFF82, 0xFF82, 0xFF82, 0xFF82, 0xFF82, 0xFF82, 0xFF82, 0xFF82, 0xFF82, 0xFF82, 0xFF82, 0xFF82, 0xFF82, 0xFF82,   // 0x40B0 (16560)
0xFF82, 0xFF82, 0xFF82, 0xFF82, 0xFF82, 0xFF82, 0xFF82, 0xFF82, 0xFF82, 0xFF82, 0xFF82, 0xFF82, 0xFF82, 0xFF82, 0xFF82, 0xFF82,   // 0x40C0 (16576)
0xFF82, 0xFF82, 0xFF82, 0xFF82, 0xFF82, 0xFF82, 0xFF82, 0xFF82, 0xFF82, 0xFF82, 0xFF82, 0xFF82, 0xFF82, 0xFF82, 0xFF82, 0xFF82,   // 0x40D0 (16592)
0xFF82, 0xFF82, 0xFF82, 0xFF82, 0xFF82, 0xFF82, 0xFF82, 0xFF82, 0xFF82, 0xFF82, 0xFF82, 0xFF82, 0xFF82, 0xFF82, 0xFF82, 0xFF82,   // 0x40E0 (16608)
0xFF82, 0xFF82, 0xFF82, 0xFF82, 0xFF82, 0xFF82, 0xFF82, 0xFF82, 0xFF82, 0xFF82, 0xFF82, 0xFF82, 0xFF82, 0xFF82, 0xFF82, 0xFF82,   // 0x40F0 (16624)
0xFF82, 0xFF82, 0xFF82, 0xFF82, 0xFF82, 0xFF82, 0xFF82, 0xFF82, 0xFF82, 0xFF82, 0xFF82, 0xFF82, 0xFF82, 0xFF82, 0xFF82, 0xAD85,   // 0x4100 (16640)
0xADA5, 0xFF82, 0xFF82, 0xFF82, 0xFF82, 0xFF82, 0xFF82, 0xFF82, 0xFF82, 0xFF82, 0xFF82, 0xFF82, 0xFF82, 0xFF82, 0xFF82, 0xFF82,   // 0x4110 (16656)
0xFF82, 0xFF82, 0xFF82, 0xFF82, 0xFF82, 0xFF82, 0xFF82, 0xFF82, 0xFF82, 0xFF82, 0xFF82, 0xFF82, 0xFF82, 0xFF82, 0xFF82, 0xFF82,   // 0x4120 (16672)
0xFF82, 0xFF82, 0xFF82, 0xFF82, 0xFF82, 0xFF82, 0xFF82, 0xFF82, 0xFF82, 0xFF82, 0xFF82, 0xFF82, 0xFF82, 0xFF82, 0xFF82, 0xFF82,   // 0x4130 (16688)
0xFF82, 0xFF82, 0xFF82, 0xFF82, 0xFF82, 0xFF82, 0xFF82, 0xFF82, 0xFF82, 0xFF82, 0xFF82, 0xFF82, 0xFF82, 0xFF82, 0xFF82, 0xFF82,   // 0x4140 (16704)
0xFF82, 0xFF82, 0xFF82, 0xFF82, 0xFF82, 0xFF82, 0xFF82, 0xFF82, 0xFF82, 0xFF82, 0xFF82, 0xFF82, 0xFF82, 0xFF82, 0xFF82, 0xFF82,   // 0x4150 (16720)
0xFF82, 0xFF82, 0xFF82, 0xFF82, 0xFF82, 0xFF82, 0xFF82, 0xFF82, 0xFF82, 0xFF82, 0xFF82, 0xFF82, 0xFF82, 0xFF82, 0xFF82, 0xFF82,   // 0x4160 (16736)
0xFF82, 0xFF82, 0xFF82, 0xFF82, 0xFF82, 0xFF82, 0xFF82, 0xFF82, 0xFF82, 0xFF82, 0xFF82, 0xFF82, 0xFF82, 0xFF82, 0xFF82, 0xFF82,   // 0x4170 (16752)
0xFF82, 0xFF82, 0xFF82, 0xFF82, 0xFF82, 0xFF82, 0xFF82, 0xFF82, 0xFF82, 0xFF82, 0xFF82, 0xFF82, 0xFF82, 0xFF82, 0xFF82, 0xAD85,   // 0x4180 (16768)
0xADA5, 0xFF82, 0xFF82, 0xFF82, 0xFF82, 0xFF82, 0xFF82, 0xFF82, 0xFF82, 0xFF82, 0xFF82, 0xFF82, 0xFF82, 0xFF82, 0xFF82, 0xFF82,   // 0x4190 (16784)
0xFF82, 0xFF82, 0xFF82, 0xFF82, 0xFF82, 0xFF82, 0xFF82, 0xFF82, 0xFF82, 0xFF82, 0xFF82, 0xFF82, 0xFF82, 0xFF82, 0xFF82, 0xFF82,   // 0x41A0 (16800)
0xFF82, 0xFF82, 0xFF82, 0xFF82, 0xFF82, 0xFF82, 0xFF82, 0xFF82, 0xFF82, 0xFF82, 0xFF82, 0xFF82, 0xFF82, 0xFF82, 0xFF82, 0xFF82,   // 0x41B0 (16816)
0xFF82, 0xFF82, 0xFF82, 0xFF82, 0xFF82, 0xFF82, 0xFF82, 0xFF82, 0xFF82, 0xFF82, 0xFF82, 0xFF82, 0xFF82, 0xFF82, 0xFF82, 0xFF82,   // 0x41C0 (16832)
0xFF82, 0xFF82, 0xFF82, 0xFF82, 0xFF82, 0xFF82, 0xFF82, 0xFF82, 0xFF82, 0xFF82, 0xFF82, 0xFF82, 0xFF82, 0xFF82, 0xFF82, 0xFF82,   // 0x41D0 (16848)
0xFF82, 0xFF82, 0xFF82, 0xFF82, 0xFF82, 0xFF82, 0xFF82, 0xFF82, 0xFF82, 0xFF82, 0xFF82, 0xFF82, 0xFF82, 0xFF82, 0xFF82, 0xFF82,   // 0x41E0 (16864)
0xFF82, 0xFF82, 0xFF82, 0xFF82, 0xFF82, 0xFF82, 0xFF82, 0xFF82, 0xFF82, 0xFF82, 0xFF82, 0xFF82, 0xFF82, 0xFF82, 0xFF82, 0xFF82,   // 0x41F0 (16880)
0xFF82, 0xFF82, 0xFF82, 0xFF82, 0xFF82, 0xFF82, 0xFF82, 0xFF82, 0xFF82, 0xFF82, 0xFF82, 0xFF82, 0xFF82, 0xFF82, 0xFF82, 0xAD85,   // 0x4200 (16896)
0xADA5, 0xFF82, 0xFF82, 0xFF82, 0xFF82, 0xFF82, 0xFF82, 0xFF82, 0xFF82, 0xFF82, 0xFF82, 0xFF82, 0xFF82, 0xFF82, 0xFF82, 0xFF82,   // 0x4210 (16912)
0xFF82, 0xFF82, 0xFF82, 0xFF82, 0xFF82, 0xFF82, 0xFF82, 0xFF82, 0xFF82, 0xFF82, 0xFF82, 0xFF82, 0xFF82, 0xFF82, 0xFF82, 0xFF82,   // 0x4220 (16928)
0xFF82, 0xFF82, 0xFF82, 0xFF82, 0xFF82, 0xFF82, 0xFF82, 0xFF82, 0xFF82, 0xFF82, 0xFF82, 0xFF82, 0xFF82, 0xFF82, 0xFF82, 0xFF82,   // 0x4230 (16944)
0xFF82, 0xFF82, 0xFF82, 0xFF82, 0xFF82, 0xFF82, 0xFF82, 0xFF82, 0xFF82, 0xFF82, 0xFF82, 0xFF82, 0xFF82, 0xFF82, 0xFF82, 0xFF82,   // 0x4240 (16960)
0xFF82, 0xFF82, 0xFF82, 0xFF82, 0xFF82, 0xFF82, 0xFF82, 0xFF82, 0xFF82, 0xFF82, 0xFF82, 0xFF82, 0xFF82, 0xFF82, 0xFF82, 0xFF82,   // 0x4250 (16976)
0xFF82, 0xFF82, 0xFF82, 0xFF82, 0xFF82, 0xFF82, 0xFF82, 0xFF82, 0xFF82, 0xFF82, 0xFF82, 0xFF82, 0xFF82, 0xFF82, 0xFF82, 0xFF82,   // 0x4260 (16992)
0xFF82, 0xFF82, 0xFF82, 0xFF82, 0xFF82, 0xFF82, 0xFF82, 0xFF82, 0xFF82, 0xFF82, 0xFF82, 0xFF82, 0xFF82, 0xFF82, 0xFF82, 0xFF82,   // 0x4270 (17008)
0xFF82, 0xFF82, 0xFF82, 0xFF82, 0xFF82, 0xFF82, 0xFF82, 0xFF82, 0xFF82, 0xFF82, 0xFF82, 0xFF82, 0xFF82, 0xFF82, 0xFF82, 0xAD85,   // 0x4280 (17024)
0xADA5, 0xFF82, 0xFF82, 0xFF82, 0xFF82, 0xFF82, 0xFF82, 0xFF82, 0xFF82, 0xFF82, 0xFF82, 0xFF82, 0xFF82, 0xFF82, 0xFF82, 0xFF82,   // 0x4290 (17040)
0xFF82, 0xFF82, 0xFF82, 0xFF82, 0xFF82, 0xFF82, 0xFF82, 0xFF82, 0xFF82, 0xFF82, 0xFF82, 0xFF82, 0xFF82, 0xFF82, 0xFF82, 0xFF82,   // 0x42A0 (17056)
0xFF82, 0xFF82, 0xFF82, 0xFF82, 0xFF82, 0xFF82, 0xFF82, 0xFF82, 0xFF82, 0xFF82, 0xFF82, 0xFF82, 0xFF82, 0xFF82, 0xFF82, 0xFF82,   // 0x42B0 (17072)
0xFF82, 0xFF82, 0xFF82, 0xFF82, 0xFF82, 0xFF82, 0xFF82, 0xFF82, 0xFF82, 0xFF82, 0xFF82, 0xFF82, 0xFF82, 0xFF82, 0xFF82, 0xFF82,   // 0x42C0 (17088)
0xFF82, 0xFF82, 0xFF82, 0xFF82, 0xFF82, 0xFF82, 0xFF82, 0xFF82, 0xFF82, 0xFF82, 0xFF82, 0xFF82, 0xFF82, 0xFF82, 0xFF82, 0xFF82,   // 0x42D0 (17104)
0xFF82, 0xFF82, 0xFF82, 0xFF82, 0xFF82, 0xFF82, 0xFF82, 0xFF82, 0xFF82, 0xFF82, 0xFF82, 0xFF82, 0xFF82, 0xFF82, 0xFF82, 0xFF82,   // 0x42E0 (17120)
0xFF82, 0xFF82, 0xFF82, 0xFF82, 0xFF82, 0xFF82, 0xFF82, 0xFF82, 0xFF82, 0xFF82, 0xFF82, 0xFF82, 0xFF82, 0xFF82, 0xFF82, 0xFF82,   // 0x42F0 (17136)
0xFF82, 0xFF82, 0xFF82, 0xFF82, 0xFF82, 0xFF82, 0xFF82, 0xFF82, 0xFF82, 0xFF82, 0xFF82, 0xFF82, 0xFF82, 0xFF82, 0xFF82, 0xAD85,   // 0x4300 (17152)
0xADA5, 0xFF82, 0xFF82, 0xFF82, 0xFF82, 0xFF82, 0xFF82, 0xFF82, 0xFF82, 0xFF82, 0xFF82, 0xFF82, 0xFF82, 0xFF82, 0xFF82, 0xFF02,   // 0x4310 (17168)
0xFEE2, 0xFEE2, 0xFEE2, 0xFEE2, 0xFF02, 0xFF82, 0xFF82, 0xFF82, 0xFF82, 0xFF82, 0xFEE2, 0xFEE2, 0xFEE2, 0xFF22, 0xFF82, 0xFF82,   // 0x4320 (17184)
0xFF82, 0xFF22, 0xFEE2, 0xFEE2, 0xFEE2, 0xFEE2, 0xFEE2, 0xFF62, 0xFF82, 0xFF82, 0xFF82, 0xFF82, 0xFF82, 0xFF82, 0xFEE2, 0xFEE2,   // 0x4330 (17200)
0xFEE2, 0xFF22, 0xFF82, 0xFF82, 0xFF82, 0xFF82, 0xFF82, 0xFF82, 0xFF82, 0xFF42, 0xFEE2, 0xFEE2, 0xFEE2, 0xFF82, 0xFF42, 0xFEE2,   // 0x4340 (17216)
0xFEE2, 0xFF02, 0xFF82, 0xFF82, 0xFF42, 0xFEE2, 0xFEE2, 0xFEE2, 0xFF82, 0xFF02, 0xFEE2, 0xFEE2, 0xFF02, 0xFF82, 0xFF82, 0xFF82,   // 0x4350 (17232)
0xFF82, 0xFE81, 0xFDC1, 0xFDE1, 0xFF02, 0xFF82, 0xFF82, 0xFF82, 0xFF02, 0xFEE2, 0xFEE2, 0xFF02, 0xFF82, 0xFF82, 0xFF82, 0xFF42,   // 0x4360 (17248)
0xFEE2, 0xFEE2, 0xFEE2, 0xFF42, 0xFF82, 0xFF82, 0xFF82, 0xFEE2, 0xFEE2, 0xFEE2, 0xFEE2, 0xFEE2, 0xFF02, 0xFF62, 0xFF82, 0xFF82,   // 0x4370 (17264)
0xFF82, 0xFF82, 0xFF82, 0xFF82, 0xFF82, 0xFF82, 0xFF82, 0xFF82, 0xFF82, 0xFF82, 0xFF82, 0xFF82, 0xFF82, 0xFF82, 0xFF82, 0xAD85,   // 0x4380 (17280)
0xADA5, 0xFF82, 0xFF82, 0xFF82, 0xFF82, 0xFF82, 0xFF82, 0xFF82, 0xFF82, 0xFF82, 0xFF82, 0xFF82, 0xFF82, 0xFF82, 0xFA40, 0xF800,   // 0x4390 (17296)
0xF800, 0xF800, 0xF800, 0xF800, 0xF800, 0xF880, 0xFB00, 0xFF02, 0xFEA2, 0xF8E0, 0xF800, 0xF800, 0xF800, 0xF800, 0xFB81, 0xFF82,   // 0x43A0 (17312)
0xFB81, 0xF800, 0xF800, 0xF800, 0xF800, 0xF800, 0xF800, 0xF800, 0xF940, 0xFC21, 0xFF62, 0xFF82, 0xFE61, 0xF8A0, 0xF800, 0xF800,   // 0x43B0 (17328)
0xF800, 0xF800, 0xFC01, 0xFF82, 0xFF82, 0xFF82, 0xFF82, 0xFF82, 0xFD41, 0xF840, 0xF800, 0xF800, 0xF800, 0xF8A0, 0xF820, 0xF800,   // 0x43C0 (17344)
0xF800, 0xF800, 0xFA40, 0xFD21, 0xF840, 0xF800, 0xF800, 0xF800, 0xF8C0, 0xF800, 0xF800, 0xF800, 0xF800, 0xFA80, 0xFF82, 0xFC41,   // 0x43D0 (17360)
0xF8E0, 0xF800, 0xF800, 0xF800, 0xF800, 0xFA20, 0xFE61, 0xFAA0, 0xF800, 0xF800, 0xF800, 0xF800, 0xFAE0, 0xFF82, 0xFD41, 0xF840,   // 0x43E0 (17376)
0xF800, 0xF800, 0xF800, 0xF840, 0xFD41, 0xFF62, 0xF9C0, 0xF800, 0xF800, 0xF800, 0xF800, 0xF800, 0xF800, 0xF820, 0xF9C0, 0xFD41,   // 0x43F0 (17392)
0xFF82, 0xFF82, 0xFF82, 0xFF82, 0xFF82, 0xFF82, 0xFF82, 0xFF82, 0xFF82, 0xFF82, 0xFF82, 0xFF82, 0xFF82, 0xFF82, 0xFF82, 0xAD85,   // 0x4400 (17408)
0xADA5, 0xFF82, 0xFF82, 0xFF82, 0xFF82, 0xFF82, 0xFF82, 0xFF82, 0xFF82, 0xFF82, 0xFF82, 0xFF82, 0xFF82, 0xFE61, 0xF800, 0xF800,   // 0x4410 (17424)
0xFD00, 0xFD00, 0xFD00, 0xFD00, 0xFD00, 0xFD00, 0xF800, 0xF920, 0xFB20, 0xF800, 0xFD00, 0xFD00, 0xFD00, 0xFC80, 0xF800, 0xFEE2,   // 0x4420 (17440)
0xF820, 0xFD00, 0xFD00, 0xFD00, 0xFD00, 0xFD00, 0xFC80, 0xFB00, 0xF800, 0xF800, 0xFAC0, 0xFF82, 0xFAE0, 0xF800, 0xFD00, 0xFD00,   // 0x4430 (17456)
0xFD00, 0xFC80, 0xF840, 0xFF42, 0xFF82, 0xFF82, 0xFF82, 0xFF82, 0xFA20, 0xF800, 0xFE80, 0xFD00, 0xFE80, 0xF800, 0xF800, 0xFD00,   // 0x4440 (17472)
0xFD00, 0xFE00, 0xF800, 0xF840, 0xF800, 0xFD00, 0xFD00, 0xFD00, 0xF800, 0xFE80, 0xFD00, 0xFE80, 0xF800, 0xF800, 0xF9E0, 0xF800,   // 0x4450 (17488)
0xFD80, 0xFE80, 0xFE80, 0xFE00, 0xFA00, 0xF800, 0xF840, 0xF800, 0xFE80, 0xFD00, 0xFE80, 0xF800, 0xF800, 0xFF02, 0xF980, 0xFD00,   // 0x4460 (17504)
0xFD00, 0xFD00, 0xFC80, 0xF800, 0xF980, 0xFDA1, 0xF800, 0xF800, 0xFD00, 0xFD00, 0xFD00, 0xFD00, 0xFD00, 0xFC80, 0xFB00, 0xF800,   // 0x4470 (17520)
0xFCE1, 0xFF82, 0xFF82, 0xFF82, 0xFF82, 0xFF82, 0xFF82, 0xFF82, 0xFF82, 0xFF82, 0xFF82, 0xFF82, 0xFF82, 0xFF82, 0xFF82, 0xAD85,   // 0x4480 (17536)
0xADA5, 0xFF82, 0xFF82, 0xFF82, 0xFF82, 0xFF82, 0xFF82, 0xFF82, 0xFF82, 0xFF82, 0xFF82, 0xFF82, 0xFF82, 0xFE21, 0xF800, 0xF800,   // 0x4490 (17552)
0xFFE0, 0xFFE0, 0xFFE0, 0xFFE0, 0xFFE0, 0xFFE0, 0xFFE0, 0xF980, 0xF800, 0xF800, 0xFE80, 0xFFE0, 0xFFE0, 0xFE80, 0xF800, 0xFC81,   // 0x44A0 (17568)
0xF800, 0xFFE0, 0xFFE0, 0xFFE0, 0xFFE0, 0xFFE0, 0xFFE0, 0xFFE0, 0xFD80, 0xF800, 0xF800, 0xFDC1, 0xF8A0, 0xF800, 0xFE80, 0xFFE0,   // 0x44B0 (17584)
0xFFE0, 0xFE80, 0xF800, 0xFD41, 0xFF82, 0xFF82, 0xFF82, 0xFF82, 0xF9E0, 0xF800, 0xFE80, 0xFFE0, 0xFE80, 0xF800, 0xF800, 0xFFE0,   // 0x44C0 (17600)
0xFFE0, 0xFFE0, 0xFA80, 0xF800, 0xF800, 0xFFE0, 0xFFE0, 0xFC80, 0xF800, 0xFE80, 0xFFE0, 0xFE80, 0xF800, 0xF800, 0xF880, 0xFFE0,   // 0x44D0 (17616)
0xFFE0, 0xFFE0, 0xFFE0, 0xFFE0, 0xFFE0, 0xFC80, 0xF800, 0xF800, 0xFE80, 0xFFE0, 0xFE80, 0xF800, 0xF800, 0xFDE1, 0xF800, 0xFE80,   // 0x44E0 (17632)
0xFFE0, 0xFFE0, 0xFE80, 0xF800, 0xF800, 0xFC81, 0xF800, 0xF800, 0xFFE0, 0xFFE0, 0xFFE0, 0xFFE0, 0xFFE0, 0xFFE0, 0xFFE0, 0xFD80,   // 0x44F0 (17648)
0xF880, 0xFF42, 0xFF82, 0xFF82, 0xFF82, 0xFF82, 0xFF82, 0xFF82, 0xFF82, 0xFF82, 0xFF82, 0xFF82, 0xFF82, 0xFF82, 0xFF82, 0xAD85,   // 0x4500 (17664)
0xADA5, 0xFF82, 0xFF82, 0xFF82, 0xFF82, 0xFF82, 0xFF82, 0xFF82, 0xFF82, 0xFF82, 0xFF82, 0xFF82, 0xFF82, 0xFE21, 0xF800, 0xF800,   // 0x4510 (17680)
0xFFE0, 0xFFE0, 0xFD80, 0xFB00, 0xFFE0, 0xFFE0, 0xFFE0, 0xFC80, 0xF800, 0xF900, 0xFFE0, 0xFFE0, 0xFFE0, 0xFFE0, 0xF980, 0xFA20,   // 0x4520 (17696)
0xF800, 0xFFE0, 0xFFE0, 0xFE00, 0xFB00, 0xFB00, 0xFFE0, 0xFFE0, 0xFFE0, 0xF880, 0xF800, 0xF9A0, 0xF800, 0xF900, 0xFFE0, 0xFFE0,   // 0x4530 (17712)
0xFFE0, 0xFFE0, 0xF980, 0xFAC0, 0xFF82, 0xFF82, 0xFF82, 0xFF82, 0xF9E0, 0xF800, 0xFE80, 0xFFE0, 0xFE80, 0xF800, 0xF800, 0xFFE0,   // 0x4540 (17728)
0xFFE0, 0xFFE0, 0xFE80, 0xF800, 0xF800, 0xFFE0, 0xFFE0, 0xFC80, 0xF800, 0xFE80, 0xFFE0, 0xFE80, 0xF800, 0xF800, 0xFFE0, 0xFFE0,   // 0x4550 (17744)
0xFFE0, 0xFD00, 0xFC00, 0xFFE0, 0xFFE0, 0xFFE0, 0xF880, 0xF800, 0xFE80, 0xFFE0, 0xFE80, 0xF800, 0xF800, 0xFB81, 0xF900, 0xFFE0,   // 0x4560 (17760)
0xFFE0, 0xFFE0, 0xFFE0, 0xF980, 0xF800, 0xFA20, 0xF800, 0xF800, 0xFFE0, 0xFFE0, 0xFE00, 0xFB00, 0xFB00, 0xFFE0, 0xFFE0, 0xFFE0,   // 0x4570 (17776)
0xF880, 0xFD81, 0xFF82, 0xFF82, 0xFF82, 0xFF82, 0xFF82, 0xFF82, 0xFF82, 0xFF82, 0xFF82, 0xFF82, 0xFF82, 0xFF82, 0xFF82, 0xAD85,   // 0x4580 (17792)
0xADA5, 0xFF82, 0xFF82, 0xFF82, 0xFF82, 0xFF82, 0xFF82, 0xFF82, 0xFF82, 0xFF82, 0xFF82, 0xFF82, 0xFF82, 0xFE21, 0xF800, 0xF800,   // 0x4590 (17808)
0xFFE0, 0xFFE0, 0xFD80, 0xF800, 0xF800, 0xFFE0, 0xFFE0, 0xFC80, 0xF800, 0xFC00, 0xFFE0, 0xFE80, 0xFE80, 0xFFE0, 0xFC00, 0xF820,   // 0x45A0 (17824)
0xF800, 0xFFE0, 0xFFE0, 0xFE00, 0xF800, 0xF800, 0xFC00, 0xFFE0, 0xFFE0, 0xF880, 0xF800, 0xF800, 0xF800, 0xFC00, 0xFFE0, 0xFE80,   // 0x45B0 (17840)
0xFE80, 0xFFE0, 0xFC00, 0xF880, 0xFF62, 0xFF82, 0xFF82, 0xFF82, 0xF9E0, 0xF800, 0xFE80, 0xFFE0, 0xFE80, 0xF800, 0xF800, 0xFFE0,   // 0x45C0 (17856)
0xFFE0, 0xFFE0, 0xFFE0, 0xFB80, 0xF800, 0xFFE0, 0xFFE0, 0xFC80, 0xF800, 0xFE80, 0xFFE0, 0xFE80, 0xF800, 0xF980, 0xFFE0, 0xFFE0,   // 0x45D0 (17872)
0xFE00, 0xF800, 0xF800, 0xF900, 0xFE80, 0xFD00, 0xF800, 0xF800, 0xFE80, 0xFFE0, 0xFE80, 0xF800, 0xF800, 0xF920, 0xFC00, 0xFFE0,   // 0x45E0 (17888)
0xFE80, 0xFE80, 0xFFE0, 0xFC00, 0xF800, 0xF820, 0xF800, 0xF800, 0xFFE0, 0xFFE0, 0xFE00, 0xF800, 0xF800, 0xFC00, 0xFFE0, 0xFFE0,   // 0x45F0 (17904)
0xF880, 0xFCA1, 0xFF82, 0xFF82, 0xFF82, 0xFF82, 0xFF82, 0xFF82, 0xFF82, 0xFF82, 0xFF82, 0xFF82, 0xFF82, 0xFF82, 0xFF82, 0xAD85,   // 0x4600 (17920)
0xADA5, 0xFF82, 0xFF82, 0xFF82, 0xFF82, 0xFF82, 0xFF82, 0xFF82, 0xFF82, 0xFF82, 0xFF82, 0xFF82, 0xFF82, 0xFE21, 0xF800, 0xF800,   // 0x4610 (17936)
0xFFE0, 0xFFE0, 0xFD80, 0xF800, 0xFA80, 0xFFE0, 0xFFE0, 0xFC80, 0xF800, 0xFE80, 0xFFE0, 0xFC00, 0xFC00, 0xFFE0, 0xFE80, 0xF800,   // 0x4620 (17952)
0xF800, 0xFFE0, 0xFFE0, 0xFE00, 0xFA00, 0xFA80, 0xFFE0, 0xFFE0, 0xFFE0, 0xF800, 0xF800, 0xF800, 0xF800, 0xFE80, 0xFFE0, 0xFC00,   // 0x4630 (17968)
0xFC00, 0xFFE0, 0xFE80, 0xF800, 0xFDA1, 0xFF82, 0xFF82, 0xFF82, 0xF9E0, 0xF800, 0xFE80, 0xFFE0, 0xFE80, 0xF800, 0xF800, 0xFFE0,   // 0x4640 (17984)
0xFFE0, 0xFFE0, 0xFFE0, 0xFFE0, 0xF800, 0xFFE0, 0xFFE0, 0xFC80, 0xF800, 0xFE80, 0xFFE0, 0xFE80, 0xF800, 0xFA80, 0xFFE0, 0xFFE0,   // 0x4650 (18000)
0xFB80, 0xF800, 0xF800, 0xF800, 0xF800, 0xF800, 0xF800, 0xF800, 0xFE80, 0xFFE0, 0xFE80, 0xF800, 0xF800, 0xF800, 0xFE80, 0xFFE0,   // 0x4660 (18016)
0xFC00, 0xFC00, 0xFFE0, 0xFE80, 0xF800, 0xF800, 0xF800, 0xF800, 0xFFE0, 0xFFE0, 0xFE00, 0xFA00, 0xFA80, 0xFFE0, 0xFFE0, 0xFFE0,   // 0x4670 (18032)
0xF800, 0xFD21, 0xFF82, 0xFF82, 0xFF82, 0xFF82, 0xFF82, 0xFF82, 0xFF82, 0xFF82, 0xFF82, 0xFF82, 0xFF82, 0xFF82, 0xFF82, 0xAD85,   // 0x4680 (18048)
0xADA5, 0xFF82, 0xFF82, 0xFF82, 0xFF82, 0xFF82, 0xFF82, 0xFF82, 0xFF82, 0xFF82, 0xFF82, 0xFF82, 0xFF82, 0xFE21, 0xF800, 0xF800,   // 0x4690 (18064)
0xFFE0, 0xFFE0, 0xFFE0, 0xFFE0, 0xFFE0, 0xFFE0, 0xFFE0, 0xFA80, 0xF900, 0xFFE0, 0xFFE0, 0xFA00, 0xFA00, 0xFFE0, 0xFFE0, 0xF900,   // 0x46A0 (18080)
0xF800, 0xFFE0, 0xFFE0, 0xFFE0, 0xFFE0, 0xFFE0, 0xFFE0, 0xFFE0, 0xFB00, 0xF800, 0xF800, 0xF800, 0xF900, 0xFFE0, 0xFFE0, 0xFA00,   // 0x46B0 (18096)
0xFA00, 0xFFE0, 0xFFE0, 0xF900, 0xFB20, 0xFF82, 0xFF82, 0xFF82, 0xF9E0, 0xF800, 0xFE80, 0xFFE0, 0xFE80, 0xF800, 0xF800, 0xFFE0,   // 0x46C0 (18112)
0xFFE0, 0xFC80, 0xFFE0, 0xFFE0, 0xFC80, 0xFFE0, 0xFFE0, 0xFC80, 0xF800, 0xFE80, 0xFFE0, 0xFE80, 0xF800, 0xFA80, 0xFFE0, 0xFFE0,   // 0x46D0 (18128)
0xFB00, 0xF800, 0xFA00, 0xF940, 0xF800, 0xF800, 0xF900, 0xF800, 0xFE80, 0xFFE0, 0xFE80, 0xF800, 0xF800, 0xF900, 0xFFE0, 0xFFE0,   // 0x46E0 (18144)
0xFA00, 0xFA00, 0xFFE0, 0xFFE0, 0xF900, 0xF800, 0xF800, 0xF800, 0xFFE0, 0xFFE0, 0xFFE0, 0xFFE0, 0xFFE0, 0xFFE0, 0xFFE0, 0xFB00,   // 0x46F0 (18160)
0xF820, 0xFEE2, 0xFF82, 0xFF82, 0xFF82, 0xFF82, 0xFF82, 0xFF82, 0xFF82, 0xFF82, 0xFF82, 0xFF82, 0xFF82, 0xFF82, 0xFF82, 0xAD85,   // 0x4700 (18176)
0xADA5, 0xFF82, 0xFF82, 0xFF82, 0xFF82, 0xFF82, 0xFF82, 0xFF82, 0xFF82, 0xFF82, 0xFF82, 0xFF82, 0xFF82, 0xFE21, 0xF800, 0xF800,   // 0x4710 (18192)
0xFFE0, 0xFFE0, 0xFFE0, 0xFFE0, 0xFFE0, 0xFFE0, 0xFB80, 0xF800, 0xFB80, 0xFFE0, 0xFFE0, 0xF800, 0xF800, 0xFFE0, 0xFFE0, 0xFB80,   // 0x4720 (18208)
0xF800, 0xFFE0, 0xFFE0, 0xFFE0, 0xFE00, 0xFFE0, 0xFFE0, 0xFA80, 0xF800, 0xF800, 0xF800, 0xF800, 0xFB80, 0xFFE0, 0xFFE0, 0xF800,   // 0x4730 (18224)
0xF800, 0xFFE0, 0xFFE0, 0xFB80, 0xF8C0, 0xFF82, 0xFF82, 0xFF82, 0xF9E0, 0xF800, 0xFE80, 0xFFE0, 0xFE80, 0xF800, 0xF800, 0xFFE0,   // 0x4740 (18240)
0xFFE0, 0xFC80, 0xFB80, 0xFFE0, 0xFFE0, 0xFFE0, 0xFFE0, 0xFC80, 0xF800, 0xFE80, 0xFFE0, 0xFE80, 0xF800, 0xFA80, 0xFFE0, 0xFFE0,   // 0x4750 (18256)
0xFB00, 0xF800, 0xF9C0, 0xF840, 0xF880, 0xF800, 0xF800, 0xF800, 0xFE80, 0xFFE0, 0xFE80, 0xF800, 0xF800, 0xFB80, 0xFFE0, 0xFFE0,   // 0x4760 (18272)
0xF800, 0xF800, 0xFFE0, 0xFFE0, 0xFB80, 0xF800, 0xF800, 0xF800, 0xFFE0, 0xFFE0, 0xFFE0, 0xFE00, 0xFFE0, 0xFFE0, 0xFA80, 0xF800,   // 0x4770 (18288)
0xFB81, 0xFF82, 0xFF82, 0xFF82, 0xFF82, 0xFF82, 0xFF82, 0xFF82, 0xFF82, 0xFF82, 0xFF82, 0xFF82, 0xFF82, 0xFF82, 0xFF82, 0xAD85,   // 0x4780 (18304)
0xADA5, 0xFF82, 0xFF82, 0xFF82, 0xFF82, 0xFF82, 0xFF82, 0xFF82, 0xFF82, 0xFF82, 0xFF82, 0xFF82, 0xFF82, 0xFE21, 0xF800, 0xF800,   // 0x4790 (18320)
0xFFE0, 0xFFE0, 0xFD80, 0xF800, 0xF800, 0xF800, 0xF800, 0xF800, 0xFE00, 0xFFE0, 0xFFE0, 0xFFE0, 0xFFE0, 0xFFE0, 0xFFE0, 0xFE00,   // 0x47A0 (18336)
0xF800, 0xFFE0, 0xFFE0, 0xFE00, 0xF800, 0xFE00, 0xFFE0, 0xFFE0, 0xFA80, 0xF800, 0xF800, 0xF800, 0xFE00, 0xFFE0, 0xFFE0, 0xFFE0,   // 0x47B0 (18352)
0xFFE0, 0xFFE0, 0xFFE0, 0xFE00, 0xF800, 0xFDE1, 0xFF82, 0xFF82, 0xF9E0, 0xF800, 0xFE80, 0xFFE0, 0xFE80, 0xF800, 0xF800, 0xFFE0,   // 0x47C0 (18368)
0xFFE0, 0xFC80, 0xF800, 0xFFE0, 0xFFE0, 0xFFE0, 0xFFE0, 0xFC80, 0xF800, 0xFE80, 0xFFE0, 0xFE80, 0xF800, 0xF900, 0xFFE0, 0xFFE0,   // 0x47D0 (18384)
0xFC00, 0xF800, 0xF800, 0xF880, 0xFFE0, 0xFD80, 0xFB80, 0xF800, 0xFE80, 0xFFE0, 0xFE80, 0xF800, 0xF800, 0xFE00, 0xFFE0, 0xFFE0,   // 0x47E0 (18400)
0xFFE0, 0xFFE0, 0xFFE0, 0xFFE0, 0xFE00, 0xF800, 0xF800, 0xF800, 0xFFE0, 0xFFE0, 0xFE00, 0xF800, 0xFE00, 0xFFE0, 0xFFE0, 0xFA80,   // 0x47F0 (18416)
0xFB61, 0xFF82, 0xFF82, 0xFF82, 0xFF82, 0xFF82, 0xFF82, 0xFF82, 0xFF82, 0xFF82, 0xFF82, 0xFF82, 0xFF82, 0xFF82, 0xFF82, 0xAD85,   // 0x4800 (18432)
0xADA5, 0xFF82, 0xFF82, 0xFF82, 0xFF82, 0xFF82, 0xFF82, 0xFF82, 0xFF82, 0xFF82, 0xFF82, 0xFF82, 0xFF82, 0xFE21, 0xF800, 0xF800,   // 0x4810 (18448)
0xFFE0, 0xFFE0, 0xFD80, 0xF800, 0xF800, 0xF840, 0xF800, 0xF880, 0xFFE0, 0xFFE0, 0xFFE0, 0xFFE0, 0xFFE0, 0xFFE0, 0xFFE0, 0xFFE0,   // 0x4820 (18464)
0xF880, 0xFFE0, 0xFFE0, 0xFE00, 0xF800, 0xFA00, 0xFFE0, 0xFFE0, 0xFE00, 0xF800, 0xF800, 0xF880, 0xFFE0, 0xFFE0, 0xFFE0, 0xFFE0,   // 0x4830 (18480)
0xFFE0, 0xFFE0, 0xFFE0, 0xFFE0, 0xF880, 0xFB81, 0xFF82, 0xFF82, 0xF9E0, 0xF800, 0xFE80, 0xFFE0, 0xFE80, 0xF800, 0xF800, 0xFFE0,   // 0x4840 (18496)
0xFFE0, 0xFC80, 0xF800, 0xFA00, 0xFFE0, 0xFFE0, 0xFFE0, 0xFC80, 0xF800, 0xFE80, 0xFFE0, 0xFE80, 0xF800, 0xF800, 0xFE00, 0xFFE0,   // 0x4850 (18512)
0xFFE0, 0xF980, 0xF980, 0xFFE0, 0xFFE0, 0xFFE0, 0xF980, 0xF800, 0xFE80, 0xFFE0, 0xFE80, 0xF800, 0xF880, 0xFFE0, 0xFFE0, 0xFFE0,   // 0x4860 (18528)
0xFFE0, 0xFFE0, 0xFFE0, 0xFFE0, 0xFFE0, 0xF880, 0xF800, 0xF800, 0xFFE0, 0xFFE0, 0xFE00, 0xF800, 0xFA00, 0xFFE0, 0xFFE0, 0xFE00,   // 0x4870 (18544)
0xF860, 0xFF22, 0xFF82, 0xFF82, 0xFF82, 0xFF82, 0xFF82, 0xFF82, 0xFF82, 0xFF82, 0xFF82, 0xFF82, 0xFF82, 0xFF82, 0xFF82, 0xAD85,   // 0x4880 (18560)
0xADA5, 0xFF82, 0xFF82, 0xFF82, 0xFF82, 0xFF82, 0xFF82, 0xFF82, 0xFF82, 0xFF82, 0xFF82, 0xFF82, 0xFF82, 0xFE21, 0xF800, 0xF800,   // 0x4890 (18576)
0xFFE0, 0xFFE0, 0xFD80, 0xF800, 0xFE61, 0xFC81, 0xF800, 0xFB00, 0xFFE0, 0xFFE0, 0xF980, 0xF980, 0xF980, 0xFA00, 0xFFE0, 0xFFE0,   // 0x48A0 (18592)
0xFB00, 0xFFE0, 0xFFE0, 0xFE00, 0xF800, 0xF800, 0xFE80, 0xFFE0, 0xFFE0, 0xF980, 0xF800, 0xFB00, 0xFFE0, 0xFFE0, 0xF980, 0xF980,   // 0x48B0 (18608)
0xF980, 0xFA00, 0xFFE0, 0xFFE0, 0xFB00, 0xF920, 0xFF82, 0xFF82, 0xF9E0, 0xF800, 0xFE80, 0xFFE0, 0xFE80, 0xF800, 0xF800, 0xFFE0,   // 0x48C0 (18624)
0xFFE0, 0xFC80, 0xF800, 0xF800, 0xFD80, 0xFFE0, 0xFFE0, 0xFC80, 0xF800, 0xFE80, 0xFFE0, 0xFE80, 0xF800, 0xF800, 0xFA00, 0xFFE0,   // 0x48D0 (18640)
0xFFE0, 0xFFE0, 0xFFE0, 0xFFE0, 0xFFE0, 0xFD00, 0xF800, 0xF800, 0xFE80, 0xFFE0, 0xFE80, 0xF800, 0xFB00, 0xFFE0, 0xFFE0, 0xF980,   // 0x48E0 (18656)
0xF980, 0xF980, 0xFA00, 0xFFE0, 0xFFE0, 0xFB00, 0xF800, 0xF800, 0xFFE0, 0xFFE0, 0xFE00, 0xF800, 0xF800, 0xFE80, 0xFFE0, 0xFFE0,   // 0x48F0 (18672)
0xF980, 0xFC41, 0xFF82, 0xFF82, 0xFF82, 0xFF82, 0xFF82, 0xFF82, 0xFF82, 0xFF82, 0xFF82, 0xFF82, 0xFF82, 0xFF82, 0xFF82, 0xAD85,   // 0x4900 (18688)
0xADA5, 0xFF82, 0xFF82, 0xFF82, 0xFF82, 0xFF82, 0xFF82, 0xFF82, 0xFF82, 0xFF82, 0xFF82, 0xFF82, 0xFF82, 0xFE21, 0xF800, 0xF800,   // 0x4910 (18704)
0xFFE0, 0xFFE0, 0xFD80, 0xF800, 0xFF22, 0xFA20, 0xF800, 0xFD80, 0xFFE0, 0xFFE0, 0xF800, 0xF800, 0xF800, 0xF800, 0xFFE0, 0xFFE0,   // 0x4920 (18720)
0xFD80, 0xFFE0, 0xFFE0, 0xFE00, 0xF800, 0xF800, 0xFA80, 0xFFE0, 0xFFE0, 0xFD00, 0xF800, 0xFD80, 0xFFE0, 0xFFE0, 0xF800, 0xF800,   // 0x4930 (18736)
0xF800, 0xF800, 0xFFE0, 0xFFE0, 0xFD80, 0xF800, 0xFE41, 0xFF82, 0xF9E0, 0xF800, 0xFE80, 0xFFE0, 0xFE80, 0xF800, 0xF800, 0xFFE0,   // 0x4940 (18752)
0xFFE0, 0xFC80, 0xF800, 0xF800, 0xF900, 0xFFE0, 0xFFE0, 0xFC80, 0xF800, 0xFE80, 0xFFE0, 0xFE80, 0xF800, 0xF800, 0xF800, 0xFB80,   // 0x4950 (18768)
0xFFE0, 0xFFE0, 0xFFE0, 0xFFE0, 0xFD00, 0xF800, 0xF800, 0xF800, 0xFE80, 0xFFE0, 0xFE80, 0xF800, 0xFD80, 0xFFE0, 0xFFE0, 0xF800,   // 0x4960 (18784)
0xF800, 0xF800, 0xF800, 0xFFE0, 0xFFE0, 0xFD80, 0xF800, 0xF800, 0xFFE0, 0xFFE0, 0xFE00, 0xF800, 0xF800, 0xFA80, 0xFFE0, 0xFFE0,   // 0x4970 (18800)
0xFD00, 0xF8E0, 0xFF82, 0xFF82, 0xFF82, 0xFF82, 0xFF82, 0xFF82, 0xFF82, 0xFF82, 0xFF82, 0xFF82, 0xFF82, 0xFF82, 0xFF82, 0xAD85,   // 0x4980 (18816)
0xADA5, 0xFF82, 0xFF82, 0xFF82, 0xFF82, 0xFF82, 0xFF82, 0xFF82, 0xFF82, 0xFF82, 0xFF82, 0xFF82, 0xFF82, 0xFE41, 0xF800, 0xF800,   // 0x4990 (18832)
0xF800, 0xF800, 0xF800, 0xF800, 0xFF42, 0xF8A0, 0xF800, 0xF800, 0xF800, 0xF800, 0xF800, 0xFB20, 0xF860, 0xF800, 0xF800, 0xF800,   // 0x49A0 (18848)
0xF800, 0xF800, 0xF800, 0xF800, 0xF800, 0xF800, 0xF800, 0xF800, 0xF800, 0xF800, 0xF800, 0xF800, 0xF800, 0xF800, 0xF800, 0xFB61,   // 0x49B0 (18864)
0xF820, 0xF800, 0xF800, 0xF800, 0xF800, 0xF800, 0xFCE1, 0xFF82, 0xFA00, 0xF800, 0xF800, 0xF800, 0xF800, 0xF800, 0xF800, 0xF800,   // 0x49C0 (18880)
0xF800, 0xF800, 0xF800, 0xF820, 0xF800, 0xF800, 0xF800, 0xF800, 0xF800, 0xF800, 0xF800, 0xF800, 0xF800, 0xF800, 0xF9C0, 0xF800,   // 0x49D0 (18896)
0xF800, 0xF900, 0xF900, 0xF880, 0xF800, 0xF800, 0xF800, 0xF800, 0xF800, 0xF800, 0xF800, 0xF800, 0xF800, 0xF800, 0xF800, 0xF800,   // 0x49E0 (18912)
0xF800, 0xFBA1, 0xF800, 0xF800, 0xF800, 0xF800, 0xF800, 0xF800, 0xF800, 0xF800, 0xF800, 0xF800, 0xF800, 0xF800, 0xF800, 0xF800,   // 0x49F0 (18928)
0xF800, 0xF800, 0xFEC2, 0xFF82, 0xFF82, 0xFF82, 0xFF82, 0xFF82, 0xFF82, 0xFF82, 0xFF82, 0xFF82, 0xFF82, 0xFF82, 0xFF82, 0xAD85,   // 0x4A00 (18944)
0xADA5, 0xFF82, 0xFF82, 0xFF82, 0xFF82, 0xFF82, 0xFF82, 0xFF82, 0xFF82, 0xFF82, 0xFF82, 0xFF82, 0xFF82, 0xFF82, 0xF9E0, 0xF800,   // 0x4A10 (18960)
0xF800, 0xF800, 0xF800, 0xFAE0, 0xFF82, 0xFBC1, 0xF800, 0xF800, 0xF800, 0xF800, 0xF920, 0xFF02, 0xFC01, 0xF800, 0xF800, 0xF800,   // 0x4A20 (18976)
0xF800, 0xF800, 0xF800, 0xF800, 0xF800, 0xF9A0, 0xF9E0, 0xF800, 0xF800, 0xF800, 0xF800, 0xF800, 0xF800, 0xF800, 0xF980, 0xFF42,   // 0x4A30 (18992)
0xFB61, 0xF800, 0xF800, 0xF800, 0xF800, 0xF900, 0xFEE2, 0xFF82, 0xFD01, 0xF820, 0xF800, 0xF800, 0xF800, 0xF880, 0xF800, 0xF800,   // 0x4A40 (19008)
0xF800, 0xF800, 0xF9E0, 0xFCC1, 0xF800, 0xF800, 0xF800, 0xF800, 0xF880, 0xF800, 0xF800, 0xF800, 0xF800, 0xFA20, 0xFF62, 0xFBE1,   // 0x4A50 (19024)
0xF880, 0xF800, 0xF800, 0xF800, 0xF800, 0xF980, 0xFDE1, 0xFA40, 0xF800, 0xF800, 0xF800, 0xF800, 0xF800, 0xF800, 0xF800, 0xF800,   // 0x4A60 (19040)
0xFAA0, 0xFF82, 0xFA00, 0xF800, 0xF800, 0xF800, 0xF800, 0xF800, 0xF800, 0xF800, 0xF800, 0xFAC0, 0xF8A0, 0xF800, 0xF800, 0xF800,   // 0x4A70 (19056)
0xF800, 0xFA40, 0xFF82, 0xFF82, 0xFF82, 0xFF82, 0xFF82, 0xFF82, 0xFF82, 0xFF82, 0xFF82, 0xFF82, 0xFF82, 0xFF82, 0xFF82, 0xAD85,   // 0x4A80 (19072)
0xADA5, 0xFF82, 0xFF82, 0xFF82, 0xFF82, 0xFF82, 0xFF82, 0xFF82, 0xFF82, 0xFF82, 0xFF82, 0xFF82, 0xFF82, 0xFF82, 0xFF82, 0xFEA1,   // 0x4A90 (19088)
0xFE81, 0xFE81, 0xFEC2, 0xFF82, 0xFF82, 0xFF82, 0xFEE2, 0xFE81, 0xFE81, 0xFE81, 0xFF62, 0xFF82, 0xFF82, 0xFEE2, 0xFE81, 0xFE81,   // 0x4AA0 (19104)
0xFE81, 0xFEA1, 0xFE81, 0xFE81, 0xFEA1, 0xFF82, 0xFF82, 0xFEA1, 0xFE81, 0xFE81, 0xFE81, 0xFE81, 0xFE81, 0xFE81, 0xFF82, 0xFF82,   // 0x4AB0 (19120)
0xFF82, 0xFEE2, 0xFE81, 0xFE81, 0xFE81, 0xFF62, 0xFF82, 0xFF82, 0xFF82, 0xFF02, 0xFE81, 0xFE81, 0xFE81, 0xFF42, 0xFF02, 0xFE81,   // 0x4AC0 (19136)
0xFE81, 0xFEA1, 0xFF82, 0xFF82, 0xFF02, 0xFE81, 0xFE81, 0xFE81, 0xFF62, 0xFEA2, 0xFE81, 0xFE81, 0xFEA1, 0xFF82, 0xFF82, 0xFF82,   // 0x4AD0 (19152)
0xFF62, 0xFE01, 0xFD41, 0xFD41, 0xFE61, 0xFF82, 0xFF82, 0xFF82, 0xFEA2, 0xFE81, 0xFE81, 0xFEA1, 0xFE81, 0xFE81, 0xFE81, 0xFEC2,   // 0x4AE0 (19168)
0xFF82, 0xFF82, 0xFF82, 0xFEA1, 0xFE81, 0xFE81, 0xFE81, 0xFE81, 0xFE81, 0xFE81, 0xFEE2, 0xFF82, 0xFF62, 0xFE81, 0xFE81, 0xFE81,   // 0x4AF0 (19184)
0xFEA1, 0xFF82, 0xFF82, 0xFF82, 0xFF82, 0xFF82, 0xFF82, 0xFF82, 0xFF82, 0xFF82, 0xFF82, 0xFF82, 0xFF82, 0xFF82, 0xFF82, 0xAD85,   // 0x4B00 (19200)
0xADA5, 0xFF82, 0xFF82, 0xFF82, 0xFF82, 0xFF82, 0xFF82, 0xFF82, 0xFF82, 0xFF82, 0xFF82, 0xFF82, 0xFF82, 0xFF82, 0xFF82, 0xFF82,   // 0x4B10 (19216)
0xFF82, 0xFF82, 0xFF82, 0xFF82, 0xFF82, 0xFF82, 0xFF82, 0xFF82, 0xFF82, 0xFF82, 0xFF82, 0xFF82, 0xFF82, 0xFF82, 0xFF82, 0xFF82,   // 0x4B20 (19232)
0xFF82, 0xFF82, 0xFF82, 0xFF82, 0xFF82, 0xFF82, 0xFF82, 0xFF82, 0xFF82, 0xFF82, 0xFF82, 0xFF82, 0xFF82, 0xFF82, 0xFF82, 0xFF82,   // 0x4B30 (19248)
0xFF82, 0xFF82, 0xFF82, 0xFF82, 0xFF82, 0xFF82, 0xFF82, 0xFF82, 0xFF82, 0xFF82, 0xFF82, 0xFF82, 0xFF82, 0xFF82, 0xFF82, 0xFF82,   // 0x4B40 (19264)
0xFF82, 0xFF82, 0xFF82, 0xFF82, 0xFF82, 0xFF82, 0xFF82, 0xFF82, 0xFF82, 0xFF82, 0xFF82, 0xFF82, 0xFF82, 0xFF82, 0xFF82, 0xFF82,   // 0x4B50 (19280)
0xFF82, 0xFF82, 0xFF82, 0xFF82, 0xFF82, 0xFF82, 0xFF82, 0xFF82, 0xFF82, 0xFF82, 0xFF82, 0xFF82, 0xFF82, 0xFF82, 0xFF82, 0xFF82,   // 0x4B60 (19296)
0xFF82, 0xFF82, 0xFF82, 0xFF82, 0xFF82, 0xFF82, 0xFF82, 0xFF82, 0xFF82, 0xFF82, 0xFF82, 0xFF82, 0xFF82, 0xFF82, 0xFF82, 0xFF82,   // 0x4B70 (19312)
0xFF82, 0xFF82, 0xFF82, 0xFF82, 0xFF82, 0xFF82, 0xFF82, 0xFF82, 0xFF82, 0xFF82, 0xFF82, 0xFF82, 0xFF82, 0xFF82, 0xFF82, 0xAD85,   // 0x4B80 (19328)
0xADA5, 0xFF82, 0xFF82, 0xFF82, 0xFF82, 0xFF82, 0xFF82, 0xFF82, 0xFF82, 0xFF82, 0xFF82, 0xFF82, 0xFF82, 0xFF82, 0xFF82, 0xFF82,   // 0x4B90 (19344)
0xFF82, 0xFF82, 0xFF82, 0xFF82, 0xFF82, 0xFF82, 0xFF82, 0xFF82, 0xFF82, 0xFF82, 0xFF82, 0xFF82, 0xFF82, 0xFF82, 0xFF82, 0xFF82,   // 0x4BA0 (19360)
0xFF82, 0xFF82, 0xFF82, 0xFF82, 0xFF82, 0xFF82, 0xFF82, 0xFF82, 0xFF82, 0xFF82, 0xFF82, 0xFF82, 0xFF82, 0xFF82, 0xFF82, 0xFF82,   // 0x4BB0 (19376)
0xFF82, 0xFF82, 0xFF82, 0xFF82, 0xFF82, 0xFF82, 0xFF82, 0xFF82, 0xFF82, 0xFF82, 0xFF82, 0xFF82, 0xFF82, 0xFF82, 0xFF82, 0xFF82,   // 0x4BC0 (19392)
0xFF82, 0xFF82, 0xFF82, 0xFF82, 0xFF82, 0xFF82, 0xFF82, 0xFF82, 0xFF82, 0xFF82, 0xFF82, 0xFF82, 0xFF82, 0xFF82, 0xFF82, 0xFF82,   // 0x4BD0 (19408)
0xFF82, 0xFF82, 0xFF82, 0xFF82, 0xFF82, 0xFF82, 0xFF82, 0xFF82, 0xFF82, 0xFF82, 0xFF82, 0xFF82, 0xFF82, 0xFF82, 0xFF82, 0xFF82,   // 0x4BE0 (19424)
0xFF82, 0xFF82, 0xFF82, 0xFF82, 0xFF82, 0xFF82, 0xFF82, 0xFF82, 0xFF82, 0xFF82, 0xFF82, 0xFF82, 0xFF82, 0xFF82, 0xFF82, 0xFF82,   // 0x4BF0 (19440)
0xFF82, 0xFF82, 0xFF82, 0xFF82, 0xFF82, 0xFF82, 0xFF82, 0xFF82, 0xFF82, 0xFF82, 0xFF82, 0xFF82, 0xFF82, 0xFF82, 0xFF82, 0xAD85,   // 0x4C00 (19456)
0xADA5, 0xFF82, 0xFF82, 0xFF82, 0xFF82, 0xFF82, 0xFF82, 0xFF82, 0xFF82, 0xFF82, 0xFF82, 0xFF82, 0xFF82, 0xFF82, 0xFF82, 0xFF82,   // 0x4C10 (19472)
0xFF82, 0xFF82, 0xFF82, 0xFF82, 0xFF82, 0xFF82, 0xFF82, 0xFF82, 0xFF82, 0xFF82, 0xFF82, 0xFF82, 0xFF82, 0xFF82, 0xFF82, 0xFF82,   // 0x4C20 (19488)
0xFF82, 0xFF82, 0xFF82, 0xFF82, 0xFF82, 0xFF82, 0xFF82, 0xFF82, 0xFF82, 0xFF82, 0xFF82, 0xFF82, 0xFF82, 0xFF82, 0xFF82, 0xFF82,   // 0x4C30 (19504)
0xFF82, 0xFF82, 0xFF82, 0xFF82, 0xFF82, 0xFF82, 0xFF82, 0xFF82, 0xFF82, 0xFF82, 0xFF82, 0xFF82, 0xFF82, 0xFF82, 0xFF82, 0xFF82,   // 0x4C40 (19520)
0xFF82, 0xFF82, 0xFF82, 0xFF82, 0xFF82, 0xFF82, 0xFF82, 0xFF82, 0xFF82, 0xFF82, 0xFF82, 0xFF82, 0xFF82, 0xFF82, 0xFF82, 0xFF82,   // 0x4C50 (19536)
0xFF82, 0xFF82, 0xFF82, 0xFF82, 0xFF82, 0xFF82, 0xFF82, 0xFF82, 0xFF82, 0xFF82, 0xFF82, 0xFF82, 0xFF82, 0xFF82, 0xFF82, 0xFF82,   // 0x4C60 (19552)
0xFF82, 0xFF82, 0xFF82, 0xFF82, 0xFF82, 0xFF82, 0xFF82, 0xFF82, 0xFF82, 0xFF82, 0xFF82, 0xFF82, 0xFF82, 0xFF82, 0xFF82, 0xFF82,   // 0x4C70 (19568)
0xFF82, 0xFF82, 0xFF82, 0xFF82, 0xFF82, 0xFF82, 0xFF82, 0xFF82, 0xFF82, 0xFF82, 0xFF82, 0xFF82, 0xFF82, 0xFF82, 0xFF82, 0xAD85,   // 0x4C80 (19584)
0xADA5, 0xFF82, 0xFF82, 0xFF82, 0xFF82, 0xFF82, 0xFF82, 0xFF82, 0xFF82, 0xFF82, 0xFF82, 0xFF82, 0xFF82, 0xFF82, 0xFF82, 0xFF82,   // 0x4C90 (19600)
0xFF82, 0xFF82, 0xFF82, 0xFF82, 0xFF82, 0xFF82, 0xFF82, 0xFF82, 0xFF82, 0xFF82, 0xFF82, 0xFF82, 0xFF82, 0xFF82, 0xFF82, 0xFF82,   // 0x4CA0 (19616)
0xFF82, 0xFF82, 0xFF82, 0xFF82, 0xFF82, 0xFF82, 0xFF82, 0xFF82, 0xFF82, 0xFF82, 0xFF82, 0xFF82, 0xFF82, 0xFF82, 0xFF82, 0xFF82,   // 0x4CB0 (19632)
0xFF82, 0xFF82, 0xFF82, 0xFF82, 0xFF82, 0xFF82, 0xFF82, 0xFF82, 0xFF82, 0xFF82, 0xFF82, 0xFF82, 0xFF82, 0xFF82, 0xFF82, 0xFF82,   // 0x4CC0 (19648)
0xFF82, 0xFF82, 0xFF82, 0xFF82, 0xFF82, 0xFF82, 0xFF82, 0xFF82, 0xFF82, 0xFF82, 0xFF82, 0xFF82, 0xFF82, 0xFF82, 0xFF82, 0xFF82,   // 0x4CD0 (19664)
0xFF82, 0xFF82, 0xFF82, 0xFF82, 0xFF82, 0xFF82, 0xFF82, 0xFF82, 0xFF82, 0xFF82, 0xFF82, 0xFF82, 0xFF82, 0xFF82, 0xFF82, 0xFF82,   // 0x4CE0 (19680)
0xFF82, 0xFF82, 0xFF82, 0xFF82, 0xFF82, 0xFF82, 0xFF82, 0xFF82, 0xFF82, 0xFF82, 0xFF82, 0xFF82, 0xFF82, 0xFF82, 0xFF82, 0xFF82,   // 0x4CF0 (19696)
0xFF82, 0xFF82, 0xFF82, 0xFF82, 0xFF82, 0xFF82, 0xFF82, 0xFF82, 0xFF82, 0xFF82, 0xFF82, 0xFF82, 0xFF82, 0xFF82, 0xFF82, 0xAD85,   // 0x4D00 (19712)
0xADA5, 0xFF82, 0xFF82, 0xFF82, 0xFF82, 0xFF82, 0xFF82, 0xFF82, 0xFF82, 0xFF82, 0xFF82, 0xFF82, 0xFF82, 0xFF82, 0xFF82, 0xFF82,   // 0x4D10 (19728)
0xFF82, 0xFF82, 0xFF82, 0xFF82, 0xFF82, 0xFF82, 0xFF82, 0xFF82, 0xFF82, 0xFF82, 0xFF82, 0xFF82, 0xFF82, 0xFF82, 0xFF82, 0xFF82,   // 0x4D20 (19744)
0xFF82, 0xFF82, 0xFF82, 0xFF82, 0xFF82, 0xFF82, 0xFF82, 0xFF82, 0xFF82, 0xFF82, 0xFF82, 0xFF82, 0xFF82, 0xFF82, 0xFF82, 0xFF82,   // 0x4D30 (19760)
0xFF82, 0xFF82, 0xFF82, 0xFF82, 0xFF82, 0xFF82, 0xFF82, 0xFF82, 0xFF82, 0xFF82, 0xFF82, 0xFF82, 0xFF82, 0xFF82, 0xFF82, 0xFF82,   // 0x4D40 (19776)
0xFF82, 0xFF82, 0xFF82, 0xFF82, 0xFF82, 0xFF82, 0xFF82, 0xFF82, 0xFF82, 0xFF82, 0xFF82, 0xFF82, 0xFF82, 0xFF82, 0xFF82, 0xFF82,   // 0x4D50 (19792)
0xFF82, 0xFF82, 0xFF82, 0xFF82, 0xFF82, 0xFF82, 0xFF82, 0xFF82, 0xFF82, 0xFF82, 0xFF82, 0xFF82, 0xFF82, 0xFF82, 0xFF82, 0xFF82,   // 0x4D60 (19808)
0xFF82, 0xFF82, 0xFF82, 0xFF82, 0xFF82, 0xFF82, 0xFF82, 0xFF82, 0xFF82, 0xFF82, 0xFF82, 0xFF82, 0xFF82, 0xFF82, 0xFF82, 0xFF82,   // 0x4D70 (19824)
0xFF82, 0xFF82, 0xFF82, 0xFF82, 0xFF82, 0xFF82, 0xFF82, 0xFF82, 0xFF82, 0xFF82, 0xFF82, 0xFF82, 0xFF82, 0xFF82, 0xFF82, 0xAD85,   // 0x4D80 (19840)
0xADA5, 0xFF82, 0xFF82, 0xFF82, 0xFF82, 0xFF82, 0xFF82, 0xFF82, 0xFF82, 0xFF82, 0xFF82, 0xFF82, 0xFF82, 0xFF82, 0xFF82, 0xFF82,   // 0x4D90 (19856)
0xFF82, 0xFF82, 0xFF82, 0xFF82, 0xFF82, 0xFF82, 0xFF82, 0xFF82, 0xFF82, 0xFF82, 0xFF82, 0xFF82, 0xFF82, 0xFF82, 0xFF82, 0xFF82,   // 0x4DA0 (19872)
0xFF82, 0xFF82, 0xFF82, 0xFF82, 0xFF82, 0xFF82, 0xFF82, 0xFF82, 0xFF82, 0xFF82, 0xFF82, 0xFF82, 0xFF82, 0xFF82, 0xFF82, 0xFF82,   // 0x4DB0 (19888)
0xFF82, 0xFF82, 0xFF82, 0xFF82, 0xFF82, 0xFF82, 0xFF82, 0xFF82, 0xFF82, 0xFF82, 0xFF82, 0xFF82, 0xFF82, 0xFF82, 0xFF82, 0xFF82,   // 0x4DC0 (19904)
0xFF82, 0xFF82, 0xFF82, 0xFF82, 0xFF82, 0xFF82, 0xFF82, 0xFF82, 0xFF82, 0xFF82, 0xFF82, 0xFF82, 0xFF82, 0xFF82, 0xFF82, 0xFF82,   // 0x4DD0 (19920)
0xFF82, 0xFF82, 0xFF82, 0xFF82, 0xFF82, 0xFF82, 0xFF82, 0xFF82, 0xFF82, 0xFF82, 0xFF82, 0xFF82, 0xFF82, 0xFF82, 0xFF82, 0xFF82,   // 0x4DE0 (19936)
0xFF82, 0xFF82, 0xFF82, 0xFF82, 0xFF82, 0xFF82, 0xFF82, 0xFF82, 0xFF82, 0xFF82, 0xFF82, 0xFF82, 0xFF82, 0xFF82, 0xFF82, 0xFF82,   // 0x4DF0 (19952)
0xFF82, 0xFF82, 0xFF82, 0xFF82, 0xFF82, 0xFF82, 0xFF82, 0xFF82, 0xFF82, 0xFF82, 0xFF82, 0xFF82, 0xFF82, 0xFF82, 0xFF82, 0xAD85,   // 0x4E00 (19968)
0xADA5, 0xFF82, 0xFF82, 0xFF82, 0xFF82, 0xFF82, 0xFF82, 0xFF82, 0xFF82, 0xFF82, 0xFF82, 0xFF82, 0xFF82, 0xFF82, 0xFF82, 0xFF82,   // 0x4E10 (19984)
0xFF82, 0xFF82, 0xFF82, 0xFF82, 0xFF82, 0xFF82, 0xFF82, 0xFF82, 0xFF82, 0xFF82, 0xFF82, 0xFF82, 0xFF82, 0xFF82, 0xFF82, 0xFF82,   // 0x4E20 (20000)
0xFF82, 0xFF82, 0xFF82, 0xFF82, 0xFF82, 0xFF82, 0xFF82, 0xFF82, 0xFF82, 0xFF82, 0xFF82, 0xFF82, 0xFF82, 0xFF82, 0xFF82, 0xFF82,   // 0x4E30 (20016)
0xFF82, 0xFF82, 0xFF82, 0xFF82, 0xFF82, 0xFF82, 0xFF82, 0xFF82, 0xFF82, 0xFF82, 0xFF82, 0xFF82, 0xFF82, 0xFF82, 0xFF82, 0xFF82,   // 0x4E40 (20032)
0xFF82, 0xFF82, 0xFF82, 0xFF82, 0xFF82, 0xFF82, 0xFF82, 0xFF82, 0xFF82, 0xFF82, 0xFF82, 0xFF82, 0xFF82, 0xFF82, 0xFF82, 0xFF82,   // 0x4E50 (20048)
0xFF82, 0xFF82, 0xFF82, 0xFF82, 0xFF82, 0xFF82, 0xFF82, 0xFF82, 0xFF82, 0xFF82, 0xFF82, 0xFF82, 0xFF82, 0xFF82, 0xFF82, 0xFF82,   // 0x4E60 (20064)
0xFF82, 0xFF82, 0xFF82, 0xFF82, 0xFF82, 0xFF82, 0xFF82, 0xFF82, 0xFF82, 0xFF82, 0xFF82, 0xFF82, 0xFF82, 0xFF82, 0xFF82, 0xFF82,   // 0x4E70 (20080)
0xFF82, 0xFF82, 0xFF82, 0xFF82, 0xFF82, 0xFF82, 0xFF82, 0xFF82, 0xFF82, 0xFF82, 0xFF82, 0xFF82, 0xFF82, 0xFF82, 0xFF82, 0xAD85,   // 0x4E80 (20096)
0xADA5, 0xFF82, 0xFF82, 0xFF82, 0xFF82, 0xFF82, 0xFF82, 0xFF82, 0xFF82, 0xFF82, 0xFF82, 0xFF82, 0xFF82, 0xFF82, 0xFF82, 0xFF82,   // 0x4E90 (20112)
0xFF82, 0xFF82, 0xFF82, 0xFF82, 0xFF82, 0xFF82, 0xFF82, 0xFF82, 0xFF82, 0xFF82, 0xFF82, 0xFF82, 0xFF82, 0xFF82, 0xFF82, 0xFF82,   // 0x4EA0 (20128)
0xFF82, 0xFF82, 0xFF82, 0xFF82, 0xFF82, 0xFF82, 0xFF82, 0xFF82, 0xFF82, 0xFF82, 0xFF82, 0xFF82, 0xFF82, 0xFF82, 0xFF82, 0xFF82,   // 0x4EB0 (20144)
0xFF82, 0xFF82, 0xFF82, 0xFF82, 0xFF82, 0xFF82, 0xFF82, 0xFF82, 0xFF82, 0xFF82, 0xFF82, 0xFF82, 0xFF82, 0xFF82, 0xFF82, 0xFF82,   // 0x4EC0 (20160)
0xFF82, 0xFF82, 0xFF82, 0xFF82, 0xFF82, 0xFF82, 0xFF82, 0xFF82, 0xFF82, 0xFF82, 0xFF82, 0xFF82, 0xFF82, 0xFF82, 0xFF82, 0xFF82,   // 0x4ED0 (20176)
0xFF82, 0xFF82, 0xFF82, 0xFF82, 0xFF82, 0xFF82, 0xFF82, 0xFF82, 0xFF82, 0xFF82, 0xFF82, 0xFF82, 0xFF82, 0xFF82, 0xFF82, 0xFF82,   // 0x4EE0 (20192)
0xFF82, 0xFF82, 0xFF82, 0xFF82, 0xFF82, 0xFF82, 0xFF82, 0xFF82, 0xFF82, 0xFF82, 0xFF82, 0xFF82, 0xFF82, 0xFF82, 0xFF82, 0xFF82,   // 0x4EF0 (20208)
0xFF82, 0xFF82, 0xFF82, 0xFF82, 0xFF82, 0xFF82, 0xFF82, 0xFF82, 0xFF82, 0xFF82, 0xFF82, 0xFF82, 0xFF82, 0xFF82, 0xFF82, 0xAD85,   // 0x4F00 (20224)
0xADA5, 0xFF82, 0xFF82, 0xFF82, 0xFF82, 0xFF82, 0xFF82, 0xFF82, 0xFF82, 0xFF82, 0xFF82, 0xFF82, 0xFF82, 0xFF82, 0xFF82, 0xFF82,   // 0x4F10 (20240)
0xFF82, 0xFF82, 0xFF82, 0xFF82, 0xFF82, 0xFF82, 0xFF82, 0xFF82, 0xFF82, 0xFF82, 0xFF82, 0xFF82, 0xFF82, 0xFF82, 0xFF82, 0xFF82,   // 0x4F20 (20256)
0xFF82, 0xFF82, 0xFF82, 0xFF82, 0xFF82, 0xFF82, 0xFF82, 0xFF82, 0xFF82, 0xFF82, 0xFF82, 0xFF82, 0xFF82, 0xFF82, 0xFF82, 0xFF82,   // 0x4F30 (20272)
0xFF82, 0xFF82, 0xFF82, 0xFF82, 0xFF82, 0xFF82, 0xFF82, 0xFF82, 0xFF82, 0xFF82, 0xFF82, 0xFF82, 0xFF82, 0xFF82, 0xFF82, 0xFF82,   // 0x4F40 (20288)
0xFF82, 0xFF82, 0xFF82, 0xFF82, 0xFF82, 0xFF82, 0xFF82, 0xFF82, 0xFF82, 0xFF82, 0xFF82, 0xFF82, 0xFF82, 0xFF82, 0xFF82, 0xFF82,   // 0x4F50 (20304)
0xFF82, 0xFF82, 0xFF82, 0xFF82, 0xFF82, 0xFF82, 0xFF82, 0xFF82, 0xFF82, 0xFF82, 0xFF82, 0xFF82, 0xFF82, 0xFF82, 0xFF82, 0xFF82,   // 0x4F60 (20320)
0xFF82, 0xFF82, 0xFF82, 0xFF82, 0xFF82, 0xFF82, 0xFF82, 0xFF82, 0xFF82, 0xFF82, 0xFF82, 0xFF82, 0xFF82, 0xFF82, 0xFF82, 0xFF82,   // 0x4F70 (20336)
0xFF82, 0xFF82, 0xFF82, 0xFF82, 0xFF82, 0xFF82, 0xFF82, 0xFF82, 0xFF82, 0xFF82, 0xFF82, 0xFF82, 0xFF82, 0xFF82, 0xFF82, 0xAD85,   // 0x4F80 (20352)
0x84A7, 0x8CE6, 0x8CE6, 0x8CE6, 0x8CE6, 0x8CE6, 0x8CE6, 0x8CE6, 0x8CE6, 0x8CE6, 0x8CE6, 0x8CE6, 0x8CE6, 0x8CE6, 0x8CE6, 0x8CE6,   // 0x4F90 (20368)
0x8CE6, 0x8CE6, 0x8CE6, 0x8CE6, 0x8CE6, 0x8CE6, 0x8CE6, 0x8CE6, 0x8CE6, 0x8CE6, 0x8CE6, 0x8CE6, 0x8CE6, 0x8CE6, 0x8CE6, 0x8CE6,   // 0x4FA0 (20384)
0x8CE6, 0x8CE6, 0x8CE6, 0x8CE6, 0x8CE6, 0x8CE6, 0x8CE6, 0x8CE6, 0x8CE6, 0x8CE6, 0x8CE6, 0x8CE6, 0x8CE6, 0x8CE6, 0x8CE6, 0x8CE6,   // 0x4FB0 (20400)
0x8CE6, 0x8CE6, 0x8CE6, 0x8CE6, 0x8CE6, 0x8CE6, 0x8CE6, 0x8CE6, 0x8CE6, 0x8CE6, 0x8CE6, 0x8CE6, 0x8CE6, 0x8CE6, 0x8CE6, 0x8CE6,   // 0x4FC0 (20416)
0x8CE6, 0x8CE6, 0x8CE6, 0x8CE6, 0x8CE6, 0x8CE6, 0x8CE6, 0x8CE6, 0x8CE6, 0x8CE6, 0x8CE6, 0x8CE6, 0x8CE6, 0x8CE6, 0x8CE6, 0x8CE6,   // 0x4FD0 (20432)
0x8CE6, 0x8CE6, 0x8CE6, 0x8CE6, 0x8CE6, 0x8CE6, 0x8CE6, 0x8CE6, 0x8CE6, 0x8CE6, 0x8CE6, 0x8CE6, 0x8CE6, 0x8CE6, 0x8CE6, 0x8CE6,   // 0x4FE0 (20448)
0x8CE6, 0x8CE6, 0x8CE6, 0x8CE6, 0x8CE6, 0x8CE6, 0x8CE6, 0x8CE6, 0x8CE6, 0x8CE6, 0x8CE6, 0x8CE6, 0x8CE6, 0x8CE6, 0x8CE6, 0x8CE6,   // 0x4FF0 (20464)
0x8CE6, 0x8CE6, 0x8CE6, 0x8CE6, 0x8CE6, 0x8CE6, 0x8CE6, 0x8CE6, 0x8CE6, 0x8CE6, 0x8CE6, 0x8CE6, 0x8CE6, 0x8CE6, 0x8CE6, 0x84C7,   // 0x5000 (20480)
};
