// --- COLE A ARRAY DA SUA IMAGEM AQUI ---
const uint16_t Tela_inicial[] PROGMEM = {
0x1556, 0x1DD3, 0x1DD3, 0x1DD3, 0x1DD3, 0x1DD3, 0x1DD3, 0x1DD3, 0x1DD3, 0x1DD3, 0x1DD3, 0x1DD3, 0x1DD3, 0x1DD3, 0x1DD3, 0x1DD3,   // 0x0010 (16)
0x1DD3, 0x1DD3, 0x1DD3, 0x1DD3, 0x1DD3, 0x1DD3, 0x1DD3, 0x1DD3, 0x1DD3, 0x1DD3, 0x1DD3, 0x1575, 0x0CBA, 0x045C, 0x045C, 0x045C,   // 0x0020 (32)
0x045C, 0x045C, 0x045C, 0x045C, 0x045C, 0x045C, 0x045C, 0x045C, 0x045C, 0x045C, 0x045C, 0x045C, 0x045C, 0x045C, 0x045C, 0x045C,   // 0x0030 (48)
0x045C, 0x045C, 0x045C, 0x045C, 0x045C, 0x045C, 0x045C, 0x045C, 0x045C, 0x045C, 0x045C, 0x045C, 0x045C, 0x045C, 0x045C, 0x045C,   // 0x0040 (64)
0x045C, 0x045C, 0x045C, 0x045C, 0x045C, 0x045C, 0x045C, 0x045C, 0x045C, 0x045C, 0x045C, 0x045C, 0x045C, 0x045C, 0x045C, 0x045C,   // 0x0050 (80)
0x045C, 0x045C, 0x045C, 0x045C, 0x045C, 0x045C, 0x045C, 0x045C, 0x045C, 0x045C, 0x045C, 0x045C, 0x045C, 0x045C, 0x045C, 0x045C,   // 0x0060 (96)
0x045C, 0x045C, 0x045C, 0x045C, 0x045C, 0x045C, 0x045C, 0x045C, 0x045C, 0x045C, 0x045C, 0x045C, 0x045C, 0x045C, 0x045C, 0x045C,   // 0x0070 (112)
0x045C, 0x045C, 0x045C, 0x045C, 0x045C, 0x045C, 0x045C, 0x045C, 0x045C, 0x045C, 0x045C, 0x045C, 0x045C, 0x045C, 0x045C, 0x045C,   // 0x0080 (128)
0x1556, 0x2611, 0x2611, 0x2611, 0x2611, 0x2611, 0x2611, 0x2611, 0x2611, 0x2611, 0x2611, 0x2611, 0x2611, 0x2611, 0x2611, 0x2611,   // 0x0090 (144)
0x2611, 0x2611, 0x2611, 0x2611, 0x2611, 0x2611, 0x2611, 0x2611, 0x2611, 0x1575, 0x04B9, 0x045C, 0x045C, 0x045C, 0x045C, 0x045C,   // 0x00A0 (160)
0x045C, 0x045C, 0x045C, 0x045C, 0x045C, 0x045C, 0x045C, 0x045C, 0x045C, 0x045C, 0x045C, 0x045C, 0x045C, 0x045C, 0x045C, 0x045C,   // 0x00B0 (176)
0x045C, 0x045C, 0x045C, 0x045C, 0x045C, 0x045C, 0x045C, 0x045C, 0x045C, 0x045C, 0x045C, 0x045C, 0x045C, 0x045C, 0x045C, 0x045C,   // 0x00C0 (192)
0x045C, 0x045C, 0x045C, 0x045C, 0x045C, 0x045C, 0x045C, 0x045C, 0x045C, 0x045C, 0x045C, 0x045C, 0x045C, 0x045C, 0x045C, 0x045C,   // 0x00D0 (208)
0x045C, 0x045C, 0x045C, 0x045C, 0x045C, 0x045C, 0x045C, 0x045C, 0x045C, 0x045C, 0x045C, 0x045C, 0x045C, 0x045C, 0x045C, 0x045C,   // 0x00E0 (224)
0x045C, 0x045C, 0x045C, 0x045C, 0x045C, 0x045C, 0x045C, 0x045C, 0x045C, 0x045C, 0x045C, 0x045C, 0x045C, 0x045C, 0x045C, 0x045C,   // 0x00F0 (240)
0x045C, 0x045C, 0x045C, 0x045C, 0x045C, 0x045C, 0x045C, 0x045C, 0x045C, 0x045C, 0x045C, 0x045C, 0x045C, 0x045C, 0x045C, 0x045C,   // 0x0100 (256)
0x1556, 0x2611, 0x2611, 0x2611, 0x2611, 0x2611, 0x2611, 0x2611, 0x2611, 0x2611, 0x2611, 0x2611, 0x2611, 0x2611, 0x2611, 0x2611,   // 0x0110 (272)
0x2611, 0x2611, 0x2611, 0x2611, 0x2611, 0x2611, 0x2611, 0x1D94, 0x04BA, 0x045C, 0x045C, 0x045C, 0x045C, 0x045C, 0x045C, 0x045C,   // 0x0120 (288)
0x045C, 0x045C, 0x045C, 0x045C, 0x045C, 0x045C, 0x045C, 0x045C, 0x045C, 0x045C, 0x045C, 0x045C, 0x045C, 0x045C, 0x045C, 0x045C,   // 0x0130 (304)
0x045C, 0x045C, 0x045C, 0x045C, 0x045C, 0x045C, 0x045C, 0x045C, 0x045C, 0x045C, 0x045C, 0x045C, 0x045C, 0x045C, 0x045C, 0x045C,   // 0x0140 (320)
0x045C, 0x045C, 0x045C, 0x045C, 0x045C, 0x045C, 0x045C, 0x045C, 0x045C, 0x045C, 0x045C, 0x045C, 0x045C, 0x045C, 0x045C, 0x045C,   // 0x0150 (336)
0x045C, 0x045C, 0x045C, 0x045C, 0x045C, 0x045C, 0x045C, 0x045C, 0x045C, 0x045C, 0x045C, 0x045C, 0x045C, 0x045C, 0x045C, 0x045C,   // 0x0160 (352)
0x045C, 0x045C, 0x045C, 0x045C, 0x045C, 0x045C, 0x045C, 0x045C, 0x045C, 0x045C, 0x045C, 0x045C, 0x045C, 0x045C, 0x045C, 0x045C,   // 0x0170 (368)
0x045C, 0x045C, 0x045C, 0x045C, 0x045C, 0x045C, 0x045C, 0x045C, 0x045C, 0x045C, 0x045C, 0x045C, 0x045C, 0x045C, 0x045C, 0x045C,   // 0x0180 (384)
0x1556, 0x2611, 0x2611, 0x2611, 0x2611, 0x2611, 0x2611, 0x2611, 0x2611, 0x2611, 0x2611, 0x2611, 0x2611, 0x2611, 0x2611, 0x2611,   // 0x0190 (400)
0x2611, 0x2611, 0x2611, 0x2611, 0x2611, 0x25F2, 0x0CF8, 0x045C, 0x045C, 0x045C, 0x045C, 0x045C, 0x045C, 0x045C, 0x045C, 0x045C,   // 0x01A0 (416)
0x045C, 0x045C, 0x045C, 0x045C, 0x045C, 0x045C, 0x045C, 0x045C, 0x045C, 0x045C, 0x045C, 0x045C, 0x045C, 0x045C, 0x045C, 0x045C,   // 0x01B0 (432)
0x045C, 0x045C, 0x045C, 0x045C, 0x045C, 0x045C, 0x045C, 0x045C, 0x045C, 0x045C, 0x045C, 0x045C, 0x045C, 0x045C, 0x045C, 0x045C,   // 0x01C0 (448)
0x045C, 0x045C, 0x045C, 0x045C, 0x045C, 0x045C, 0x045C, 0x045C, 0x045C, 0x045C, 0x045C, 0x045C, 0x045C, 0x045C, 0x045C, 0x045C,   // 0x01D0 (464)
0x045C, 0x045C, 0x045C, 0x045C, 0x045C, 0x045C, 0x045C, 0x045C, 0x045C, 0x045C, 0x045C, 0x045C, 0x045C, 0x045C, 0x045C, 0x045C,   // 0x01E0 (480)
0x045C, 0x045C, 0x045C, 0x045C, 0x045C, 0x045C, 0x045C, 0x045C, 0x045C, 0x045C, 0x045C, 0x045C, 0x045C, 0x045C, 0x045C, 0x045C,   // 0x01F0 (496)
0x045C, 0x045C, 0x045C, 0x045C, 0x045C, 0x045C, 0x045C, 0x045C, 0x045C, 0x045C, 0x045C, 0x045C, 0x045C, 0x045C, 0x045C, 0x045C,   // 0x0200 (512)
0x1556, 0x2611, 0x2611, 0x2611, 0x2611, 0x2611, 0x2611, 0x2611, 0x2611, 0x2611, 0x2611, 0x2611, 0x2611, 0x2611, 0x2611, 0x2611,   // 0x0210 (528)
0x2611, 0x2611, 0x2611, 0x2611, 0x1DB4, 0x049B, 0x045C, 0x045C, 0x045C, 0x045C, 0x045C, 0x045C, 0x045C, 0x045C, 0x045C, 0x045C,   // 0x0220 (544)
0x045C, 0x045C, 0x045C, 0x045C, 0x045C, 0x045C, 0x045C, 0x045C, 0x045C, 0x045C, 0x045C, 0x045C, 0x045C, 0x045C, 0x045C, 0x045C,   // 0x0230 (560)
0x045C, 0x045C, 0x045C, 0x045C, 0x045C, 0x045C, 0x045C, 0x045C, 0x045C, 0x045C, 0x045C, 0x045C, 0x045C, 0x045C, 0x045C, 0x045C,   // 0x0240 (576)
0x045C, 0x045C, 0x045C, 0x045C, 0x045C, 0x045C, 0x045C, 0x045C, 0x045C, 0x045C, 0x045C, 0x045C, 0x045C, 0x045C, 0x045C, 0x045C,   // 0x0250 (592)
0x045C, 0x045C, 0x045C, 0x045C, 0x045C, 0x045C, 0x045C, 0x045C, 0x045C, 0x045C, 0x045C, 0x045C, 0x045C, 0x045C, 0x045C, 0x045C,   // 0x0260 (608)
0x045C, 0x045C, 0x045C, 0x045C, 0x045C, 0x045C, 0x045C, 0x045C, 0x045C, 0x045C, 0x045C, 0x045C, 0x045C, 0x045C, 0x045C, 0x045C,   // 0x0270 (624)
0x045C, 0x045C, 0x045C, 0x045C, 0x045C, 0x045C, 0x045C, 0x045C, 0x045C, 0x045C, 0x045C, 0x045C, 0x045C, 0x045C, 0x045C, 0x045C,   // 0x0280 (640)
0x1556, 0x2611, 0x2611, 0x2611, 0x2611, 0x2611, 0x2611, 0x2611, 0x2611, 0x2611, 0x2611, 0x2611, 0x2611, 0x2611, 0x2611, 0x2611,   // 0x0290 (656)
0x2611, 0x2611, 0x2611, 0x1575, 0x047B, 0x045C, 0x045C, 0x045C, 0x045C, 0x045C, 0x045C, 0x045C, 0x045C, 0x045C, 0x045C, 0x045C,   // 0x02A0 (672)
0x045C, 0x045C, 0x045C, 0x045C, 0x045C, 0x045C, 0x045C, 0x045C, 0x045C, 0x045C, 0x045C, 0x045C, 0x045C, 0x045C, 0x045C, 0x045C,   // 0x02B0 (688)
0x045C, 0x045C, 0x045C, 0x045C, 0x045C, 0x045C, 0x045C, 0x045C, 0x045C, 0x045C, 0x045C, 0x045C, 0x045C, 0x045C, 0x045C, 0x045C,   // 0x02C0 (704)
0x045C, 0x045C, 0x045C, 0x045C, 0x045C, 0x045C, 0x045C, 0x045C, 0x045C, 0x045C, 0x045C, 0x045C, 0x045C, 0x045C, 0x045C, 0x045C,   // 0x02D0 (720)
0x045C, 0x045C, 0x045C, 0x045C, 0x045C, 0x045C, 0x045C, 0x045C, 0x045C, 0x045C, 0x045C, 0x045C, 0x045C, 0x045C, 0x045C, 0x045C,   // 0x02E0 (736)
0x045C, 0x045C, 0x045C, 0x045C, 0x045C, 0x045C, 0x045C, 0x045C, 0x045C, 0x045C, 0x045C, 0x045C, 0x045C, 0x045C, 0x045C, 0x045C,   // 0x02F0 (752)
0x045C, 0x045C, 0x045C, 0x045C, 0x045C, 0x045C, 0x045C, 0x045C, 0x045C, 0x045C, 0x045C, 0x045C, 0x045C, 0x045C, 0x045C, 0x045C,   // 0x0300 (768)
0x1556, 0x2611, 0x2611, 0x2611, 0x2611, 0x2611, 0x2611, 0x2611, 0x2611, 0x2611, 0x2611, 0x2611, 0x2611, 0x2611, 0x2611, 0x2611,   // 0x0310 (784)
0x2611, 0x2611, 0x1575, 0x045C, 0x045C, 0x045C, 0x045C, 0x045C, 0x045C, 0x045C, 0x045C, 0x045C, 0x045C, 0x045C, 0x045C, 0x045C,   // 0x0320 (800)
0x045C, 0x045C, 0x045C, 0x045C, 0x045C, 0x045C, 0x045C, 0x045C, 0x045C, 0x045C, 0x045C, 0x045C, 0x045C, 0x045C, 0x045C, 0x045C,   // 0x0330 (816)
0x045C, 0x045C, 0x045C, 0x045C, 0x045C, 0x045C, 0x045C, 0x045C, 0x045C, 0x045C, 0x045C, 0x045C, 0x045C, 0x045C, 0x045C, 0x045C,   // 0x0340 (832)
0x045C, 0x045C, 0x045C, 0x045C, 0x045C, 0x045C, 0x045C, 0x045C, 0x045C, 0x045C, 0x045C, 0x045C, 0x045C, 0x045C, 0x045C, 0x045C,   // 0x0350 (848)
0x045C, 0x045C, 0x045C, 0x045C, 0x045C, 0x045C, 0x045C, 0x045C, 0x045C, 0x045C, 0x045C, 0x045C, 0x045C, 0x045C, 0x045C, 0x045C,   // 0x0360 (864)
0x045C, 0x045C, 0x045C, 0x045C, 0x045C, 0x045C, 0x045C, 0x045C, 0x045C, 0x045C, 0x045C, 0x045C, 0x045C, 0x045C, 0x045C, 0x045C,   // 0x0370 (880)
0x045C, 0x045C, 0x045C, 0x045C, 0x045C, 0x045C, 0x045C, 0x045C, 0x045C, 0x045C, 0x045C, 0x045C, 0x045C, 0x045C, 0x045C, 0x045C,   // 0x0380 (896)
0x1556, 0x2611, 0x2611, 0x2611, 0x2611, 0x2611, 0x2611, 0x2611, 0x2611, 0x2611, 0x2611, 0x2611, 0x2611, 0x2611, 0x2611, 0x2611,   // 0x0390 (912)
0x2611, 0x1DB3, 0x047B, 0x045C, 0x045C, 0x045C, 0x045C, 0x045C, 0x045C, 0x045C, 0x045C, 0x045C, 0x045C, 0x045C, 0x045C, 0x045C,   // 0x03A0 (928)
0x045C, 0x045C, 0x045C, 0x045C, 0x045C, 0x045C, 0x045C, 0x045C, 0x045C, 0x045C, 0x045C, 0x045C, 0x045C, 0x045C, 0x045C, 0x045C,   // 0x03B0 (944)
0x045C, 0x045C, 0x045C, 0x045C, 0x045C, 0x045C, 0x045C, 0x045C, 0x045C, 0x045C, 0x045C, 0x045C, 0x045C, 0x045C, 0x045C, 0x045C,   // 0x03C0 (960)
0x045C, 0x045C, 0x045C, 0x045C, 0x045C, 0x045C, 0x045C, 0x045C, 0x045C, 0x045C, 0x045C, 0x045C, 0x045C, 0x045C, 0x045C, 0x045C,   // 0x03D0 (976)
0x045C, 0x045C, 0x045C, 0x045C, 0x045C, 0x045C, 0x045C, 0x045C, 0x045C, 0x045C, 0x045C, 0x045C, 0x045C, 0x045C, 0x045C, 0x045C,   // 0x03E0 (992)
0x045C, 0x045C, 0x045C, 0x045C, 0x045C, 0x045C, 0x045C, 0x045C, 0x045C, 0x045C, 0x045C, 0x045C, 0x045C, 0x045C, 0x045C, 0x045C,   // 0x03F0 (1008)
0x045C, 0x045C, 0x045C, 0x045C, 0x045C, 0x045C, 0x045C, 0x045C, 0x045C, 0x045C, 0x045C, 0x045C, 0x045C, 0x045C, 0x045C, 0x045C,   // 0x0400 (1024)
0x1556, 0x2611, 0x2611, 0x2611, 0x2611, 0x2611, 0x2611, 0x2611, 0x2611, 0x2611, 0x2611, 0x2611, 0x2611, 0x2611, 0x2611, 0x2611,   // 0x0410 (1040)
0x2612, 0x049A, 0x045C, 0x045C, 0x045C, 0x045C, 0x045C, 0x045C, 0x045C, 0x045C, 0x045C, 0x045C, 0x045C, 0x045C, 0x045C, 0x045C,   // 0x0420 (1056)
0x045C, 0x045C, 0x045C, 0x045C, 0x045C, 0x045C, 0x045C, 0x045C, 0x045C, 0x045C, 0x045C, 0x045C, 0x045C, 0x045C, 0x045C, 0x045C,   // 0x0430 (1072)
0x045C, 0x045C, 0x045C, 0x045C, 0x045C, 0x045C, 0x045C, 0x045C, 0x045C, 0x045C, 0x045C, 0x045C, 0x045C, 0x045C, 0x045C, 0x045C,   // 0x0440 (1088)
0x045C, 0x045C, 0x045C, 0x045C, 0x045C, 0x045C, 0x045C, 0x045C, 0x045C, 0x045C, 0x045C, 0x045C, 0x045C, 0x045C, 0x045C, 0x045C,   // 0x0450 (1104)
0x045C, 0x045C, 0x045C, 0x045C, 0x045C, 0x045C, 0x045C, 0x045C, 0x045C, 0x045C, 0x045C, 0x045C, 0x045C, 0x045C, 0x045C, 0x045C,   // 0x0460 (1120)
0x045C, 0x045C, 0x045C, 0x045C, 0x045C, 0x045C, 0x045C, 0x045C, 0x045C, 0x045C, 0x045C, 0x045C, 0x045C, 0x045C, 0x045C, 0x045C,   // 0x0470 (1136)
0x045C, 0x045C, 0x045C, 0x045C, 0x045C, 0x045C, 0x045C, 0x045C, 0x045C, 0x045C, 0x045C, 0x045C, 0x045C, 0x045C, 0x045C, 0x045C,   // 0x0480 (1152)
0x1556, 0x2611, 0x2611, 0x2611, 0x2611, 0x2611, 0x2611, 0x2611, 0x2611, 0x2611, 0x2611, 0x2611, 0x2611, 0x2611, 0x2611, 0x2611,   // 0x0490 (1168)
0x0D17, 0x045C, 0x045C, 0x045C, 0x045C, 0x045C, 0x045C, 0x045C, 0x045C, 0x045C, 0x045C, 0x045C, 0x045C, 0x045C, 0x045C, 0x045C,   // 0x04A0 (1184)
0x045C, 0x045C, 0x045C, 0x045C, 0x045C, 0x045C, 0x045C, 0x045C, 0x045C, 0x045C, 0x045C, 0x045C, 0x045C, 0x045C, 0x045C, 0x045C,   // 0x04B0 (1200)
0x045C, 0x045C, 0x045C, 0x045C, 0x045C, 0x045C, 0x045C, 0x045C, 0x045C, 0x045C, 0x045C, 0x045C, 0x045C, 0x045C, 0x045C, 0x045C,   // 0x04C0 (1216)
0x045C, 0x045C, 0x045C, 0x045C, 0x045C, 0x045C, 0x045C, 0x045C, 0x045C, 0x045C, 0x045C, 0x045C, 0x045C, 0x045C, 0x045C, 0x045C,   // 0x04D0 (1232)
0x045C, 0x045C, 0x045C, 0x045C, 0x045C, 0x045C, 0x045C, 0x045C, 0x045C, 0x045C, 0x045C, 0x045C, 0x045C, 0x045C, 0x045C, 0x045C,   // 0x04E0 (1248)
0x045C, 0x045C, 0x045C, 0x045C, 0x045C, 0x045C, 0x045C, 0x045C, 0x045C, 0x045C, 0x045C, 0x045C, 0x045C, 0x045C, 0x045C, 0x045C,   // 0x04F0 (1264)
0x045C, 0x045C, 0x045C, 0x045C, 0x045C, 0x045C, 0x045C, 0x045C, 0x045C, 0x045C, 0x045C, 0x045C, 0x045C, 0x045C, 0x045C, 0x045C,   // 0x0500 (1280)
0x1556, 0x2611, 0x2611, 0x2611, 0x2611, 0x2611, 0x2611, 0x2611, 0x2611, 0x2611, 0x2611, 0x2611, 0x2611, 0x2611, 0x2611, 0x1DD3,   // 0x0510 (1296)
0x047B, 0x045C, 0x045C, 0x045C, 0x045C, 0x045C, 0x045C, 0x045C, 0x045C, 0x045C, 0x045C, 0x045C, 0x045C, 0x045C, 0x045C, 0x045C,   // 0x0520 (1312)
0x045C, 0x045C, 0x045C, 0x045C, 0x045C, 0x045C, 0x045C, 0x045C, 0x045C, 0x045C, 0x045C, 0x045C, 0x045C, 0x045C, 0x045C, 0x045C,   // 0x0530 (1328)
0x045C, 0x045C, 0x045C, 0x045C, 0x045C, 0x045C, 0x045C, 0x045C, 0x045C, 0x045C, 0x045C, 0x045C, 0x045C, 0x045C, 0x045C, 0x045C,   // 0x0540 (1344)
0x045C, 0x045C, 0x045C, 0x045C, 0x045C, 0x045C, 0x045C, 0x045C, 0x045C, 0x045C, 0x045C, 0x045C, 0x045C, 0x045C, 0x045C, 0x045C,   // 0x0550 (1360)
0x045C, 0x045C, 0x045C, 0x045C, 0x045C, 0x045C, 0x045C, 0x045C, 0x045C, 0x045C, 0x045C, 0x045C, 0x045C, 0x045C, 0x045C, 0x045C,   // 0x0560 (1376)
0x045C, 0x045C, 0x045C, 0x045C, 0x045C, 0x045C, 0x045C, 0x045C, 0x045C, 0x045C, 0x045C, 0x045C, 0x045C, 0x045C, 0x045C, 0x045C,   // 0x0570 (1392)
0x045C, 0x045C, 0x045C, 0x045C, 0x045C, 0x045C, 0x045C, 0x045C, 0x045C, 0x045C, 0x045C, 0x045C, 0x045C, 0x045C, 0x045C, 0x045C,   // 0x0580 (1408)
0x1556, 0x2611, 0x2611, 0x2611, 0x2611, 0x2611, 0x2611, 0x2611, 0x2611, 0x2611, 0x2611, 0x2611, 0x2611, 0x2611, 0x2611, 0x0D18,   // 0x0590 (1424)
0x045C, 0x045C, 0x045C, 0x045C, 0x045C, 0x045C, 0x045C, 0x045C, 0x045C, 0x045C, 0x045C, 0x045C, 0x045C, 0x045C, 0x045C, 0x045C,   // 0x05A0 (1440)
0x045C, 0x045C, 0x045C, 0x045C, 0x045C, 0x045C, 0x045C, 0x045C, 0x045C, 0x045C, 0x045C, 0x045C, 0x045C, 0x045C, 0x045C, 0x045C,   // 0x05B0 (1456)
0x045C, 0x045C, 0x045C, 0x045C, 0x045C, 0x045C, 0x045C, 0x045C, 0x045C, 0x045C, 0x045C, 0x045C, 0x045C, 0x045C, 0x045C, 0x045C,   // 0x05C0 (1472)
0x045C, 0x045C, 0x045C, 0x045C, 0x045C, 0x045C, 0x045C, 0x045C, 0x045C, 0x045C, 0x045C, 0x045C, 0x045C, 0x045C, 0x045C, 0x045C,   // 0x05D0 (1488)
0x045C, 0x5DBD, 0x6DFD, 0x045C, 0x045C, 0x045C, 0x045C, 0x045C, 0x045C, 0x045C, 0x045C, 0x045C, 0x045C, 0x045C, 0x045C, 0x045C,   // 0x05E0 (1504)
0x045C, 0x045C, 0x045C, 0x045C, 0x045C, 0x045C, 0x045C, 0x045C, 0x045C, 0x045C, 0x045C, 0x045C, 0x045C, 0x045C, 0x045C, 0x045C,   // 0x05F0 (1520)
0x045C, 0x045C, 0x045C, 0x045C, 0x045C, 0x045C, 0x045C, 0x045C, 0x045C, 0x045C, 0x045C, 0x045C, 0x045C, 0x045C, 0x045C, 0x045C,   // 0x0600 (1536)
0x1556, 0x2611, 0x2611, 0x2611, 0x2611, 0x2611, 0x2611, 0x2611, 0x2611, 0x2611, 0x2611, 0x2611, 0x2611, 0x2611, 0x25F2, 0x047B,   // 0x0610 (1552)
0x045C, 0x045C, 0x045C, 0x045C, 0x045C, 0x045C, 0x045C, 0x045C, 0x045C, 0x045C, 0x045C, 0x045C, 0x045C, 0x045C, 0x045C, 0x045C,   // 0x0620 (1568)
0x045C, 0x045C, 0x045C, 0x045C, 0x045C, 0x045C, 0x045C, 0x045C, 0x045C, 0x045C, 0x045C, 0x045C, 0x045C, 0x045C, 0x045C, 0x045C,   // 0x0630 (1584)
0x045C, 0x045C, 0x045C, 0x045C, 0x045C, 0x045C, 0x045C, 0x045C, 0x045C, 0x045C, 0x045C, 0x045C, 0x045C, 0x045C, 0x045C, 0x045C,   // 0x0640 (1600)
0x045C, 0x045C, 0x045C, 0x045C, 0x045C, 0x045C, 0x045C, 0x045C, 0x045C, 0x045C, 0x045C, 0x045C, 0x045C, 0x045C, 0x045C, 0x045C,   // 0x0650 (1616)
0x455D, 0xFFFF, 0xFFFF, 0x5DBD, 0x045C, 0x045C, 0x045C, 0x045C, 0x045C, 0x045C, 0x045C, 0x045C, 0x045C, 0x045C, 0x045C, 0x045C,   // 0x0660 (1632)
0x045C, 0x045C, 0x045C, 0x045C, 0x045C, 0x045C, 0x045C, 0x045C, 0x045C, 0x045C, 0x045C, 0x045C, 0x045C, 0x045C, 0x045C, 0x045C,   // 0x0670 (1648)
0x045C, 0x045C, 0x045C, 0x045C, 0x045C, 0x045C, 0x045C, 0x045C, 0x045C, 0x045C, 0x045C, 0x045C, 0x045C, 0x045C, 0x045C, 0x047C,   // 0x0680 (1664)
0x1556, 0x2611, 0x2611, 0x2611, 0x2611, 0x2611, 0x2611, 0x2611, 0x2611, 0x2611, 0x2611, 0x2611, 0x2611, 0x2611, 0x1536, 0x045C,   // 0x0690 (1680)
0x045C, 0x045C, 0x045C, 0x045C, 0x045C, 0x045C, 0x045C, 0x045C, 0x045C, 0x045C, 0x045C, 0x045C, 0x045C, 0x045C, 0x045C, 0x045C,   // 0x06A0 (1696)
0x045C, 0x045C, 0x045C, 0x045C, 0x045C, 0x045C, 0x045C, 0x047C, 0x047C, 0x0C9C, 0x1CDC, 0x047C, 0x047C, 0x045C, 0x045C, 0x045C,   // 0x06B0 (1712)
0x045C, 0x045C, 0x045C, 0x045C, 0x045C, 0x045C, 0x045C, 0x045C, 0x045C, 0x045C, 0x045C, 0x045C, 0x045C, 0x045C, 0x045C, 0x045C,   // 0x06C0 (1728)
0x045C, 0x045C, 0x045C, 0x045C, 0x045C, 0x045C, 0x045C, 0x045C, 0x045C, 0x045C, 0x045C, 0x045C, 0x045C, 0x045C, 0x045C, 0x045C,   // 0x06D0 (1744)
0x1CDC, 0xDF9F, 0xEFBF, 0x2CFC, 0x045C, 0x045C, 0x045C, 0x045C, 0x045C, 0x045C, 0x045C, 0x045C, 0x045C, 0x045C, 0x045C, 0x045C,   // 0x06E0 (1760)
0x045C, 0x045C, 0x045C, 0x045C, 0x045C, 0x045C, 0x045C, 0x045C, 0x045C, 0x045C, 0x045C, 0x045C, 0x045C, 0x045C, 0x045C, 0x045C,   // 0x06F0 (1776)
0x045C, 0x045C, 0x045C, 0x045C, 0x045C, 0x045C, 0x045C, 0x045C, 0x045C, 0x045C, 0x045C, 0x045C, 0x045C, 0x045C, 0x049B, 0x1575,   // 0x0700 (1792)
0x1556, 0x2611, 0x2611, 0x2611, 0x2611, 0x2611, 0x2611, 0x2611, 0x2611, 0x2611, 0x2611, 0x2611, 0x2611, 0x2611, 0x049A, 0x045C,   // 0x0710 (1808)
0x045C, 0x045C, 0x045C, 0x045C, 0x045C, 0x045C, 0x045C, 0x045C, 0x045C, 0x045C, 0x045C, 0x045C, 0x045C, 0x045C, 0x045C, 0x045C,   // 0x0720 (1824)
0x045C, 0x045C, 0x045C, 0x045C, 0x045C, 0x045C, 0x047C, 0x047C, 0xA6BE, 0xFFFF, 0xFFFF, 0xEFBF, 0x4D7D, 0x047C, 0x045C, 0x045C,   // 0x0730 (1840)
0x045C, 0x045C, 0x045C, 0x045C, 0x045C, 0x045C, 0x045C, 0x045C, 0x045C, 0x045C, 0x045C, 0x045C, 0x045C, 0x045C, 0x045C, 0x045C,   // 0x0740 (1856)
0x045C, 0x24DC, 0x3D3D, 0x455D, 0x455D, 0x455D, 0x455D, 0x455D, 0x24FC, 0x047C, 0x045C, 0x045C, 0x045C, 0x24DC, 0x455D, 0x455D,   // 0x0750 (1872)
0x2CFC, 0x1CBC, 0x24DC, 0x045C, 0x045C, 0x24DC, 0x455D, 0x455D, 0x351C, 0x0C7C, 0x045C, 0x045C, 0x045C, 0x045C, 0x045C, 0x045C,   // 0x0760 (1888)
0x045C, 0x045C, 0x045C, 0x045C, 0x045C, 0x045C, 0x045C, 0x047C, 0x351C, 0x455D, 0x3D3D, 0x0C9C, 0x045C, 0x045C, 0x045C, 0x045C,   // 0x0770 (1904)
0x045C, 0x045C, 0x045C, 0x045C, 0x045C, 0x045C, 0x045C, 0x045C, 0x045C, 0x045C, 0x045C, 0x045C, 0x045C, 0x049B, 0x1DD3, 0x1DD3,   // 0x0780 (1920)
0x1556, 0x2611, 0x2611, 0x2611, 0x2611, 0x2611, 0x2611, 0x2611, 0x2611, 0x2611, 0x2611, 0x2611, 0x2611, 0x1DB4, 0x045C, 0x045C,   // 0x0790 (1936)
0x045C, 0x045C, 0x045C, 0x045C, 0x045C, 0x045C, 0x045C, 0x045C, 0x045C, 0x045C, 0x045C, 0x045C, 0x045C, 0x045C, 0x045C, 0x045C,   // 0x07A0 (1952)
0x045C, 0x045C, 0x045C, 0x045C, 0x045C, 0x047C, 0x047C, 0xBF1E, 0xFFFF, 0xFFFF, 0xFFFF, 0xFFFF, 0xFFFF, 0x559D, 0x047C, 0x045C,   // 0x07B0 (1968)
0x045C, 0x045C, 0x045C, 0x045C, 0x045C, 0x045C, 0x045C, 0x045C, 0x045C, 0x045C, 0x045C, 0x045C, 0x045C, 0x045C, 0x047C, 0x65DD,   // 0x07C0 (1984)
0xDF7F, 0xFFFF, 0xFFFF, 0xFFFF, 0xFFFF, 0xFFFF, 0xFFFF, 0xFFFF, 0xFFFF, 0xE79F, 0x65DD, 0x047C, 0x2CFC, 0xFFFF, 0xFFFF, 0xFFFF,   // 0x07D0 (2000)
0xFFFF, 0xD75F, 0x24FC, 0x045C, 0x24DC, 0xFFFF, 0xFFFF, 0xFFFF, 0xFFFF, 0xF7DF, 0x8E5E, 0x0C7C, 0x045C, 0x045C, 0x045C, 0x045C,   // 0x07E0 (2016)
0x045C, 0x045C, 0x045C, 0x045C, 0x045C, 0x0C7C, 0x8E5E, 0xF7DF, 0xFFFF, 0xFFFF, 0xFFFF, 0xB6FE, 0x045C, 0x045C, 0x045C, 0x045C,   // 0x07F0 (2032)
0x045C, 0x045C, 0x045C, 0x045C, 0x045C, 0x045C, 0x045C, 0x045C, 0x045C, 0x045C, 0x045C, 0x045C, 0x047B, 0x1DD3, 0x2612, 0x1DD3,   // 0x0800 (2048)
0x1556, 0x2611, 0x2611, 0x2611, 0x2611, 0x2611, 0x2611, 0x2611, 0x2611, 0x2611, 0x2611, 0x2611, 0x2611, 0x0CF8, 0x045C, 0x045C,   // 0x0810 (2064)
0x045C, 0x045C, 0x045C, 0x045C, 0x045C, 0x045C, 0x045C, 0x045C, 0x045C, 0x045C, 0x045C, 0x045C, 0x045C, 0x045C, 0x045C, 0x045C,   // 0x0820 (2080)
0x045C, 0x045C, 0x045C, 0x045C, 0x047C, 0x047C, 0xBF1E, 0xFFFF, 0xFFFF, 0xFFFF, 0xFFFF, 0xFFFF, 0xFFFF, 0xFFFF, 0x559D, 0x047C,   // 0x0830 (2096)
0x045C, 0x045C, 0x045C, 0x045C, 0x045C, 0x045C, 0x045C, 0x045C, 0x045C, 0x045C, 0x045C, 0x045C, 0x045C, 0x047C, 0xAEDE, 0xFFFF,   // 0x0840 (2112)
0xFFFF, 0xFFFF, 0xFFFF, 0xFFFF, 0xFFFF, 0xFFFF, 0xFFFF, 0xFFFF, 0xFFFF, 0xFFFF, 0xFFFF, 0xB6FE, 0x2CFC, 0xF7FF, 0xFFFF, 0xFFFF,   // 0x0850 (2128)
0xFFFF, 0xFFFF, 0xD77F, 0x047C, 0x1CDC, 0xF7DF, 0xFFFF, 0xFFFF, 0xFFFF, 0xFFFF, 0xFFFF, 0xC73F, 0x0C9C, 0x045C, 0x045C, 0x045C,   // 0x0860 (2144)
0x045C, 0x045C, 0x045C, 0x045C, 0x0C9C, 0xC73F, 0xFFFF, 0xFFFF, 0xFFFF, 0xFFFF, 0xFFFF, 0xAEDE, 0x045C, 0x045C, 0x045C, 0x045C,   // 0x0870 (2160)
0x045C, 0x045C, 0x045C, 0x045C, 0x045C, 0x045C, 0x045C, 0x045C, 0x045C, 0x045C, 0x045C, 0x047B, 0x1D94, 0x2612, 0x2612, 0x1DD3,   // 0x0880 (2176)
0x1556, 0x2611, 0x2611, 0x2611, 0x2611, 0x2611, 0x2611, 0x2611, 0x2611, 0x2611, 0x2611, 0x2611, 0x25F2, 0x047B, 0x045C, 0x045C,   // 0x0890 (2192)
0x045C, 0x045C, 0x045C, 0x045C, 0x045C, 0x045C, 0x045C, 0x045C, 0x045C, 0x045C, 0x045C, 0x045C, 0x045C, 0x045C, 0x045C, 0x045C,   // 0x08A0 (2208)
0x045C, 0x045C, 0x045C, 0x047C, 0x047C, 0xBF1E, 0xFFFF, 0xFFFF, 0xFFFF, 0xFFFF, 0xFFFF, 0xFFFF, 0xFFFF, 0xFFFF, 0xFFFF, 0x559D,   // 0x08B0 (2224)
0x047C, 0x045C, 0x045C, 0x045C, 0x045C, 0x045C, 0x045C, 0x045C, 0x045C, 0x045C, 0x045C, 0x045C, 0x045C, 0x967E, 0xFFFF, 0xFFFF,   // 0x08C0 (2240)
0xD75F, 0x5DBD, 0x351C, 0x2CFC, 0x2CFC, 0x2CFC, 0x2CFC, 0x351C, 0x5DBD, 0xCF5F, 0xFFFF, 0xFFFF, 0x9E9E, 0x14BC, 0x351C, 0x351C,   // 0x08D0 (2256)
0x7E3E, 0xFFFF, 0xFFFF, 0x353C, 0x045C, 0x149C, 0x2CFC, 0x2CFC, 0x3D5D, 0xB6DE, 0xFFFF, 0xFFFF, 0xC73F, 0x0C9C, 0x045C, 0x045C,   // 0x08E0 (2272)
0x045C, 0x045C, 0x045C, 0x0C9C, 0xC73F, 0xFFFF, 0xFFFF, 0xB6FE, 0x455D, 0x351C, 0x2CFC, 0x047C, 0x045C, 0x045C, 0x045C, 0x045C,   // 0x08F0 (2288)
0x045C, 0x045C, 0x045C, 0x045C, 0x045C, 0x045C, 0x045C, 0x045C, 0x045C, 0x045C, 0x045C, 0x1556, 0x2612, 0x2612, 0x2612, 0x1DD3,   // 0x0900 (2304)
0x1556, 0x2611, 0x2611, 0x2611, 0x2611, 0x2611, 0x2611, 0x2611, 0x2611, 0x2611, 0x2611, 0x2611, 0x1536, 0x045C, 0x045C, 0x045C,   // 0x0910 (2320)
0x045C, 0x045C, 0x045C, 0x045C, 0x045C, 0x045C, 0x045C, 0x045C, 0x045C, 0x045C, 0x045C, 0x045C, 0x045C, 0x045C, 0x045C, 0x045C,   // 0x0920 (2336)
0x045C, 0x045C, 0x047C, 0x045C, 0x761D, 0xFFFF, 0xFFFF, 0xFFFF, 0xFFFF, 0xFFFF, 0xFFFF, 0xFFFF, 0xFFFF, 0xFFFF, 0xFFFF, 0xF7DF,   // 0x0930 (2352)
0x2D1C, 0x047C, 0x045C, 0x045C, 0x045C, 0x045C, 0x045C, 0x045C, 0x045C, 0x045C, 0x045C, 0x045C, 0x2CFC, 0xFFFF, 0xFFFF, 0xB6FE,   // 0x0940 (2368)
0x047C, 0x045C, 0x045C, 0x045C, 0x045C, 0x045C, 0x045C, 0x045C, 0x045C, 0x047C, 0xAEDE, 0xFFFF, 0xFFFF, 0x351C, 0x045C, 0x045C,   // 0x0950 (2384)
0x24DC, 0xFFFF, 0xFFFF, 0x4D7D, 0x045C, 0x045C, 0x045C, 0x045C, 0x045C, 0x047C, 0x9E9E, 0xFFFF, 0xFFFF, 0xC73F, 0x0C9C, 0x045C,   // 0x0960 (2400)
0x045C, 0x045C, 0x0C9C, 0xC73F, 0xFFFF, 0xFFFF, 0x9E9E, 0x047C, 0x045C, 0x045C, 0x045C, 0x045C, 0x045C, 0x045C, 0x045C, 0x045C,   // 0x0970 (2416)
0x045C, 0x045C, 0x045C, 0x045C, 0x045C, 0x045C, 0x045C, 0x045C, 0x045C, 0x045C, 0x0CF8, 0x2612, 0x2612, 0x2612, 0x2612, 0x1DD3,   // 0x0980 (2432)
0x1556, 0x2611, 0x2611, 0x2611, 0x2611, 0x2611, 0x2611, 0x2611, 0x2611, 0x2611, 0x2611, 0x2612, 0x047B, 0x045C, 0x045C, 0x045C,   // 0x0990 (2448)
0x045C, 0x045C, 0x045C, 0x045C, 0x045C, 0x045C, 0x045C, 0x045C, 0x045C, 0x045C, 0x045C, 0x045C, 0x045C, 0x045C, 0x045C, 0x045C,   // 0x09A0 (2464)
0x045C, 0x045C, 0x047C, 0x047C, 0x047C, 0x1CDC, 0xCF5F, 0xFFFF, 0xFFFF, 0xFFFF, 0xFFFF, 0xFFFF, 0xFFFF, 0xFFFF, 0xBF1F, 0x14BC,   // 0x09B0 (2480)
0x047C, 0x047C, 0x045C, 0x045C, 0x045C, 0x045C, 0x045C, 0x045C, 0x045C, 0x045C, 0x045C, 0x045C, 0x8E5E, 0xFFFF, 0xF7DF, 0x14BC,   // 0x09C0 (2496)
0x045C, 0x045C, 0x045C, 0x045C, 0x045C, 0x045C, 0x045C, 0x045C, 0x045C, 0x045C, 0x149C, 0xF7DF, 0xFFFF, 0x967E, 0x045C, 0x045C,   // 0x09D0 (2512)
0x24DC, 0xFFFF, 0xFFFF, 0x4D7D, 0x045C, 0x045C, 0x045C, 0x045C, 0x045C, 0x045C, 0x047C, 0x9E9E, 0xFFFF, 0xFFFF, 0xC73F, 0x0C9C,   // 0x09E0 (2528)
0x045C, 0x0C9C, 0xC73F, 0xFFFF, 0xFFFF, 0x9E9E, 0x047C, 0x045C, 0x045C, 0x045C, 0x045C, 0x045C, 0x045C, 0x045C, 0x045C, 0x045C,   // 0x09F0 (2544)
0x045C, 0x045C, 0x045C, 0x045C, 0x045C, 0x045C, 0x045C, 0x045C, 0x045C, 0x04BA, 0x25F2, 0x2612, 0x2612, 0x2612, 0x2612, 0x1DD3,   // 0x0A00 (2560)
0x1556, 0x2611, 0x2611, 0x2611, 0x2611, 0x2611, 0x2611, 0x2611, 0x2611, 0x2611, 0x2611, 0x0D17, 0x045C, 0x045C, 0x045C, 0x045C,   // 0x0A10 (2576)
0x045C, 0x045C, 0x045C, 0x045C, 0x045C, 0x045C, 0x045C, 0x045C, 0x045C, 0x045C, 0x045C, 0x045C, 0x045C, 0x045C, 0x045C, 0x045C,   // 0x0A20 (2592)
0x047C, 0x047C, 0x0C7C, 0x047C, 0x047C, 0x047C, 0x0C7C, 0xC73F, 0xFFFF, 0xFFFF, 0xFFFF, 0xFFFF, 0xFFFF, 0xB6FE, 0x047C, 0x047C,   // 0x0A30 (2608)
0x045C, 0x047C, 0x047C, 0x047C, 0x045C, 0x045C, 0x045C, 0x045C, 0x045C, 0x045C, 0x045C, 0x045C, 0xBF1E, 0xFFFF, 0xBF1E, 0x045C,   // 0x0A40 (2624)
0x045C, 0x045C, 0x045C, 0x045C, 0x045C, 0x045C, 0x045C, 0x045C, 0x045C, 0x045C, 0x045C, 0xB6FE, 0xFFFF, 0xC71F, 0x045C, 0x045C,   // 0x0A50 (2640)
0x24DC, 0xFFFF, 0xFFFF, 0x4D7D, 0x045C, 0x045C, 0x045C, 0x045C, 0x045C, 0x045C, 0x045C, 0x047C, 0x9E9E, 0xFFFF, 0xFFFF, 0xC73F,   // 0x0A60 (2656)
0x1CDC, 0xC73F, 0xFFFF, 0xFFFF, 0x9E9E, 0x047C, 0x045C, 0x045C, 0x045C, 0x045C, 0x045C, 0x045C, 0x045C, 0x045C, 0x045C, 0x045C,   // 0x0A70 (2672)
0x045C, 0x045C, 0x045C, 0x045C, 0x045C, 0x045C, 0x045C, 0x045C, 0x047B, 0x1DB4, 0x2612, 0x2612, 0x2612, 0x2612, 0x2612, 0x1DD3,   // 0x0A80 (2688)
0x1556, 0x2611, 0x2611, 0x2611, 0x2611, 0x2611, 0x2611, 0x2611, 0x2611, 0x2611, 0x1D94, 0x045C, 0x045C, 0x045C, 0x045C, 0x045C,   // 0x0A90 (2704)
0x045C, 0x045C, 0x045C, 0x045C, 0x045C, 0x045C, 0x045C, 0x045C, 0x045C, 0x045C, 0x045C, 0x045C, 0x045C, 0x045C, 0x045C, 0x047C,   // 0x0AA0 (2720)
0x047C, 0xB6FE, 0xFFFF, 0xFFFF, 0xB6FE, 0x0C7C, 0x047C, 0x0C7C, 0xC73F, 0xFFFF, 0xFFFF, 0xFFFF, 0xB6FE, 0x047C, 0x047C, 0x0C9C,   // 0x0AB0 (2736)
0xBF1F, 0xFFFF, 0xFFFF, 0x559D, 0x047C, 0x045C, 0x045C, 0x045C, 0x045C, 0x045C, 0x045C, 0x045C, 0xCF3F, 0xFFFF, 0xA6BE, 0x045C,   // 0x0AC0 (2752)
0x045C, 0x045C, 0x045C, 0x045C, 0x045C, 0x045C, 0x045C, 0x045C, 0x045C, 0x045C, 0x045C, 0x9EBE, 0xFFFF, 0xCF5F, 0x045C, 0x045C,   // 0x0AD0 (2768)
0x24DC, 0xFFFF, 0xFFFF, 0x4D7D, 0x045C, 0x045C, 0x045C, 0x045C, 0x045C, 0x045C, 0x045C, 0x045C, 0x047C, 0x9E9E, 0xFFFF, 0xFFFF,   // 0x0AE0 (2784)
0xFFFF, 0xFFFF, 0xFFFF, 0x9E9E, 0x047C, 0x045C, 0x045C, 0x045C, 0x045C, 0x045C, 0x045C, 0x045C, 0x045C, 0x045C, 0x045C, 0x045C,   // 0x0AF0 (2800)
0x045C, 0x045C, 0x045C, 0x045C, 0x045C, 0x045C, 0x045C, 0x045C, 0x1537, 0x2612, 0x2612, 0x2612, 0x2612, 0x2612, 0x2612, 0x1DD3,   // 0x0B00 (2816)
0x1556, 0x2611, 0x2611, 0x2611, 0x2611, 0x2611, 0x2611, 0x2611, 0x2611, 0x1DB4, 0x047B, 0x045C, 0x045C, 0x045C, 0x045C, 0x045C,   // 0x0B10 (2832)
0x045C, 0x045C, 0x045C, 0x045C, 0x045C, 0x045C, 0x045C, 0x045C, 0x045C, 0x045C, 0x045C, 0x045C, 0x045C, 0x045C, 0x047C, 0x047C,   // 0x0B20 (2848)
0xB6FE, 0xFFFF, 0xFFFF, 0xFFFF, 0xFFFF, 0xC73F, 0x0C7C, 0x047C, 0x0C7C, 0xC73F, 0xFFFF, 0xB6FE, 0x047C, 0x047C, 0x0C9C, 0xD75F,   // 0x0B30 (2864)
0xFFFF, 0xFFFF, 0xFFFF, 0xFFFF, 0x559D, 0x047C, 0x045C, 0x045C, 0x045C, 0x045C, 0x045C, 0x045C, 0xCF3F, 0xFFFF, 0xA6BE, 0x045C,   // 0x0B40 (2880)
0x045C, 0x045C, 0x045C, 0x045C, 0x045C, 0x045C, 0x045C, 0x045C, 0x045C, 0x045C, 0x045C, 0x9E9E, 0xFFFF, 0xCF5F, 0x045C, 0x045C,   // 0x0B50 (2896)
0x24DC, 0xFFFF, 0xFFFF, 0x4D7D, 0x045C, 0x045C, 0x045C, 0x045C, 0x045C, 0x045C, 0x045C, 0x045C, 0x045C, 0x047C, 0x9E9E, 0xFFFF,   // 0x0B60 (2912)
0xFFFF, 0xFFFF, 0x9E9E, 0x047C, 0x045C, 0x045C, 0x045C, 0x045C, 0x045C, 0x045C, 0x045C, 0x045C, 0x045C, 0x045C, 0x045C, 0x045C,   // 0x0B70 (2928)
0x045C, 0x045C, 0x045C, 0x045C, 0x045C, 0x045C, 0x045C, 0x04BA, 0x25F2, 0x2612, 0x2612, 0x2612, 0x2612, 0x2612, 0x2612, 0x1DD3,   // 0x0B80 (2944)
0x1556, 0x2611, 0x2611, 0x2611, 0x2611, 0x2611, 0x2611, 0x2611, 0x1556, 0x047B, 0x045C, 0x045C, 0x045C, 0x045C, 0x045C, 0x045C,   // 0x0B90 (2960)
0x045C, 0x045C, 0x045C, 0x045C, 0x045C, 0x045C, 0x045C, 0x045C, 0x045C, 0x045C, 0x045C, 0x045C, 0x045C, 0x045C, 0x047C, 0xB6FE,   // 0x0BA0 (2976)
0xFFFF, 0xFFFF, 0xFFFF, 0xFFFF, 0xFFFF, 0xFFFF, 0xC73F, 0x0C7C, 0x047C, 0x0C9C, 0x865E, 0x047C, 0x047C, 0x0C9C, 0xD75F, 0xFFFF,   // 0x0BB0 (2992)
0xFFFF, 0xFFFF, 0xFFFF, 0xFFFF, 0xFFFF, 0x559D, 0x047C, 0x045C, 0x045C, 0x045C, 0x045C, 0x045C, 0xCF3F, 0xFFFF, 0xA6BE, 0x045C,   // 0x0BC0 (3008)
0x045C, 0x045C, 0x045C, 0x045C, 0x045C, 0x045C, 0x045C, 0x045C, 0x045C, 0x045C, 0x045C, 0x9E9E, 0xFFFF, 0xCF5F, 0x045C, 0x045C,   // 0x0BD0 (3024)
0x24DC, 0xFFFF, 0xFFFF, 0x4D7D, 0x045C, 0x045C, 0x045C, 0x045C, 0x045C, 0x045C, 0x045C, 0x045C, 0x045C, 0x0C9C, 0xCF3F, 0xFFFF,   // 0x0BE0 (3040)
0xFFFF, 0xFFFF, 0xCF3F, 0x0C9C, 0x045C, 0x045C, 0x045C, 0x045C, 0x045C, 0x045C, 0x045C, 0x045C, 0x045C, 0x045C, 0x045C, 0x045C,   // 0x0BF0 (3056)
0x045C, 0x045C, 0x045C, 0x045C, 0x045C, 0x045C, 0x047B, 0x1DB3, 0x25F2, 0x2612, 0x2612, 0x2612, 0x2612, 0x2612, 0x2612, 0x1DD3,   // 0x0C00 (3072)
0x1556, 0x2611, 0x2611, 0x2611, 0x2611, 0x2611, 0x1D94, 0x04BA, 0x045C, 0x045C, 0x045C, 0x045C, 0x045C, 0x045C, 0x045C, 0x045C,   // 0x0C10 (3088)
0x045C, 0x045C, 0x045C, 0x045C, 0x045C, 0x045C, 0x045C, 0x045C, 0x045C, 0x045C, 0x045C, 0x045C, 0x045C, 0x047C, 0x863E, 0xFFFF,   // 0x0C20 (3104)
0xFFFF, 0xFFFF, 0xFFFF, 0xFFFF, 0xFFFF, 0xFFFF, 0xFFFF, 0xC73F, 0x0C7C, 0x047C, 0x047C, 0x047C, 0x0C9C, 0xD75F, 0xFFFF, 0xFFFF,   // 0x0C30 (3120)
0xFFFF, 0xFFFF, 0xFFFF, 0xFFFF, 0xFFFF, 0xF7FF, 0x1CBC, 0x045C, 0x045C, 0x045C, 0x045C, 0x045C, 0xCF3F, 0xFFFF, 0xA6BE, 0x045C,   // 0x0C40 (3136)
0x045C, 0x045C, 0x045C, 0x045C, 0x045C, 0x045C, 0x045C, 0x045C, 0x045C, 0x045C, 0x045C, 0xA6BE, 0xFFFF, 0xCF5F, 0x045C, 0x045C,   // 0x0C50 (3152)
0x24DC, 0xFFFF, 0xFFFF, 0x4D7D, 0x045C, 0x045C, 0x045C, 0x045C, 0x045C, 0x045C, 0x045C, 0x045C, 0x0C9C, 0xCF3F, 0xFFFF, 0xFFFF,   // 0x0C60 (3168)
0xDF9F, 0xFFFF, 0xFFFF, 0xCF3F, 0x0C9C, 0x045C, 0x045C, 0x045C, 0x045C, 0x045C, 0x045C, 0x045C, 0x045C, 0x045C, 0x045C, 0x045C,   // 0x0C70 (3184)
0x045C, 0x045C, 0x045C, 0x045C, 0x045C, 0x045C, 0x1536, 0x25F2, 0x25F2, 0x2612, 0x2612, 0x2612, 0x2612, 0x2612, 0x2612, 0x1DD3,   // 0x0C80 (3200)
0x1556, 0x2611, 0x25F2, 0x1D94, 0x0D17, 0x049B, 0x045C, 0x045C, 0x045C, 0x045C, 0x045C, 0x045C, 0x045C, 0x045C, 0x045C, 0x045C,   // 0x0C90 (3216)
0x045C, 0x045C, 0x045C, 0x045C, 0x045C, 0x045C, 0x045C, 0x045C, 0x045C, 0x045C, 0x045C, 0x045C, 0x045C, 0x045C, 0xD77F, 0xFFFF,   // 0x0CA0 (3232)
0xFFFF, 0xFFFF, 0xFFFF, 0xFFFF, 0xFFFF, 0xFFFF, 0xFFFF, 0xFFFF, 0xC73F, 0x1CBC, 0x045C, 0x24DC, 0xD75F, 0xFFFF, 0xFFFF, 0xFFFF,   // 0x0CB0 (3248)
0xFFFF, 0xFFFF, 0xFFFF, 0xFFFF, 0xFFFF, 0xFFFF, 0x6DFD, 0x047C, 0x045C, 0x045C, 0x045C, 0x045C, 0xCF3F, 0xFFFF, 0xA6BE, 0x045C,   // 0x0CC0 (3264)
0x045C, 0x045C, 0x045C, 0x045C, 0x045C, 0x045C, 0x045C, 0x045C, 0x045C, 0x045C, 0x045C, 0xC71F, 0xFFFF, 0xBF1E, 0x045C, 0x045C,   // 0x0CD0 (3280)
0x24DC, 0xFFFF, 0xFFFF, 0x4D7D, 0x045C, 0x045C, 0x045C, 0x045C, 0x045C, 0x045C, 0x045C, 0x0C9C, 0xCF3F, 0xFFFF, 0xFFFF, 0x969E,   // 0x0CE0 (3296)
0x047C, 0x969E, 0xFFFF, 0xFFFF, 0xCF3F, 0x0C9C, 0x045C, 0x045C, 0x045C, 0x045C, 0x045C, 0x045C, 0x045C, 0x045C, 0x045C, 0x045C,   // 0x0CF0 (3312)
0x045C, 0x045C, 0x045C, 0x045C, 0x045C, 0x04BA, 0x25F2, 0x25F2, 0x25F2, 0x2612, 0x2612, 0x2612, 0x2612, 0x2612, 0x2612, 0x1DD3,   // 0x0D00 (3328)
0x049A, 0x047B, 0x045C, 0x045C, 0x045C, 0x045C, 0x045C, 0x045C, 0x045C, 0x045C, 0x045C, 0x045C, 0x045C, 0x045C, 0x045C, 0x045C,   // 0x0D10 (3344)
0x045C, 0x045C, 0x045C, 0x045C, 0x045C, 0x045C, 0x045C, 0x045C, 0x045C, 0x045C, 0x045C, 0x045C, 0x045C, 0x045C, 0xDF7F, 0xFFFF,   // 0x0D20 (3360)
0xFFFF, 0xFFFF, 0xFFFF, 0xFFFF, 0xFFFF, 0xFFFF, 0xFFFF, 0xFFFF, 0xC73F, 0x1CDC, 0x045C, 0x2CFC, 0xD77F, 0xFFFF, 0xFFFF, 0xFFFF,   // 0x0D30 (3376)
0xFFFF, 0xFFFF, 0xFFFF, 0xFFFF, 0xFFFF, 0xFFFF, 0x6DFD, 0x047C, 0x045C, 0x045C, 0x045C, 0x045C, 0xCF3F, 0xFFFF, 0xA6BE, 0x045C,   // 0x0D40 (3392)
0x045C, 0x045C, 0x045C, 0x045C, 0x045C, 0x045C, 0x045C, 0x045C, 0x045C, 0x045C, 0x24FC, 0xFFFF, 0xFFFF, 0x7E3E, 0x045C, 0x045C,   // 0x0D50 (3408)
0x24DC, 0xFFFF, 0xFFFF, 0x4D7D, 0x045C, 0x045C, 0x045C, 0x045C, 0x045C, 0x045C, 0x0C9C, 0xCF3F, 0xFFFF, 0xFFFF, 0x969E, 0x047C,   // 0x0D60 (3424)
0x045C, 0x047C, 0x969E, 0xFFFF, 0xFFFF, 0xCF3F, 0x0C9C, 0x045C, 0x045C, 0x045C, 0x045C, 0x045C, 0x045C, 0x045C, 0x045C, 0x045C,   // 0x0D70 (3440)
0x045C, 0x045C, 0x045C, 0x045C, 0x047B, 0x1DB4, 0x25F2, 0x25F2, 0x25F2, 0x2612, 0x2612, 0x2612, 0x2612, 0x2612, 0x2612, 0x1DD3,   // 0x0D80 (3456)
0x045B, 0x045C, 0x045C, 0x045C, 0x045C, 0x045C, 0x045C, 0x045C, 0x045C, 0x045C, 0x045C, 0x045C, 0x045C, 0x045C, 0x045C, 0x045C,   // 0x0D90 (3472)
0x045C, 0x045C, 0x045C, 0x045C, 0x045C, 0x045C, 0x045C, 0x045C, 0x045C, 0x045C, 0x045C, 0x045C, 0x045C, 0x047C, 0x865E, 0xFFFF,   // 0x0DA0 (3488)
0xFFFF, 0xFFFF, 0xFFFF, 0xFFFF, 0xFFFF, 0xFFFF, 0xFFFF, 0xC73F, 0x0C7C, 0x047C, 0x047C, 0x047C, 0x149C, 0xD75F, 0xFFFF, 0xFFFF,   // 0x0DB0 (3504)
0xFFFF, 0xFFFF, 0xFFFF, 0xFFFF, 0xFFFF, 0xFFFF, 0x1CBC, 0x045C, 0x045C, 0x045C, 0x045C, 0x045C, 0xCF3F, 0xFFFF, 0xA6BE, 0x045C,   // 0x0DC0 (3520)
0x045C, 0x045C, 0x045C, 0x045C, 0x045C, 0x045C, 0x045C, 0x045C, 0x045C, 0x1CBC, 0xD75F, 0xFFFF, 0xF7DF, 0x1CDC, 0x045C, 0x045C,   // 0x0DD0 (3536)
0x24DC, 0xFFFF, 0xFFFF, 0x4D7D, 0x045C, 0x045C, 0x045C, 0x045C, 0x045C, 0x149C, 0xCF3F, 0xFFFF, 0xFFFF, 0x969E, 0x047C, 0x045C,   // 0x0DE0 (3552)
0x045C, 0x045C, 0x047C, 0x969E, 0xFFFF, 0xFFFF, 0xCF3F, 0x149C, 0x045C, 0x045C, 0x045C, 0x045C, 0x045C, 0x045C, 0x045C, 0x045C,   // 0x0DF0 (3568)
0x045C, 0x045C, 0x045C, 0x045C, 0x0D17, 0x25F2, 0x25F2, 0x25F2, 0x25F2, 0x2612, 0x2612, 0x2612, 0x2612, 0x2612, 0x2612, 0x1DD3,   // 0x0E00 (3584)
0x045B, 0x045C, 0x045C, 0x045C, 0x045C, 0x045C, 0x045C, 0x045C, 0x045C, 0x045C, 0x045C, 0x045C, 0x045C, 0x045C, 0x045C, 0x045C,   // 0x0E10 (3600)
0x045C, 0x045C, 0x045C, 0x045C, 0x045C, 0x045C, 0x045C, 0x045C, 0x045C, 0x045C, 0x045C, 0x045C, 0x045C, 0x045C, 0x047C, 0xBF1E,   // 0x0E20 (3616)
0xFFFF, 0xFFFF, 0xFFFF, 0xFFFF, 0xFFFF, 0xFFFF, 0xC73F, 0x0C7C, 0x047C, 0x047C, 0x7E3E, 0x047C, 0x047C, 0x149C, 0xD75F, 0xFFFF,   // 0x0E30 (3632)
0xFFFF, 0xFFFF, 0xFFFF, 0xFFFF, 0xFFFF, 0x5DBD, 0x047C, 0x045C, 0x045C, 0x045C, 0x045C, 0x045C, 0xCF3F, 0xFFFF, 0xA6BE, 0x047C,   // 0x0E40 (3648)
0x4D7D, 0x65DD, 0x65DD, 0x65DD, 0x65DD, 0x65DD, 0x65DD, 0x6DDD, 0x967E, 0xF7DF, 0xFFFF, 0xFFFF, 0x75FD, 0x045C, 0x045C, 0x045C,   // 0x0E50 (3664)
0x24DC, 0xFFFF, 0xFFFF, 0x4D7D, 0x045C, 0x455D, 0x6DDD, 0x6DDD, 0x7E1D, 0xDF9F, 0xFFFF, 0xFFFF, 0x969E, 0x047C, 0x045C, 0x045C,   // 0x0E60 (3680)
0x045C, 0x045C, 0x045C, 0x047C, 0x969E, 0xFFFF, 0xFFFF, 0xDF9F, 0x7E3E, 0x6DFD, 0x6DDD, 0x1CDC, 0x045C, 0x045C, 0x045C, 0x045C,   // 0x0E70 (3696)
0x045C, 0x045C, 0x045C, 0x049A, 0x1DF2, 0x25F2, 0x25F2, 0x25F2, 0x25F2, 0x2612, 0x2612, 0x2612, 0x2612, 0x2612, 0x2611, 0x1DD3,   // 0x0E80 (3712)
0x045B, 0x045C, 0x045C, 0x045C, 0x045C, 0x045C, 0x045C, 0x045C, 0x045C, 0x045C, 0x045C, 0x045C, 0x045C, 0x045C, 0x045C, 0x045C,   // 0x0E90 (3728)
0x045C, 0x045C, 0x045C, 0x045C, 0x045C, 0x045C, 0x045C, 0x045C, 0x045C, 0x045C, 0x045C, 0x045C, 0x045C, 0x045C, 0x047C, 0x047C,   // 0x0EA0 (3744)
0xBF1F, 0xFFFF, 0xFFFF, 0xFFFF, 0xFFFF, 0xC73F, 0x0C7C, 0x047C, 0x047C, 0xBF1F, 0xFFFF, 0xB6FE, 0x047C, 0x047C, 0x149C, 0xD75F,   // 0x0EB0 (3760)
0xFFFF, 0xFFFF, 0xFFFF, 0xFFFF, 0x5DBD, 0x047C, 0x045C, 0x045C, 0x045C, 0x045C, 0x045C, 0x045C, 0xCF3F, 0xFFFF, 0xA6BE, 0x5DBD,   // 0x0EC0 (3776)
0xFFFF, 0xFFFF, 0xFFFF, 0xFFFF, 0xFFFF, 0xFFFF, 0xFFFF, 0xFFFF, 0xFFFF, 0xFFFF, 0xFFFF, 0x7E1D, 0x045C, 0x045C, 0x045C, 0x045C,   // 0x0ED0 (3792)
0x24DC, 0xFFFF, 0xFFFF, 0x4D7D, 0x2CFC, 0xFFFF, 0xFFFF, 0xFFFF, 0xFFFF, 0xFFFF, 0xFFFF, 0x967E, 0x047C, 0x045C, 0x045C, 0x045C,   // 0x0EE0 (3808)
0x045C, 0x045C, 0x045C, 0x045C, 0x047C, 0x967E, 0xFFFF, 0xFFFF, 0xFFFF, 0xFFFF, 0xFFFF, 0xC73F, 0x045C, 0x045C, 0x045C, 0x045C,   // 0x0EF0 (3824)
0x045C, 0x045C, 0x045C, 0x1D94, 0x25F2, 0x25F2, 0x25F2, 0x25F2, 0x25F2, 0x2612, 0x2612, 0x2612, 0x2612, 0x2612, 0x2611, 0x1DD3,   // 0x0F00 (3840)
0x045B, 0x045C, 0x045C, 0x045C, 0x045C, 0x045C, 0x045C, 0x045C, 0x045C, 0x045C, 0x045C, 0x045C, 0x045C, 0x045C, 0x045C, 0x045C,   // 0x0F10 (3856)
0x045C, 0x045C, 0x045C, 0x045C, 0x045C, 0x045C, 0x045C, 0x045C, 0x045C, 0x045C, 0x045C, 0x045C, 0x045C, 0x045C, 0x045C, 0x047C,   // 0x0F20 (3872)
0x047C, 0xBF1F, 0xFFFF, 0xFFFF, 0xB6FE, 0x0C7C, 0x047C, 0x047C, 0xC71F, 0xFFFF, 0xFFFF, 0xFFFF, 0xB6FE, 0x047C, 0x047C, 0x149C,   // 0x0F30 (3888)
0xC71F, 0xFFFF, 0xFFFF, 0x5DBD, 0x047C, 0x045C, 0x045C, 0x045C, 0x045C, 0x045C, 0x045C, 0x045C, 0xCF3F, 0xFFFF, 0xA6BE, 0x3D3C,   // 0x0F40 (3904)
0xF7DF, 0xFFFF, 0xFFFF, 0xFFFF, 0xFFFF, 0xFFFF, 0xFFFF, 0xFFFF, 0xEFBF, 0xA6BE, 0x351C, 0x045C, 0x045C, 0x045C, 0x045C, 0x045C,   // 0x0F50 (3920)
0x0C7C, 0xE79F, 0xF7DF, 0x1CDC, 0x14BC, 0xE79F, 0xFFFF, 0xFFFF, 0xFFFF, 0xC73F, 0x559D, 0x045C, 0x045C, 0x045C, 0x045C, 0x045C,   // 0x0F60 (3936)
0x045C, 0x045C, 0x045C, 0x045C, 0x045C, 0x045C, 0x4D7D, 0xBF1F, 0xF7DF, 0xFFFF, 0xFFFF, 0x8E7E, 0x045C, 0x045C, 0x045C, 0x045C,   // 0x0F70 (3952)
0x045C, 0x045C, 0x0CF8, 0x25F2, 0x25F2, 0x25F2, 0x25F2, 0x25F2, 0x25F2, 0x2612, 0x2612, 0x2612, 0x2612, 0x2612, 0x2611, 0x1DD3,   // 0x0F80 (3968)
0x045B, 0x045C, 0x045C, 0x045C, 0x045C, 0x045C, 0x045C, 0x045C, 0x045C, 0x045C, 0x045C, 0x045C, 0x045C, 0x045C, 0x045C, 0x045C,   // 0x0F90 (3984)
0x045C, 0x045C, 0x045C, 0x045C, 0x045C, 0x045C, 0x045C, 0x045C, 0x045C, 0x045C, 0x045C, 0x045C, 0x045C, 0x045C, 0x045C, 0x045C,   // 0x0FA0 (4000)
0x047C, 0x047C, 0x0C9C, 0x0C7C, 0x047C, 0x047C, 0x047C, 0xC71F, 0xFFFF, 0xFFFF, 0xFFFF, 0xFFFF, 0xFFFF, 0xB6FE, 0x047C, 0x047C,   // 0x0FB0 (4016)
0x045C, 0x047C, 0x047C, 0x047C, 0x045C, 0x045C, 0x045C, 0x045C, 0x045C, 0x045C, 0x045C, 0x045C, 0xCF3F, 0xFFFF, 0xA6BE, 0x045C,   // 0x0FC0 (4032)
0x047C, 0x0C9C, 0x0C9C, 0x0C9C, 0x0C9C, 0x0C9C, 0x0C9C, 0x0C7C, 0x045C, 0x045C, 0x045C, 0x045C, 0x045C, 0x045C, 0x045C, 0x045C,   // 0x0FD0 (4048)
0x045C, 0x0C7C, 0x0C9C, 0x045C, 0x045C, 0x047C, 0x0C7C, 0x0C7C, 0x047C, 0x045C, 0x045C, 0x045C, 0x045C, 0x045C, 0x045C, 0x045C,   // 0x0FE0 (4064)
0x045C, 0x045C, 0x045C, 0x045C, 0x045C, 0x045C, 0x045C, 0x045C, 0x045C, 0x047C, 0x047C, 0x045C, 0x045C, 0x045C, 0x045C, 0x045C,   // 0x0FF0 (4080)
0x045C, 0x047B, 0x1DD3, 0x25F2, 0x25F2, 0x25F2, 0x25F2, 0x25F2, 0x25F2, 0x2612, 0x2612, 0x2612, 0x2612, 0x2612, 0x2611, 0x1DD3,   // 0x1000 (4096)
0x045B, 0x045C, 0x045C, 0x045C, 0x045C, 0x045C, 0x045C, 0x045C, 0x045C, 0x045C, 0x045C, 0x045C, 0x045C, 0x045C, 0x045C, 0x045C,   // 0x1010 (4112)
0x045C, 0x045C, 0x045C, 0x045C, 0x045C, 0x045C, 0x045C, 0x045C, 0x045C, 0x045C, 0x045C, 0x045C, 0x045C, 0x045C, 0x045C, 0x045C,   // 0x1020 (4128)
0x045C, 0x045C, 0x047C, 0x047C, 0x047C, 0x1CBC, 0xC73F, 0xFFFF, 0xFFFF, 0xFFFF, 0xFFFF, 0xFFFF, 0xFFFF, 0xFFFF, 0xBF1E, 0x14BC,   // 0x1030 (4144)
0x047C, 0x047C, 0x045C, 0x045C, 0x045C, 0x045C, 0x045C, 0x045C, 0x045C, 0x045C, 0x045C, 0x045C, 0xCF3F, 0xFFFF, 0xA6BE, 0x045C,   // 0x1040 (4160)
0x045C, 0x045C, 0x045C, 0x045C, 0x045C, 0x045C, 0x045C, 0x045C, 0x045C, 0x045C, 0x045C, 0x045C, 0x045C, 0x045C, 0x045C, 0x045C,   // 0x1050 (4176)
0x045C, 0x045C, 0x045C, 0x045C, 0x045C, 0x045C, 0x045C, 0x045C, 0x045C, 0x045C, 0x045C, 0x045C, 0x045C, 0x045C, 0x045C, 0x045C,   // 0x1060 (4192)
0x045C, 0x045C, 0x045C, 0x045C, 0x045C, 0x045C, 0x045C, 0x045C, 0x045C, 0x045C, 0x045C, 0x045C, 0x045C, 0x045C, 0x045C, 0x045C,   // 0x1070 (4208)
0x045C, 0x1556, 0x25F2, 0x25F2, 0x25F2, 0x25F2, 0x25F2, 0x25F2, 0x25F2, 0x2612, 0x2612, 0x2612, 0x2612, 0x2612, 0x2611, 0x1DD3,   // 0x1080 (4224)
0x045B, 0x045C, 0x045C, 0x045C, 0x045C, 0x045C, 0x045C, 0x045C, 0x045C, 0x045C, 0x045C, 0x045C, 0x045C, 0x045C, 0x045C, 0x045C,   // 0x1090 (4240)
0x045C, 0x045C, 0x045C, 0x045C, 0x045C, 0x045C, 0x045C, 0x045C, 0x045C, 0x045C, 0x045C, 0x045C, 0x045C, 0x045C, 0x045C, 0x045C,   // 0x10A0 (4256)
0x045C, 0x045C, 0x047C, 0x045C, 0x75FD, 0xFFFF, 0xFFFF, 0xFFFF, 0xFFFF, 0xFFFF, 0xFFFF, 0xFFFF, 0xFFFF, 0xFFFF, 0xFFFF, 0xF7DF,   // 0x10B0 (4272)
0x351C, 0x047C, 0x045C, 0x045C, 0x045C, 0x045C, 0x045C, 0x045C, 0x045C, 0x045C, 0x045C, 0x045C, 0xCF3F, 0xFFFF, 0xA6BE, 0x045C,   // 0x10C0 (4288)
0x045C, 0x045C, 0x045C, 0x045C, 0x045C, 0x045C, 0x045C, 0x045C, 0x045C, 0x045C, 0x045C, 0x045C, 0x045C, 0x045C, 0x045C, 0x045C,   // 0x10D0 (4304)
0x045C, 0x045C, 0x045C, 0x045C, 0x045C, 0x045C, 0x045C, 0x045C, 0x045C, 0x045C, 0x045C, 0x045C, 0x045C, 0x045C, 0x045C, 0x045C,   // 0x10E0 (4320)
0x045C, 0x045C, 0x045C, 0x045C, 0x045C, 0x045C, 0x045C, 0x045C, 0x045C, 0x045C, 0x045C, 0x045C, 0x045C, 0x045C, 0x045C, 0x045C,   // 0x10F0 (4336)
0x04B9, 0x25F2, 0x25F2, 0x25F2, 0x25F2, 0x25F2, 0x25F2, 0x25F2, 0x25F2, 0x2612, 0x2612, 0x2612, 0x2612, 0x2612, 0x2611, 0x1DD3,   // 0x1100 (4352)
0x045B, 0x045C, 0x045C, 0x045C, 0x045C, 0x045C, 0x045C, 0x045C, 0x045C, 0x045C, 0x045C, 0x045C, 0x045C, 0x045C, 0x045C, 0x045C,   // 0x1110 (4368)
0x045C, 0x045C, 0x045C, 0x045C, 0x045C, 0x045C, 0x045C, 0x045C, 0x045C, 0x045C, 0x045C, 0x045C, 0x045C, 0x045C, 0x045C, 0x045C,   // 0x1120 (4384)
0x045C, 0x045C, 0x045C, 0x047C, 0x047C, 0xB6FE, 0xFFFF, 0xFFFF, 0xFFFF, 0xFFFF, 0xFFFF, 0xFFFF, 0xFFFF, 0xFFFF, 0xFFFF, 0x65BD,   // 0x1130 (4400)
0x047C, 0x045C, 0x045C, 0x045C, 0x045C, 0x045C, 0x045C, 0x045C, 0x045C, 0x045C, 0x045C, 0x045C, 0xCF3F, 0xFFFF, 0xA6BE, 0x045C,   // 0x1140 (4416)
0x045C, 0x045C, 0x045C, 0x045C, 0x045C, 0x045C, 0x045C, 0x045C, 0x045C, 0x045C, 0x045C, 0x045C, 0x045C, 0x045C, 0x045C, 0x045C,   // 0x1150 (4432)
0x045C, 0x045C, 0x045C, 0x045C, 0x045C, 0x045C, 0x045C, 0x045C, 0x045C, 0x045C, 0x045C, 0x045C, 0x045C, 0x045C, 0x045C, 0x045C,   // 0x1160 (4448)
0x045C, 0x045C, 0x045C, 0x045C, 0x045C, 0x045C, 0x045C, 0x045C, 0x045C, 0x045C, 0x045C, 0x045C, 0x045C, 0x045C, 0x045C, 0x047B,   // 0x1170 (4464)
0x1DB4, 0x25F2, 0x25F2, 0x25F2, 0x25F2, 0x25F2, 0x25F2, 0x25F2, 0x2612, 0x2612, 0x2612, 0x2612, 0x2612, 0x2612, 0x2611, 0x1DD3,   // 0x1180 (4480)
0x045B, 0x045C, 0x045C, 0x045C, 0x045C, 0x045C, 0x045C, 0x045C, 0x045C, 0x045C, 0x045C, 0x045C, 0x045C, 0x045C, 0x045C, 0x045C,   // 0x1190 (4496)
0x045C, 0x045C, 0x045C, 0x045C, 0x045C, 0x045C, 0x045C, 0x045C, 0x045C, 0x045C, 0x045C, 0x045C, 0x045C, 0x045C, 0x045C, 0x045C,   // 0x11A0 (4512)
0x045C, 0x045C, 0x045C, 0x045C, 0x047C, 0x047C, 0xB6FE, 0xFFFF, 0xFFFF, 0xFFFF, 0xFFFF, 0xFFFF, 0xFFFF, 0xFFFF, 0x65BD, 0x047C,   // 0x11B0 (4528)
0x045C, 0x045C, 0x045C, 0x045C, 0x045C, 0x045C, 0x045C, 0x045C, 0x045C, 0x045C, 0x045C, 0x045C, 0xCF3F, 0xFFFF, 0xA6BE, 0x045C,   // 0x11C0 (4544)
0x045C, 0x045C, 0x045C, 0x045C, 0x045C, 0x045C, 0x045C, 0x045C, 0x045C, 0x045C, 0x045C, 0x045C, 0x045C, 0x045C, 0x045C, 0x045C,   // 0x11D0 (4560)
0x045C, 0x045C, 0x045C, 0x045C, 0x045C, 0x045C, 0x045C, 0x045C, 0x045C, 0x045C, 0x045C, 0x045C, 0x045C, 0x045C, 0x045C, 0x045C,   // 0x11E0 (4576)
0x045C, 0x045C, 0x045C, 0x045C, 0x045C, 0x045C, 0x045C, 0x045C, 0x045C, 0x045C, 0x045C, 0x045C, 0x045C, 0x045C, 0x045C, 0x0D17,   // 0x11F0 (4592)
0x25F2, 0x25F2, 0x25F2, 0x25F2, 0x25F2, 0x25F2, 0x25F2, 0x25F2, 0x2612, 0x2612, 0x2612, 0x2612, 0x2612, 0x2612, 0x2611, 0x1DD3,   // 0x1200 (4608)
0x045B, 0x045C, 0x045C, 0x045C, 0x045C, 0x045C, 0x045C, 0x045C, 0x045C, 0x045C, 0x045C, 0x045C, 0x045C, 0x045C, 0x045C, 0x045C,   // 0x1210 (4624)
0x045C, 0x045C, 0x045C, 0x045C, 0x045C, 0x045C, 0x045C, 0x045C, 0x045C, 0x045C, 0x045C, 0x045C, 0x045C, 0x045C, 0x045C, 0x045C,   // 0x1220 (4640)
0x045C, 0x045C, 0x045C, 0x045C, 0x045C, 0x047C, 0x047C, 0xB6FE, 0xFFFF, 0xFFFF, 0xFFFF, 0xFFFF, 0xFFFF, 0x65BD, 0x047C, 0x045C,   // 0x1230 (4656)
0x045C, 0x045C, 0x045C, 0x045C, 0x045C, 0x045C, 0x045C, 0x045C, 0x045C, 0x045C, 0x045C, 0x045C, 0xCF3F, 0xFFFF, 0xA6BE, 0x045C,   // 0x1240 (4672)
0x045C, 0x045C, 0x045C, 0x045C, 0x045C, 0x045C, 0x045C, 0x045C, 0x045C, 0x045C, 0x045C, 0x045C, 0x045C, 0x045C, 0x045C, 0x045C,   // 0x1250 (4688)
0x045C, 0x045C, 0x045C, 0x045C, 0x045C, 0x045C, 0x045C, 0x045C, 0x045C, 0x045C, 0x045C, 0x045C, 0x045C, 0x045C, 0x045C, 0x045C,   // 0x1260 (4704)
0x045C, 0x045C, 0x045C, 0x045C, 0x045C, 0x045C, 0x045C, 0x045C, 0x045C, 0x045C, 0x045C, 0x045C, 0x045C, 0x045C, 0x049B, 0x1DD2,   // 0x1270 (4720)
0x25F2, 0x25F2, 0x25F2, 0x25F2, 0x25F2, 0x25F2, 0x25F2, 0x25F2, 0x2612, 0x2612, 0x2612, 0x2612, 0x2612, 0x2612, 0x2611, 0x1DD3,   // 0x1280 (4736)
0x045B, 0x045C, 0x045C, 0x045C, 0x045C, 0x045C, 0x045C, 0x045C, 0x045C, 0x045C, 0x045C, 0x045C, 0x045C, 0x045C, 0x045C, 0x045C,   // 0x1290 (4752)
0x045C, 0x045C, 0x045C, 0x045C, 0x045C, 0x045C, 0x045C, 0x045C, 0x045C, 0x045C, 0x045C, 0x045C, 0x045C, 0x045C, 0x045C, 0x045C,   // 0x12A0 (4768)
0x045C, 0x045C, 0x045C, 0x045C, 0x045C, 0x045C, 0x047C, 0x047C, 0x9EBE, 0xFFFF, 0xFFFF, 0xEFDF, 0x559D, 0x047C, 0x045C, 0x045C,   // 0x12B0 (4784)
0x045C, 0x045C, 0x045C, 0x045C, 0x045C, 0x045C, 0x045C, 0x045C, 0x045C, 0x045C, 0x045C, 0x045C, 0x9E9E, 0xFFFF, 0x7E1D, 0x045C,   // 0x12C0 (4800)
0x045C, 0x045C, 0x045C, 0x045C, 0x045C, 0x045C, 0x045C, 0x045C, 0x045C, 0x045C, 0x045C, 0x045C, 0x045C, 0x045C, 0x045C, 0x045C,   // 0x12D0 (4816)
0x045C, 0x045C, 0x045C, 0x045C, 0x045C, 0x045C, 0x045C, 0x045C, 0x045C, 0x045C, 0x045C, 0x045C, 0x045C, 0x045C, 0x045C, 0x045C,   // 0x12E0 (4832)
0x045C, 0x045C, 0x045C, 0x045C, 0x045C, 0x045C, 0x045C, 0x045C, 0x045C, 0x045C, 0x045C, 0x045C, 0x045C, 0x045C, 0x1575, 0x25F2,   // 0x12F0 (4848)
0x25F2, 0x25F2, 0x25F2, 0x25F2, 0x25F2, 0x25F2, 0x25F2, 0x25F2, 0x2612, 0x2612, 0x2612, 0x2612, 0x2612, 0x2612, 0x2611, 0x1DD3,   // 0x1300 (4864)
0x045B, 0x045C, 0x045C, 0x045C, 0x045C, 0x045C, 0x045C, 0x045C, 0x045C, 0x045C, 0x045C, 0x045C, 0x045C, 0x045C, 0x045C, 0x045C,   // 0x1310 (4880)
0x045C, 0x045C, 0x045C, 0x045C, 0x045C, 0x045C, 0x045C, 0x045C, 0x045C, 0x045C, 0x045C, 0x045C, 0x045C, 0x045C, 0x045C, 0x045C,   // 0x1320 (4896)
0x045C, 0x045C, 0x045C, 0x045C, 0x045C, 0x045C, 0x045C, 0x047C, 0x047C, 0x149C, 0x24FC, 0x047C, 0x047C, 0x045C, 0x045C, 0x045C,   // 0x1330 (4912)
0x045C, 0x045C, 0x045C, 0x045C, 0x045C, 0x045C, 0x045C, 0x045C, 0x045C, 0x045C, 0x045C, 0x045C, 0x047C, 0x2D1C, 0x047C, 0x045C,   // 0x1340 (4928)
0x045C, 0x045C, 0x045C, 0x045C, 0x045C, 0x045C, 0x045C, 0x045C, 0x045C, 0x045C, 0x045C, 0x045C, 0x045C, 0x045C, 0x045C, 0x045C,   // 0x1350 (4944)
0x045C, 0x045C, 0x045C, 0x045C, 0x045C, 0x045C, 0x045C, 0x045C, 0x045C, 0x045C, 0x045C, 0x045C, 0x045C, 0x045C, 0x045C, 0x045C,   // 0x1360 (4960)
0x045C, 0x045C, 0x045C, 0x045C, 0x045C, 0x045C, 0x045C, 0x045C, 0x045C, 0x045C, 0x045C, 0x045C, 0x045C, 0x0CD9, 0x25F2, 0x25F2,   // 0x1370 (4976)
0x25F2, 0x25F2, 0x25F2, 0x25F2, 0x25F2, 0x25F2, 0x25F2, 0x25F2, 0x2612, 0x2612, 0x2612, 0x2612, 0x2612, 0x2612, 0x2611, 0x1DD3,   // 0x1380 (4992)
0x045B, 0x045C, 0x045C, 0x045C, 0x045C, 0x045C, 0x045C, 0x045C, 0x045C, 0x045C, 0x045C, 0x045C, 0x045C, 0x045C, 0x045C, 0x045C,   // 0x1390 (5008)
0x045C, 0x045C, 0x045C, 0x045C, 0x045C, 0x045C, 0x045C, 0x045C, 0x045C, 0x045C, 0x045C, 0x045C, 0x045C, 0x045C, 0x045C, 0x045C,   // 0x13A0 (5024)
0x045C, 0x045C, 0x045C, 0x045C, 0x045C, 0x045C, 0x045C, 0x045C, 0x045C, 0x045C, 0x045C, 0x045C, 0x045C, 0x045C, 0x045C, 0x045C,   // 0x13B0 (5040)
0x045C, 0x045C, 0x045C, 0x045C, 0x045C, 0x045C, 0x045C, 0x045C, 0x045C, 0x045C, 0x045C, 0x045C, 0x045C, 0x045C, 0x045C, 0x045C,   // 0x13C0 (5056)
0x045C, 0x045C, 0x045C, 0x045C, 0x045C, 0x045C, 0x045C, 0x045C, 0x045C, 0x045C, 0x045C, 0x045C, 0x045C, 0x045C, 0x045C, 0x045C,   // 0x13D0 (5072)
0x045C, 0x045C, 0x045C, 0x045C, 0x045C, 0x045C, 0x045C, 0x045C, 0x045C, 0x045C, 0x045C, 0x045C, 0x045C, 0x045C, 0x045C, 0x045C,   // 0x13E0 (5088)
0x045C, 0x045C, 0x045C, 0x045C, 0x045C, 0x045C, 0x045C, 0x045C, 0x045C, 0x045C, 0x045C, 0x045C, 0x047B, 0x1DB3, 0x25F2, 0x25F2,   // 0x13F0 (5104)
0x25F2, 0x25F2, 0x25F2, 0x25F2, 0x25F2, 0x25F2, 0x25F2, 0x25F2, 0x2612, 0x2612, 0x2612, 0x2612, 0x2612, 0x2612, 0x2611, 0x1DD3,   // 0x1400 (5120)
0x03BB, 0x039B, 0x039B, 0x039B, 0x039B, 0x039B, 0x039B, 0x039B, 0x039B, 0x039B, 0x039B, 0x039B, 0x039B, 0x039B, 0x039B, 0x039B,   // 0x1410 (5136)
0x039B, 0x039B, 0x039B, 0x039B, 0x039B, 0x039B, 0x039B, 0x039B, 0x039B, 0x039B, 0x039B, 0x039B, 0x039B, 0x039B, 0x039B, 0x039B,   // 0x1420 (5152)
0x039B, 0x039B, 0x039B, 0x039B, 0x039B, 0x039B, 0x039B, 0x039B, 0x039B, 0x039B, 0x039B, 0x039B, 0x039B, 0x039B, 0x039B, 0x039B,   // 0x1430 (5168)
0x039B, 0x039B, 0x039B, 0x039B, 0x039B, 0x039B, 0x039B, 0x039B, 0x039B, 0x039B, 0x039B, 0x039B, 0x039B, 0x039B, 0x039B, 0x039B,   // 0x1440 (5184)
0x039B, 0x039B, 0x039B, 0x039B, 0x039B, 0x039B, 0x039B, 0x039B, 0x039B, 0x039B, 0x039B, 0x039B, 0x039B, 0x039B, 0x039B, 0x039B,   // 0x1450 (5200)
0x039B, 0x039B, 0x039B, 0x039B, 0x039B, 0x039B, 0x039B, 0x039B, 0x039B, 0x039B, 0x039B, 0x039B, 0x039B, 0x039B, 0x039B, 0x039B,   // 0x1460 (5216)
0x039B, 0x039B, 0x039B, 0x039B, 0x039B, 0x039B, 0x039B, 0x039B, 0x039B, 0x039B, 0x039B, 0x039B, 0x0C57, 0x1CF3, 0x1CF3, 0x1CF3,   // 0x1470 (5232)
0x1CF3, 0x1CF3, 0x1CF3, 0x1CF3, 0x1CF3, 0x1CF3, 0x1CF2, 0x1CF2, 0x1CF2, 0x1CF2, 0x1CF2, 0x1CF2, 0x1CF2, 0x1CF2, 0x1D12, 0x1CF3,   // 0x1480 (5248)
0x01F8, 0x0816, 0x0816, 0x0816, 0x0816, 0x0816, 0x0816, 0x0816, 0x0816, 0x0816, 0x0816, 0x0816, 0x0816, 0x0816, 0x0816, 0x0816,   // 0x1490 (5264)
0x0816, 0x0816, 0x0816, 0x0816, 0x0816, 0x0816, 0x0816, 0x0816, 0x0816, 0x0816, 0x0816, 0x0816, 0x0816, 0x0816, 0x0816, 0x0816,   // 0x14A0 (5280)
0x0816, 0x0816, 0x0816, 0x0816, 0x0816, 0x0816, 0x0816, 0x0816, 0x0816, 0x0816, 0x0816, 0x0816, 0x0816, 0x0816, 0x0816, 0x0816,   // 0x14B0 (5296)
0x0816, 0x0816, 0x0816, 0x0816, 0x0816, 0x0816, 0x0816, 0x0816, 0x0816, 0x0816, 0x0816, 0x0816, 0x0816, 0x0816, 0x0816, 0x0816,   // 0x14C0 (5312)
0x0816, 0x0816, 0x0816, 0x0816, 0x0816, 0x0816, 0x0816, 0x0816, 0x0816, 0x0816, 0x0816, 0x0816, 0x0816, 0x0816, 0x0816, 0x0816,   // 0x14D0 (5328)
0x0816, 0x0816, 0x0816, 0x0816, 0x0816, 0x0816, 0x0816, 0x0816, 0x0816, 0x0816, 0x0816, 0x0816, 0x0816, 0x0816, 0x0816, 0x0816,   // 0x14E0 (5344)
0x0816, 0x0816, 0x0816, 0x0816, 0x0816, 0x0816, 0x0816, 0x0816, 0x0816, 0x0816, 0x0816, 0x0816, 0x0816, 0x0816, 0x0816, 0x0816,   // 0x14F0 (5360)
0x0816, 0x0816, 0x0816, 0x0816, 0x0816, 0x0816, 0x0816, 0x0816, 0x0816, 0x0816, 0x0816, 0x0816, 0x0816, 0x0816, 0x0816, 0x0915,   // 0x1500 (5376)
0x01F8, 0x0816, 0x0816, 0x0816, 0x0816, 0x0816, 0x0816, 0x0816, 0x0816, 0x0816, 0x0816, 0x0816, 0x0816, 0x0816, 0x0816, 0x0816,   // 0x1510 (5392)
0x0816, 0x0816, 0x0816, 0x0816, 0x0816, 0x0816, 0x0816, 0x0816, 0x0816, 0x0816, 0x0816, 0x0816, 0x0816, 0x0816, 0x0816, 0x0816,   // 0x1520 (5408)
0x0816, 0x0816, 0x0816, 0x0816, 0x0816, 0x0816, 0x0816, 0x0816, 0x0816, 0x0816, 0x0816, 0x0816, 0x0816, 0x0816, 0x0816, 0x0816,   // 0x1530 (5424)
0x0816, 0x0816, 0x0816, 0x0816, 0x0816, 0x0816, 0x0816, 0x0816, 0x0816, 0x0816, 0x0816, 0x0816, 0x0816, 0x0816, 0x0816, 0x0816,   // 0x1540 (5440)
0x0816, 0x0816, 0x0816, 0x0816, 0x0816, 0x0816, 0x0816, 0x0816, 0x0816, 0x0816, 0x0816, 0x0816, 0x0816, 0x0816, 0x0816, 0x0816,   // 0x1550 (5456)
0x0816, 0x0816, 0x0816, 0x0816, 0x0816, 0x0816, 0x0816, 0x0816, 0x0816, 0x0816, 0x0816, 0x0816, 0x0816, 0x0816, 0x0816, 0x0816,   // 0x1560 (5472)
0x0816, 0x0816, 0x0816, 0x0816, 0x0816, 0x0816, 0x0816, 0x0816, 0x0816, 0x0816, 0x0816, 0x0816, 0x0816, 0x0816, 0x0816, 0x0816,   // 0x1570 (5488)
0x0816, 0x0816, 0x0816, 0x0816, 0x0816, 0x0816, 0x0816, 0x0816, 0x0816, 0x0816, 0x0816, 0x0816, 0x0816, 0x0816, 0x0816, 0x0915,   // 0x1580 (5504)
0x01F8, 0x0816, 0x0816, 0x0816, 0x0816, 0x0816, 0x0816, 0x0816, 0x0816, 0x0816, 0x0816, 0x8C5B, 0xFFFF, 0xFFFF, 0xFFFF, 0xFFFF,   // 0x1590 (5520)
0xFFDF, 0xD6BE, 0x5279, 0x0816, 0x0816, 0x0816, 0x0816, 0x0816, 0x0816, 0x0816, 0x0816, 0x0816, 0x0816, 0x0816, 0x0816, 0x0816,   // 0x15A0 (5536)
0x0816, 0x0816, 0x0816, 0x0816, 0x0816, 0x0816, 0x0816, 0x0816, 0x0816, 0x0816, 0x0816, 0x0816, 0x0816, 0x0816, 0x0816, 0x0816,   // 0x15B0 (5552)
0x0816, 0x0816, 0x0816, 0x0816, 0x0816, 0x0816, 0x0816, 0x0816, 0x0816, 0x0816, 0x0816, 0x0816, 0x0816, 0x0816, 0x0816, 0x0816,   // 0x15C0 (5568)
0x0816, 0x0816, 0x0816, 0x0816, 0x0816, 0x0816, 0x0816, 0x0816, 0x0816, 0x0816, 0x0816, 0x0816, 0x0816, 0x0816, 0x0816, 0x0816,   // 0x15D0 (5584)
0x0816, 0x0816, 0x0816, 0x0816, 0x0816, 0x0816, 0x0816, 0x0816, 0x0816, 0x0816, 0x0816, 0x0816, 0x0816, 0xEF5F, 0xFFFF, 0xFFFF,   // 0x15E0 (5600)
0xFFFF, 0xFFFF, 0xF7BF, 0xB59D, 0x20F7, 0x0816, 0x39B8, 0xFFFF, 0xFFFF, 0xBDDD, 0x0816, 0x8C5B, 0xFFFF, 0xFFFF, 0xAD3C, 0x0816,   // 0x15F0 (5616)
0x0816, 0x8C5B, 0xFFFF, 0xFFFF, 0xA4FC, 0x0816, 0x0816, 0x0816, 0x0816, 0x0816, 0x0816, 0x0816, 0x0816, 0x0816, 0x0816, 0x0915,   // 0x1600 (5632)
0x01F8, 0x0816, 0x0816, 0x0816, 0x0816, 0x0816, 0x0816, 0x0816, 0x0816, 0x0816, 0x0816, 0x8C5B, 0xFFFF, 0xFFFF, 0xFFFF, 0xFFFF,   // 0x1610 (5648)
0xFFFF, 0xFFFF, 0xFFDF, 0x2917, 0x0816, 0x0816, 0x0816, 0x0816, 0x0816, 0x0816, 0x0816, 0x0816, 0x0816, 0x0816, 0x0816, 0x0816,   // 0x1620 (5664)
0x0816, 0x0816, 0x0816, 0x0816, 0x0816, 0x0816, 0x0816, 0x0816, 0x0816, 0x0816, 0x0816, 0x0816, 0x0816, 0x0816, 0x0816, 0x0816,   // 0x1630 (5680)
0x0816, 0x0816, 0x0816, 0x0816, 0x0816, 0x0816, 0x0816, 0x0816, 0x0816, 0x0816, 0x0816, 0x0816, 0x0816, 0x0816, 0x0816, 0x0816,   // 0x1640 (5696)
0x0816, 0x0816, 0x0816, 0x0816, 0x0816, 0x0816, 0x0816, 0x0816, 0x0816, 0x0816, 0x0816, 0x0816, 0x0816, 0x0816, 0x0816, 0x0816,   // 0x1650 (5712)
0x0816, 0x0816, 0x0816, 0x0816, 0x0816, 0x0816, 0x0816, 0x0816, 0x0816, 0x0816, 0x0816, 0x0816, 0x0816, 0xEF5F, 0xFFFF, 0xFFFF,   // 0x1660 (5728)
0xFFFF, 0xFFFF, 0xFFFF, 0xFFFF, 0xC5FD, 0x0816, 0x39B8, 0xFFFF, 0xFFFF, 0xBDDD, 0x0816, 0x1076, 0xEF5F, 0xFFFF, 0xFFFF, 0x3157,   // 0x1670 (5744)
0x18B7, 0xF79F, 0xFFFF, 0xF79F, 0x18D7, 0x0816, 0x0816, 0x0816, 0x0816, 0x0816, 0x0816, 0x0816, 0x0816, 0x0816, 0x0816, 0x0915,   // 0x1680 (5760)
0x01F8, 0x0816, 0x0816, 0x0816, 0x0816, 0x0816, 0x0816, 0x0816, 0x0816, 0x0816, 0x0816, 0x8C5B, 0xFFFF, 0xFFFF, 0x841B, 0x41D8,   // 0x1690 (5776)
0xBDFD, 0xFFFF, 0xFFFF, 0x737A, 0x0816, 0x0816, 0x1076, 0x3198, 0x39B8, 0x2917, 0x0816, 0x0816, 0x0816, 0x0816, 0x0816, 0x20F7,   // 0x16A0 (5792)
0x3178, 0x0816, 0x0836, 0x1076, 0x1056, 0x0816, 0x0816, 0x0816, 0x1897, 0x3998, 0x39B8, 0x20F7, 0x0816, 0x0816, 0x0816, 0x0856,   // 0x16B0 (5808)
0x1076, 0x1056, 0x0836, 0x3178, 0x0856, 0x0816, 0x0816, 0x0816, 0x0816, 0x0816, 0x0816, 0x0816, 0x2957, 0x39B8, 0x20D7, 0x0816,   // 0x16C0 (5824)
0x0816, 0x0816, 0x0816, 0x0816, 0x0836, 0x3178, 0x3178, 0x1056, 0x0816, 0x0816, 0x0816, 0x0856, 0x1076, 0x1056, 0x0816, 0x2117,   // 0x16D0 (5840)
0x3178, 0x0816, 0x0816, 0x1076, 0x3998, 0x1897, 0x0816, 0x0816, 0x0816, 0x0816, 0x0816, 0x0816, 0x0816, 0xEF5F, 0xFFFF, 0xFFFF,   // 0x16E0 (5856)
0x39B8, 0x5299, 0xF79F, 0xFFFF, 0xFFFF, 0x1096, 0x39B8, 0xFFFF, 0xFFFF, 0xBDDD, 0x0816, 0x0816, 0x631A, 0xFFFF, 0xFFFF, 0xAD5C,   // 0x16F0 (5872)
0x8C3B, 0xFFFF, 0xFFFF, 0x7BDA, 0x0816, 0x0816, 0x0816, 0x0816, 0x0816, 0x0816, 0x0816, 0x0816, 0x0816, 0x0816, 0x0816, 0x0915,   // 0x1700 (5888)
0x01F8, 0x0816, 0x0816, 0x0816, 0x0816, 0x0816, 0x0816, 0x0816, 0x0816, 0x0816, 0x0816, 0x8C5B, 0xFFFF, 0xFFFF, 0x6B3A, 0x0816,   // 0x1710 (5904)
0x6B3A, 0xFFFF, 0xFFFF, 0x83FB, 0x0816, 0x947B, 0xFFDF, 0xFFFF, 0xFFFF, 0xFFFF, 0xDEDE, 0x2937, 0x0816, 0x0816, 0x9CDC, 0xFFFF,   // 0x1720 (5920)
0xFFFF, 0xDEBE, 0xA51C, 0xFFFF, 0xEF5F, 0x0816, 0x0836, 0xAD5C, 0xFFFF, 0xFFFF, 0xFFFF, 0xFFFF, 0xCE5D, 0x18B7, 0x0816, 0xA51C,   // 0x1730 (5936)
0xFFFF, 0xD69E, 0xBDFD, 0xFFFF, 0x9CDC, 0x0816, 0x0816, 0x0816, 0x0816, 0x0816, 0x4A38, 0xE71E, 0xFFFF, 0xFFFF, 0xFFFF, 0xC5FD,   // 0x1740 (5952)
0x18B7, 0x0816, 0x0816, 0x5AB9, 0xEF5F, 0xFFFF, 0xFFFF, 0xF7BF, 0x7BBA, 0x0816, 0x0816, 0xB59D, 0xFFFF, 0xCE3D, 0xAD3C, 0xFFFF,   // 0x1750 (5968)
0xFFFF, 0xC63D, 0x4A39, 0xEF7F, 0xFFFF, 0xF7BF, 0x4A39, 0x0816, 0x0816, 0x0816, 0x0816, 0x0816, 0x0816, 0xEF5F, 0xFFFF, 0xFFFF,   // 0x1760 (5984)
0x0856, 0x0816, 0xC61D, 0xFFFF, 0xFFFF, 0x20F7, 0x39B8, 0xFFFF, 0xFFFF, 0xBDDD, 0x0816, 0x0816, 0x0816, 0xCE5E, 0xFFFF, 0xFFFF,   // 0x1770 (6000)
0xF7BF, 0xFFFF, 0xE71E, 0x1056, 0x0816, 0x0816, 0x0816, 0x0816, 0x0816, 0x0816, 0x0816, 0x0816, 0x0816, 0x0816, 0x0816, 0x0915,   // 0x1780 (6016)
0x01F8, 0x0816, 0x0816, 0x0816, 0x0816, 0x0816, 0x0816, 0x0816, 0x0816, 0x0816, 0x0816, 0x8C5B, 0xFFFF, 0xFFFF, 0xA53C, 0x7BBA,   // 0x1790 (6032)
0xDEFE, 0xFFFF, 0xFFFF, 0x5AB9, 0x4A38, 0xFFFF, 0xFFFF, 0xCE5E, 0x9CBC, 0xF7BF, 0xFFFF, 0xAD5C, 0x0816, 0x4A59, 0xFFFF, 0xFFFF,   // 0x17A0 (6048)
0xFFFF, 0xFFFF, 0xFFFF, 0xFFFF, 0xEF5F, 0x0816, 0x6B3A, 0xFFFF, 0xFFFF, 0xC5FD, 0x9CDC, 0xFFFF, 0xFFFF, 0x8C5B, 0x0816, 0xA51C,   // 0x17B0 (6064)
0xFFFF, 0xFFDF, 0xFFFF, 0xFFFF, 0x4A38, 0x0816, 0x0816, 0x0816, 0x0816, 0x2917, 0xF7BF, 0xFFFF, 0xFFDF, 0xDEDE, 0xFFFF, 0xFFFF,   // 0x17C0 (6080)
0xBDBD, 0x0816, 0x39D8, 0xFFFF, 0xFFFF, 0xF79F, 0xEF5F, 0xFFFF, 0xFFFF, 0x631A, 0x0816, 0xB59D, 0xFFFF, 0xFFFF, 0xFFFF, 0xFFFF,   // 0x17D0 (6096)
0xFFFF, 0xFFFF, 0xFFFF, 0xFFFF, 0xFFFF, 0xFFFF, 0xC63D, 0x0816, 0x0816, 0x0816, 0x0816, 0x0816, 0x0816, 0xEF5F, 0xFFFF, 0xFFFF,   // 0x17E0 (6112)
0x737A, 0x8C5B, 0xFFFF, 0xFFFF, 0xF79F, 0x0836, 0x39B8, 0xFFFF, 0xFFFF, 0xBDDD, 0x0816, 0x0816, 0x0816, 0x41D8, 0xFFFF, 0xFFFF,   // 0x17F0 (6128)
0xFFFF, 0xFFFF, 0x5AD9, 0x0816, 0x0816, 0x0816, 0x0816, 0x0816, 0x0816, 0x0816, 0x0816, 0x0816, 0x0816, 0x0816, 0x0816, 0x0915,   // 0x1800 (6144)
0x01F8, 0x0816, 0x0816, 0x0816, 0x0816, 0x0816, 0x0816, 0x0816, 0x0816, 0x0816, 0x0816, 0x8C5B, 0xFFFF, 0xFFFF, 0xFFFF, 0xFFFF,   // 0x1810 (6160)
0xFFFF, 0xFFFF, 0xDEDE, 0x1056, 0x18D7, 0x5279, 0x737A, 0x1896, 0x2937, 0xD69E, 0xFFFF, 0xDEFE, 0x0816, 0x947B, 0xFFFF, 0xFFFF,   // 0x1820 (6176)
0x4A38, 0x20F7, 0xF79F, 0xFFFF, 0xEF5F, 0x0816, 0x20F7, 0x5299, 0x737A, 0x0836, 0x3998, 0xEF3F, 0xFFFF, 0xBDFD, 0x0816, 0xA51C,   // 0x1830 (6192)
0xFFFF, 0xFFFF, 0x8C5B, 0x3157, 0x0816, 0x0816, 0x0816, 0x0816, 0x0816, 0x841B, 0xFFFF, 0xFFFF, 0x4A59, 0x0816, 0x7BBA, 0xB59D,   // 0x1840 (6208)
0x8C5B, 0x0836, 0xAD5C, 0xFFFF, 0xFFDF, 0x2917, 0x1076, 0xE73F, 0xFFFF, 0xD69E, 0x0816, 0xB59D, 0xFFFF, 0xFFFF, 0x62F9, 0x7BBA,   // 0x1850 (6224)
0xFFFF, 0xFFFF, 0xC63D, 0x3178, 0xE71E, 0xFFFF, 0xEF5F, 0x0816, 0x0816, 0x0816, 0x0816, 0x0816, 0x0816, 0xEF5F, 0xFFFF, 0xFFFF,   // 0x1860 (6240)
0xFFFF, 0xFFFF, 0xFFFF, 0xFFFF, 0x8C3B, 0x0816, 0x39B8, 0xFFFF, 0xFFFF, 0xBDDD, 0x0816, 0x0816, 0x0816, 0x20F7, 0xFFBF, 0xFFFF,   // 0x1870 (6256)
0xFFFF, 0xFFFF, 0x2937, 0x0816, 0x0816, 0x0816, 0x0816, 0x0816, 0x0816, 0x0816, 0x0816, 0x0816, 0x0816, 0x0816, 0x0816, 0x0915,   // 0x1880 (6272)
0x01F8, 0x0816, 0x0816, 0x0816, 0x0816, 0x0816, 0x0816, 0x0816, 0x0816, 0x0816, 0x0816, 0x8C5B, 0xFFFF, 0xFFFF, 0xDEDE, 0xC61D,   // 0x1890 (6288)
0xBDDD, 0x8C5B, 0x18B7, 0x0816, 0x0816, 0x4A59, 0xA51C, 0xE6FE, 0xFFFF, 0xFFFF, 0xFFFF, 0xE71E, 0x0816, 0xA51C, 0xFFFF, 0xFFFF,   // 0x18A0 (6304)
0x0816, 0x0816, 0xC5FD, 0xFFFF, 0xEF5F, 0x0816, 0x0816, 0x5AD9, 0xAD5C, 0xEF3F, 0xFFFF, 0xFFFF, 0xFFFF, 0xC61D, 0x0816, 0xA51C,   // 0x18B0 (6320)
0xFFFF, 0xFFFF, 0x2917, 0x0816, 0x0816, 0x0816, 0x0816, 0x0816, 0x0816, 0xAD5C, 0xFFFF, 0xF7BF, 0x0816, 0x0816, 0x0816, 0x0816,   // 0x18C0 (6336)
0x0816, 0x0816, 0xD6BE, 0xFFFF, 0xD67E, 0x0816, 0x0816, 0xAD7C, 0xFFFF, 0xFFDF, 0x0816, 0xB59D, 0xFFFF, 0xFFBF, 0x0816, 0x3998,   // 0x18D0 (6352)
0xFFFF, 0xFFFF, 0x7BBA, 0x0816, 0xB59D, 0xFFFF, 0xF79F, 0x0816, 0x0816, 0x0816, 0x0816, 0x0816, 0x0816, 0xEF5F, 0xFFFF, 0xFFFF,   // 0x18E0 (6368)
0xC63D, 0xC61D, 0xB59D, 0x631A, 0x0816, 0x0816, 0x39B8, 0xFFFF, 0xFFFF, 0xBDDD, 0x0816, 0x0816, 0x0816, 0xAD3C, 0xFFFF, 0xFFFF,   // 0x18F0 (6384)
0xFFFF, 0xFFFF, 0xB5BD, 0x0816, 0x0816, 0x0816, 0x0816, 0x0816, 0x0816, 0x0816, 0x0816, 0x0816, 0x0816, 0x0816, 0x0816, 0x0915,   // 0x1900 (6400)
0x01F8, 0x0816, 0x0816, 0x0816, 0x0816, 0x0816, 0x0816, 0x0816, 0x0816, 0x0816, 0x0816, 0x8C5B, 0xFFFF, 0xFFFF, 0x6B3A, 0x0816,   // 0x1910 (6416)
0x0816, 0x0816, 0x0816, 0x0816, 0x62F9, 0xFFFF, 0xFFFF, 0xBDDD, 0x5AB9, 0xBDDD, 0xFFFF, 0xE71E, 0x0816, 0x949B, 0xFFFF, 0xFFFF,   // 0x1920 (6432)
0x20F7, 0x0816, 0xDEDE, 0xFFFF, 0xEF5F, 0x0816, 0x841B, 0xFFFF, 0xFFFF, 0xAD5C, 0x4A59, 0xD6BE, 0xFFFF, 0xC61D, 0x0816, 0xA51C,   // 0x1930 (6448)
0xFFFF, 0xFFFF, 0x0836, 0x0816, 0x0816, 0x0816, 0x0816, 0x0816, 0x0816, 0xAD3C, 0xFFFF, 0xFFBF, 0x0816, 0x0816, 0x18B7, 0x39B8,   // 0x1940 (6464)
0x18B7, 0x0816, 0xD67E, 0xFFFF, 0xDEBE, 0x0816, 0x0816, 0xBDBD, 0xFFFF, 0xF79F, 0x0816, 0xB59D, 0xFFFF, 0xF79F, 0x0816, 0x3198,   // 0x1950 (6480)
0xFFFF, 0xFFFF, 0x739A, 0x0816, 0xB59D, 0xFFFF, 0xF79F, 0x0816, 0x0816, 0x0816, 0x0816, 0x0816, 0x0816, 0xEF5F, 0xFFFF, 0xFFFF,   // 0x1960 (6496)
0x0856, 0x0816, 0x0816, 0x0816, 0x0816, 0x0816, 0x39B8, 0xFFFF, 0xFFFF, 0xBDDD, 0x0816, 0x0816, 0x41D8, 0xFFFF, 0xFFFF, 0xE71E,   // 0x1970 (6512)
0xDEDE, 0xFFFF, 0xFFFF, 0x4A59, 0x0816, 0x0816, 0x0816, 0x0816, 0x0816, 0x0816, 0x0816, 0x0816, 0x0816, 0x0816, 0x0816, 0x0915,   // 0x1980 (6528)
0x01F8, 0x0816, 0x0816, 0x0816, 0x0816, 0x0816, 0x0816, 0x0816, 0x0816, 0x0816, 0x0816, 0x8C5B, 0xFFFF, 0xFFFF, 0x6B3A, 0x0816,   // 0x1990 (6544)
0x0816, 0x0816, 0x0816, 0x0816, 0xAD5C, 0xFFFF, 0xFFDF, 0x0836, 0x1076, 0xE71E, 0xFFFF, 0xE71E, 0x0816, 0x5279, 0xFFFF, 0xFFFF,   // 0x19A0 (6560)
0xD6BE, 0xC61D, 0xFFFF, 0xFFFF, 0xEF5F, 0x0816, 0xCE5D, 0xFFFF, 0xE71E, 0x0816, 0x20D7, 0xF7BF, 0xFFFF, 0xC61D, 0x0816, 0xA51C,   // 0x19B0 (6576)
0xFFFF, 0xFFFF, 0x0816, 0x0816, 0x0816, 0x0816, 0x0816, 0x0816, 0x0816, 0x7BBA, 0xFFFF, 0xFFFF, 0x7BDA, 0x2117, 0xB5BD, 0xFFFF,   // 0x19C0 (6592)
0xFFFF, 0x18D7, 0x949B, 0xFFFF, 0xFFFF, 0x5299, 0x39D8, 0xF7BF, 0xFFFF, 0xBDBD, 0x0816, 0xB59D, 0xFFFF, 0xF79F, 0x0816, 0x3198,   // 0x19D0 (6608)
0xFFFF, 0xFFFF, 0x739A, 0x0816, 0xB59D, 0xFFFF, 0xF79F, 0x0816, 0x0816, 0x0816, 0x0816, 0x0816, 0x0816, 0xEF5F, 0xFFFF, 0xFFFF,   // 0x19E0 (6624)
0x0856, 0x0816, 0x0816, 0x0816, 0x0816, 0x0816, 0x39B8, 0xFFFF, 0xFFFF, 0xBDDD, 0x0816, 0x0816, 0xCE7E, 0xFFFF, 0xFFFF, 0x62F9,   // 0x19F0 (6640)
0x5AB9, 0xFFFF, 0xFFFF, 0xDEBE, 0x0836, 0x0816, 0x0816, 0x0816, 0x0816, 0x0816, 0x0816, 0x0816, 0x0816, 0x0816, 0x0816, 0x0915,   // 0x1A00 (6656)
0x01F8, 0x0816, 0x0816, 0x0816, 0x0816, 0x0816, 0x0816, 0x0816, 0x0816, 0x0816, 0x0816, 0x8C5B, 0xFFFF, 0xFFFF, 0x6B3A, 0x0816,   // 0x1A10 (6672)
0x0816, 0x0816, 0x0816, 0x0816, 0x8C3B, 0xFFFF, 0xFFFF, 0xD69E, 0xE73F, 0xFFDF, 0xFFFF, 0xEF3F, 0x0816, 0x0816, 0xB57C, 0xFFFF,   // 0x1A20 (6688)
0xFFFF, 0xEF7F, 0xDEDE, 0xFFFF, 0xEF5F, 0x0816, 0xAD3C, 0xFFFF, 0xFFFF, 0xCE5D, 0xEF7F, 0xFFDF, 0xFFFF, 0xCE3D, 0x0816, 0xA51C,   // 0x1A30 (6704)
0xFFFF, 0xFFFF, 0x0816, 0x0816, 0x0816, 0x0816, 0x0816, 0x0816, 0x0816, 0x1076, 0xDEFE, 0xFFFF, 0xFFFF, 0xFFFF, 0xFFFF, 0xFFFF,   // 0x1A40 (6720)
0x949B, 0x0816, 0x20D7, 0xE73F, 0xFFFF, 0xFFFF, 0xFFFF, 0xFFFF, 0xF7BF, 0x3998, 0x0816, 0xB59D, 0xFFFF, 0xF79F, 0x0816, 0x3198,   // 0x1A50 (6736)
0xFFFF, 0xFFFF, 0x739A, 0x0816, 0xB59D, 0xFFFF, 0xF79F, 0x0816, 0x0816, 0x0816, 0x0816, 0x0816, 0x0816, 0xEF5F, 0xFFFF, 0xFFFF,   // 0x1A60 (6752)
0x0856, 0x0816, 0x0816, 0x0816, 0x0816, 0x0816, 0x39B8, 0xFFFF, 0xFFFF, 0xBDDD, 0x0816, 0x6B3A, 0xFFFF, 0xFFFF, 0xD69E, 0x0816,   // 0x1A70 (6768)
0x0816, 0xCE5D, 0xFFFF, 0xFFFF, 0x739A, 0x0816, 0x0816, 0x0816, 0x0816, 0x0816, 0x0816, 0x0816, 0x0816, 0x0816, 0x0816, 0x0915,   // 0x1A80 (6784)
0x01F8, 0x0816, 0x0816, 0x0816, 0x0816, 0x0816, 0x0816, 0x0816, 0x0816, 0x0816, 0x0816, 0x6B5A, 0xC5FD, 0xC5FD, 0x5279, 0x0816,   // 0x1A90 (6800)
0x0816, 0x0816, 0x0816, 0x0816, 0x1076, 0xA51C, 0xEF3F, 0xDEDE, 0x8C5B, 0x5AB9, 0xC5FD, 0xC5FD, 0x1076, 0x0836, 0x0836, 0x5279,   // 0x1AA0 (6816)
0x631A, 0x18B7, 0xC5FD, 0xFFFF, 0xEF5F, 0x0816, 0x18D7, 0xB59D, 0xEF5F, 0xD6BE, 0x7BBA, 0x6B3A, 0xC5FD, 0xB59D, 0x0816, 0x7BDA,   // 0x1AB0 (6832)
0xC5FD, 0xC5FD, 0x0816, 0x0816, 0x0816, 0x0816, 0x0816, 0x0816, 0x0816, 0x0816, 0x20D7, 0x9CDC, 0xDEDE, 0xEF5F, 0xD69E, 0x7BBA,   // 0x1AC0 (6848)
0x0816, 0x0816, 0x0816, 0x2117, 0xA51C, 0xE71E, 0xE73F, 0xB59D, 0x3198, 0x0816, 0x0816, 0x8C3B, 0xC5FD, 0xB5BD, 0x0816, 0x2937,   // 0x1AD0 (6864)
0xC5FD, 0xC5FD, 0x5AB9, 0x0816, 0x8C3B, 0xC5FD, 0xB5BD, 0x0816, 0x0816, 0x0816, 0x0816, 0x0816, 0x0816, 0xB57C, 0xC5FD, 0xC5FD,   // 0x1AE0 (6880)
0x0836, 0x0816, 0x0816, 0x0816, 0x0816, 0x0816, 0x2957, 0xC5FD, 0xC5FD, 0x8C5B, 0x0816, 0xAD5C, 0xC5FD, 0xC5FD, 0x4A18, 0x0816,   // 0x1AF0 (6896)
0x0816, 0x41F8, 0xC5FD, 0xC5FD, 0xB59D, 0x0836, 0x0816, 0x0816, 0x0816, 0x0816, 0x0816, 0x0816, 0x0816, 0x0816, 0x0816, 0x0915,   // 0x1B00 (6912)
0x01F8, 0x0816, 0x0816, 0x0816, 0x0816, 0x0816, 0x0816, 0x0816, 0x0816, 0x0816, 0x0816, 0x0816, 0x0816, 0x0816, 0x0816, 0x0816,   // 0x1B10 (6928)
0x0816, 0x0816, 0x0816, 0x0816, 0x0816, 0x0816, 0x0816, 0x0816, 0x0816, 0x0816, 0x0816, 0x0816, 0x0816, 0x737A, 0xF79F, 0xD69E,   // 0x1B20 (6944)
0x41F8, 0x18B7, 0xEF5F, 0xFFFF, 0xCE7E, 0x0816, 0x0816, 0x0816, 0x0816, 0x0816, 0x0816, 0x0816, 0x0816, 0x0816, 0x0816, 0x0816,   // 0x1B30 (6960)
0x0816, 0x0816, 0x0816, 0x0816, 0x0816, 0x0816, 0x0816, 0x0816, 0x0816, 0x0816, 0x0816, 0x0816, 0x0816, 0x0816, 0x0816, 0x0816,   // 0x1B40 (6976)
0x0816, 0x0816, 0x0816, 0x0816, 0x0816, 0x0816, 0x0816, 0x0816, 0x0816, 0x0816, 0x0816, 0x0816, 0x0816, 0x0816, 0x0816, 0x0816,   // 0x1B50 (6992)
0x0816, 0x0816, 0x0816, 0x0816, 0x0816, 0x0816, 0x0816, 0x0816, 0x0816, 0x0816, 0x0816, 0x0816, 0x0816, 0x0816, 0x0816, 0x0816,   // 0x1B60 (7008)
0x0816, 0x0816, 0x0816, 0x0816, 0x0816, 0x0816, 0x0816, 0x0816, 0x0816, 0x0816, 0x0816, 0x0816, 0x0816, 0x0816, 0x0816, 0x0816,   // 0x1B70 (7024)
0x0816, 0x0816, 0x0816, 0x0816, 0x0816, 0x0816, 0x0816, 0x0816, 0x0816, 0x0816, 0x0816, 0x0816, 0x0816, 0x0816, 0x0816, 0x0915,   // 0x1B80 (7040)
0x01F8, 0x0816, 0x0816, 0x0816, 0x0816, 0x0816, 0x0816, 0x0816, 0x0816, 0x0816, 0x0816, 0x0816, 0x0816, 0x0816, 0x0816, 0x0816,   // 0x1B90 (7056)
0x0816, 0x0816, 0x0816, 0x0816, 0x0816, 0x0816, 0x0816, 0x0816, 0x0816, 0x0816, 0x0816, 0x0816, 0x0816, 0x3178, 0xFFFF, 0xFFFF,   // 0x1BA0 (7072)
0xFFFF, 0xFFFF, 0xFFFF, 0xFFFF, 0x6B1A, 0x0816, 0x0816, 0x0816, 0x0816, 0x0816, 0x0816, 0x0816, 0x0816, 0x0816, 0x0816, 0x0816,   // 0x1BB0 (7088)
0x0816, 0x0816, 0x0816, 0x0816, 0x0816, 0x0816, 0x0816, 0x0816, 0x0816, 0x0816, 0x0816, 0x0816, 0x0816, 0x0816, 0x0816, 0x0816,   // 0x1BC0 (7104)
0x0816, 0x0816, 0x0816, 0x0816, 0x0816, 0x0816, 0x0816, 0x0816, 0x0816, 0x0816, 0x0816, 0x0816, 0x0816, 0x0816, 0x0816, 0x0816,   // 0x1BD0 (7120)
0x0816, 0x0816, 0x0816, 0x0816, 0x0816, 0x0816, 0x0816, 0x0816, 0x0816, 0x0816, 0x0816, 0x0816, 0x0816, 0x0816, 0x0816, 0x0816,   // 0x1BE0 (7136)
0x0816, 0x0816, 0x0816, 0x0816, 0x0816, 0x0816, 0x0816, 0x0816, 0x0816, 0x0816, 0x0816, 0x0816, 0x0816, 0x0816, 0x0816, 0x0816,   // 0x1BF0 (7152)
0x0816, 0x0816, 0x0816, 0x0816, 0x0816, 0x0816, 0x0816, 0x0816, 0x0816, 0x0816, 0x0816, 0x0816, 0x0816, 0x0816, 0x0816, 0x0915,   // 0x1C00 (7168)
0x01F8, 0x0816, 0x0816, 0x0816, 0x0816, 0x0816, 0x0816, 0x0816, 0x0816, 0x0816, 0x0816, 0x0816, 0x0816, 0x0816, 0x0816, 0x0816,   // 0x1C10 (7184)
0x0816, 0x0816, 0x0816, 0x0816, 0x0816, 0x0816, 0x0816, 0x0816, 0x0816, 0x0816, 0x0816, 0x0816, 0x0816, 0x0816, 0x5279, 0xBDDD,   // 0x1C20 (7200)
0xE6FE, 0xE71E, 0xC61D, 0x631A, 0x0816, 0x0816, 0x0816, 0x0816, 0x0816, 0x0816, 0x0816, 0x0816, 0x0816, 0x0816, 0x0816, 0x0816,   // 0x1C30 (7216)
0x0816, 0x0816, 0x0816, 0x0816, 0x0816, 0x0816, 0x0816, 0x0816, 0x0816, 0x0816, 0x0816, 0x0816, 0x0816, 0x0816, 0x0816, 0x0816,   // 0x1C40 (7232)
0x0816, 0x0816, 0x0816, 0x0816, 0x0816, 0x0816, 0x0816, 0x0816, 0x0816, 0x0816, 0x0816, 0x0816, 0x0816, 0x0816, 0x0816, 0x0816,   // 0x1C50 (7248)
0x0816, 0x0816, 0x0816, 0x0816, 0x0816, 0x0816, 0x0816, 0x0816, 0x0816, 0x0816, 0x0816, 0x0816, 0x0816, 0x0816, 0x0816, 0x0816,   // 0x1C60 (7264)
0x0816, 0x0816, 0x0816, 0x0816, 0x0816, 0x0816, 0x0816, 0x0816, 0x0816, 0x0816, 0x0816, 0x0816, 0x0816, 0x0816, 0x0816, 0x0816,   // 0x1C70 (7280)
0x0816, 0x0816, 0x0816, 0x0816, 0x0816, 0x0816, 0x0816, 0x0816, 0x0816, 0x0816, 0x0816, 0x0816, 0x0816, 0x0816, 0x0816, 0x0915,   // 0x1C80 (7296)
0x01F8, 0x0816, 0x0816, 0x0816, 0x0816, 0x0816, 0x0816, 0x0816, 0x0816, 0x0816, 0x0816, 0x0816, 0x0816, 0x0816, 0x0816, 0x0816,   // 0x1C90 (7312)
0x0816, 0x0816, 0x0816, 0x0816, 0x0816, 0x0816, 0x0816, 0x0816, 0x0816, 0x0816, 0x0816, 0x0816, 0x0816, 0x0816, 0x0816, 0x0816,   // 0x1CA0 (7328)
0x0816, 0x0816, 0x0816, 0x0816, 0x0816, 0x0816, 0x0816, 0x0816, 0x0816, 0x0816, 0x0816, 0x0816, 0x0816, 0x0816, 0x0816, 0x0816,   // 0x1CB0 (7344)
0x0816, 0x0816, 0x0816, 0x0816, 0x0816, 0x0816, 0x0816, 0x0816, 0x0816, 0x0816, 0x0816, 0x0816, 0x0816, 0x0816, 0x0816, 0x0816,   // 0x1CC0 (7360)
0x0816, 0x0816, 0x0816, 0x0816, 0x0816, 0x0816, 0x0816, 0x0816, 0x0816, 0x0816, 0x0816, 0x0816, 0x0816, 0x0816, 0x0816, 0x0816,   // 0x1CD0 (7376)
0x0816, 0x0816, 0x0816, 0x0816, 0x0816, 0x0816, 0x0816, 0x0816, 0x0816, 0x0816, 0x0816, 0x0816, 0x0816, 0x0816, 0x0816, 0x0816,   // 0x1CE0 (7392)
0x0816, 0x0816, 0x0816, 0x0816, 0x0816, 0x0816, 0x0816, 0x0816, 0x0816, 0x0816, 0x0816, 0x0816, 0x0816, 0x0816, 0x0816, 0x0816,   // 0x1CF0 (7408)
0x0816, 0x0816, 0x0816, 0x0816, 0x0816, 0x0816, 0x0816, 0x0816, 0x0816, 0x0816, 0x0816, 0x0816, 0x0816, 0x0816, 0x0816, 0x0915,   // 0x1D00 (7424)
0x01F8, 0x0816, 0x0816, 0x0816, 0x0816, 0x0816, 0x0816, 0x0816, 0x0816, 0x0816, 0x0816, 0x0816, 0x0816, 0x0816, 0x0816, 0x0816,   // 0x1D10 (7440)
0x0816, 0x0816, 0x0816, 0x0816, 0x0816, 0x0816, 0x0816, 0x0816, 0x0816, 0x0816, 0x0816, 0x0816, 0x0816, 0x0816, 0x0816, 0x0816,   // 0x1D20 (7456)
0x0816, 0x0816, 0x0816, 0x0816, 0x0816, 0x0816, 0x0816, 0x0816, 0x0816, 0x0816, 0x0816, 0x0816, 0x0816, 0x0816, 0x0816, 0x0816,   // 0x1D30 (7472)
0x0816, 0x0816, 0x0816, 0x0816, 0x0816, 0x0816, 0x0816, 0x0816, 0x0816, 0x0816, 0x0816, 0x0816, 0x0816, 0x0816, 0x0816, 0x0816,   // 0x1D40 (7488)
0x0816, 0x0816, 0x0816, 0x0816, 0x0816, 0x0816, 0x0816, 0x0816, 0x0816, 0x0816, 0x0816, 0x0816, 0x0816, 0x0816, 0x0816, 0x0816,   // 0x1D50 (7504)
0x0816, 0x0816, 0x0816, 0x0816, 0x0816, 0x0816, 0x0816, 0x0816, 0x0816, 0x0816, 0x0816, 0x0816, 0x0816, 0x0816, 0x0816, 0x0816,   // 0x1D60 (7520)
0x0816, 0x0816, 0x0816, 0x0816, 0x0816, 0x0816, 0x0816, 0x0816, 0x0816, 0x0816, 0x0816, 0x0816, 0x0816, 0x0816, 0x0816, 0x0816,   // 0x1D70 (7536)
0x0816, 0x0816, 0x0816, 0x0816, 0x0816, 0x0816, 0x0816, 0x0816, 0x0816, 0x0816, 0x0816, 0x0816, 0x0816, 0x0816, 0x0816, 0x0915,   // 0x1D80 (7552)
0x041B, 0x041B, 0x041B, 0x041B, 0x041B, 0x041B, 0x041B, 0x041B, 0x041B, 0x041B, 0x041B, 0x041B, 0x041B, 0x041B, 0x041B, 0x041B,   // 0x1D90 (7568)
0x041B, 0x041B, 0x041B, 0x041B, 0x041B, 0x041B, 0x041B, 0x041B, 0x041B, 0x041B, 0x041B, 0x041B, 0x041B, 0x041B, 0x041B, 0x041B,   // 0x1DA0 (7584)
0x041B, 0x041B, 0x041B, 0x041B, 0x041B, 0x041B, 0x041B, 0x041B, 0x041B, 0x041B, 0x041B, 0x041B, 0x041B, 0x041B, 0x041B, 0x041B,   // 0x1DB0 (7600)
0x041B, 0x041B, 0x041B, 0x041B, 0x041B, 0x041B, 0x041B, 0x041B, 0x041B, 0x041B, 0x041B, 0x041B, 0x041B, 0x041B, 0x041B, 0x041B,   // 0x1DC0 (7616)
0x041B, 0x041B, 0x041B, 0x041B, 0x041B, 0x041B, 0x041B, 0x041B, 0x041B, 0x041B, 0x041B, 0x041B, 0x041B, 0x041B, 0x041B, 0x041B,   // 0x1DD0 (7632)
0x041B, 0x041B, 0x041B, 0x041B, 0x041B, 0x041B, 0x041B, 0x041B, 0x041B, 0x041B, 0x041B, 0x041B, 0x041B, 0x041B, 0x041B, 0x041B,   // 0x1DE0 (7648)
0x045A, 0x1D73, 0x1D73, 0x1D73, 0x1D73, 0x1D73, 0x1D73, 0x1D73, 0x1D72, 0x1D72, 0x1D72, 0x1D72, 0x1D72, 0x1D72, 0x1D72, 0x1D72,   // 0x1DF0 (7664)
0x1D72, 0x1D72, 0x1D92, 0x1D92, 0x1D92, 0x1D92, 0x1D92, 0x1D92, 0x1D92, 0x2592, 0x2592, 0x2592, 0x2592, 0x2592, 0x2592, 0x1D73,   // 0x1E00 (7680)
0x045B, 0x045C, 0x045C, 0x045C, 0x045C, 0x045C, 0x045C, 0x045C, 0x045C, 0x045C, 0x045C, 0x045C, 0x045C, 0x045C, 0x045C, 0x045C,   // 0x1E10 (7696)
0x045C, 0x045C, 0x045C, 0x045C, 0x045C, 0x045C, 0x045C, 0x045C, 0x045C, 0x045C, 0x045C, 0x045C, 0x045C, 0x045C, 0x045C, 0x045C,   // 0x1E20 (7712)
0x045C, 0x045C, 0x045C, 0x045C, 0x045C, 0x045C, 0x045C, 0x045C, 0x045C, 0x045C, 0x045C, 0x045C, 0x045C, 0x045C, 0x045C, 0x045C,   // 0x1E30 (7728)
0x045C, 0x045C, 0x045C, 0x045C, 0x045C, 0x045C, 0x045C, 0x045C, 0x045C, 0x045C, 0x045C, 0x045C, 0x045C, 0x045C, 0x045C, 0x045C,   // 0x1E40 (7744)
0x045C, 0x045C, 0x045C, 0x045C, 0x045C, 0x045C, 0x045C, 0x045C, 0x045C, 0x045C, 0x045C, 0x045C, 0x045C, 0x045C, 0x045C, 0x045C,   // 0x1E50 (7760)
0x045C, 0x045C, 0x045C, 0x045C, 0x045C, 0x045C, 0x045C, 0x045C, 0x045C, 0x045C, 0x045C, 0x045C, 0x045C, 0x045C, 0x045C, 0x047B,   // 0x1E60 (7776)
0x1D94, 0x1DD2, 0x1DD2, 0x1DF2, 0x1DF2, 0x1DF2, 0x1DF2, 0x1DF2, 0x1DF2, 0x25F2, 0x25F2, 0x25F2, 0x25F2, 0x25F2, 0x25F2, 0x25F2,   // 0x1E70 (7792)
0x25F2, 0x25F2, 0x25F2, 0x25F2, 0x25F2, 0x25F2, 0x2612, 0x2612, 0x2612, 0x2612, 0x2612, 0x2612, 0x2611, 0x2611, 0x2611, 0x1DD3,   // 0x1E80 (7808)
0x045B, 0x045C, 0x045C, 0x045C, 0x045C, 0x045C, 0x045C, 0x045C, 0x045C, 0x045C, 0x045C, 0x045C, 0x045C, 0x045C, 0x045C, 0x045C,   // 0x1E90 (7824)
0x045C, 0x045C, 0x045C, 0x045C, 0x045C, 0x045C, 0x045C, 0x045C, 0x045C, 0x045C, 0x045C, 0x045C, 0x045C, 0x045C, 0x045C, 0x045C,   // 0x1EA0 (7840)
0x045C, 0x045C, 0x045C, 0x045C, 0x045C, 0x045C, 0x045C, 0x045C, 0x045C, 0x045C, 0x045C, 0x045C, 0x045C, 0x045C, 0x045C, 0x045C,   // 0x1EB0 (7856)
0x045C, 0x045C, 0x045C, 0x045C, 0x045C, 0x045C, 0x045C, 0x045C, 0x045C, 0x045C, 0x045C, 0x045C, 0x045C, 0x045C, 0x045C, 0x045C,   // 0x1EC0 (7872)
0x045C, 0x045C, 0x045C, 0x045C, 0x045C, 0x045C, 0x045C, 0x045C, 0x045C, 0x045C, 0x045C, 0x045C, 0x045C, 0x045C, 0x045C, 0x045C,   // 0x1ED0 (7888)
0x045C, 0x045C, 0x045C, 0x045C, 0x045C, 0x045C, 0x045C, 0x045C, 0x045C, 0x045C, 0x045C, 0x045C, 0x045C, 0x045C, 0x045C, 0x0D17,   // 0x1EE0 (7904)
0x1DD3, 0x1DD2, 0x1DD2, 0x1DF2, 0x1DF2, 0x1DF2, 0x1DF2, 0x1DF2, 0x1DF2, 0x25F2, 0x25F2, 0x25F2, 0x25F2, 0x25F2, 0x25F2, 0x25F2,   // 0x1EF0 (7920)
0x25F2, 0x25F2, 0x25F2, 0x25F2, 0x25F2, 0x25F2, 0x2612, 0x2612, 0x2612, 0x2612, 0x2612, 0x2612, 0x2611, 0x2611, 0x2611, 0x1DD3,   // 0x1F00 (7936)
0x045B, 0x045C, 0x045C, 0x045C, 0x045C, 0x045C, 0x045C, 0x045C, 0x045C, 0x045C, 0x045C, 0x045C, 0x045C, 0x045C, 0x045C, 0x045C,   // 0x1F10 (7952)
0x045C, 0x045C, 0x045C, 0x045C, 0x045C, 0x045C, 0x045C, 0x045C, 0x045C, 0x045C, 0x045C, 0x045C, 0x045C, 0x045C, 0x045C, 0x045C,   // 0x1F20 (7968)
0x045C, 0x045C, 0x045C, 0x045C, 0x045C, 0x045C, 0x045C, 0x045C, 0x045C, 0x045C, 0x045C, 0x045C, 0x045C, 0x045C, 0x045C, 0x045C,   // 0x1F30 (7984)
0x045C, 0x045C, 0x045C, 0x045C, 0x045C, 0x045C, 0x045C, 0x045C, 0x045C, 0x045C, 0x045C, 0x045C, 0x045C, 0x045C, 0x045C, 0x045C,   // 0x1F40 (8000)
0x045C, 0x045C, 0x045C, 0x045C, 0x045C, 0x045C, 0x045C, 0x045C, 0x045C, 0x045C, 0x045C, 0x045C, 0x045C, 0x045C, 0x045C, 0x045C,   // 0x1F50 (8016)
0x045C, 0x045C, 0x045C, 0x045C, 0x045C, 0x045C, 0x045C, 0x045C, 0x045C, 0x045C, 0x045C, 0x045C, 0x045C, 0x045C, 0x049A, 0x1DD3,   // 0x1F60 (8032)
0x1DD3, 0x1DD2, 0x1DD2, 0x1DF2, 0x1DF2, 0x1DF2, 0x1DF2, 0x1DF2, 0x1DF2, 0x25F2, 0x25F2, 0x25F2, 0x25F2, 0x25F2, 0x25F2, 0x25F2,   // 0x1F70 (8048)
0x25F2, 0x25F2, 0x25F2, 0x25F2, 0x25F2, 0x25F2, 0x2612, 0x2612, 0x2612, 0x2612, 0x2612, 0x2612, 0x2611, 0x2611, 0x2611, 0x1DD3,   // 0x1F80 (8064)
0x045B, 0x045C, 0x045C, 0x045C, 0x045C, 0x045C, 0x045C, 0x045C, 0x045C, 0x045C, 0x045C, 0x045C, 0x03D8, 0x02D2, 0x026F, 0x024F,   // 0x1F90 (8080)
0x024F, 0x024F, 0x024F, 0x024F, 0x024F, 0x024F, 0x024F, 0x024F, 0x024F, 0x024F, 0x024F, 0x024F, 0x024F, 0x024F, 0x024F, 0x024F,   // 0x1FA0 (8096)
0x024F, 0x024F, 0x024F, 0x024F, 0x024F, 0x024F, 0x024F, 0x024F, 0x024F, 0x024F, 0x024F, 0x024F, 0x024F, 0x024F, 0x024F, 0x024F,   // 0x1FB0 (8112)
0x024F, 0x024F, 0x024F, 0x024F, 0x024F, 0x024F, 0x024F, 0x024F, 0x024F, 0x024F, 0x024F, 0x024F, 0x024F, 0x024F, 0x024F, 0x024F,   // 0x1FC0 (8128)
0x024F, 0x024F, 0x024F, 0x024F, 0x024F, 0x024F, 0x024F, 0x024F, 0x024F, 0x024F, 0x024F, 0x024F, 0x024F, 0x024F, 0x024F, 0x024F,   // 0x1FD0 (8144)
0x024F, 0x024F, 0x024F, 0x024F, 0x024F, 0x024F, 0x024F, 0x024F, 0x024F, 0x024F, 0x024F, 0x024F, 0x024F, 0x024F, 0x028D, 0x0AAC,   // 0x1FE0 (8160)
0x0AAC, 0x0AAC, 0x0AAC, 0x0AAC, 0x0AAC, 0x0AAC, 0x0AAC, 0x0AAC, 0x0ACC, 0x0ACC, 0x0ACC, 0x0ACC, 0x0ACC, 0x0ACC, 0x0ACC, 0x0ACC,   // 0x1FF0 (8176)
0x0ACC, 0x0ACC, 0x0ACC, 0x0ACC, 0x0ACC, 0x0AEC, 0x0B6D, 0x14AF, 0x2612, 0x2612, 0x2612, 0x2612, 0x2611, 0x2611, 0x2611, 0x1DD3,   // 0x2000 (8192)
0x045B, 0x045C, 0x045C, 0x045C, 0x045C, 0x045C, 0x045C, 0x045C, 0x045C, 0x045C, 0x043B, 0x0270, 0x018A, 0x018A, 0x018A, 0x018A,   // 0x2010 (8208)
0x018A, 0x018A, 0x018A, 0x018A, 0x018A, 0x018A, 0x018A, 0x018A, 0x018A, 0x018A, 0x018A, 0x018A, 0x018A, 0x018A, 0x018A, 0x018A,   // 0x2020 (8224)
0x018A, 0x018A, 0x018A, 0x018A, 0x018A, 0x018A, 0x018A, 0x018A, 0x018A, 0x018A, 0x018A, 0x018A, 0x018A, 0x018A, 0x018A, 0x018A,   // 0x2030 (8240)
0x018A, 0x018A, 0x018A, 0x018A, 0x018A, 0x018A, 0x018A, 0x018A, 0x018A, 0x018A, 0x018A, 0x018A, 0x018A, 0x018A, 0x018A, 0x018A,   // 0x2040 (8256)
0x018A, 0x018A, 0x018A, 0x018A, 0x018A, 0x018A, 0x018A, 0x018A, 0x018A, 0x018A, 0x018A, 0x018A, 0x018A, 0x018A, 0x018A, 0x018A,   // 0x2050 (8272)
0x018A, 0x018A, 0x018A, 0x018A, 0x018A, 0x018A, 0x018A, 0x018A, 0x018A, 0x018A, 0x018A, 0x018A, 0x018A, 0x018A, 0x018A, 0x018A,   // 0x2060 (8288)
0x018A, 0x018A, 0x018A, 0x018A, 0x018A, 0x018A, 0x018A, 0x018A, 0x018A, 0x018A, 0x018A, 0x018A, 0x018A, 0x018A, 0x018A, 0x018A,   // 0x2070 (8304)
0x018A, 0x018A, 0x018A, 0x018A, 0x018A, 0x018A, 0x018A, 0x018A, 0x028B, 0x1D71, 0x2612, 0x2612, 0x2611, 0x2611, 0x2611, 0x1DD3,   // 0x2080 (8320)
0x045B, 0x045C, 0x045C, 0x045C, 0x045C, 0x045C, 0x045C, 0x045C, 0x045C, 0x045B, 0x022E, 0x018A, 0x09C9, 0x7446, 0xAD84, 0xB5C4,   // 0x2090 (8336)
0xB5C4, 0xB5C4, 0xB5C4, 0xB5C4, 0xB5C4, 0xB5C4, 0xB5C4, 0xB5C4, 0xB5C4, 0xB5C4, 0xB5C4, 0xB5C4, 0xB5C4, 0xB5C4, 0xB5C4, 0xB5C4,   // 0x20A0 (8352)
0xB5C4, 0xB5C4, 0xB5C4, 0xB5C4, 0xB5C4, 0xB5C4, 0xB5C4, 0xB5C4, 0xB5C4, 0xB5C4, 0xB5C4, 0xB5C4, 0xB5C4, 0xB5C4, 0xB5C4, 0xB5C4,   // 0x20B0 (8368)
0xB5C4, 0xB5C4, 0xB5C4, 0xB5C4, 0xB5C4, 0xB5C4, 0xB5C4, 0xB5C4, 0xB5C4, 0xB5C4, 0xB5C4, 0xB5C4, 0xB5C4, 0xB5C4, 0xB5C4, 0xB5C4,   // 0x20C0 (8384)
0xB5C4, 0xB5C4, 0xB5C4, 0xB5C4, 0xB5C4, 0xB5C4, 0xB5C4, 0xB5C4, 0xB5C4, 0xB5C4, 0xB5C4, 0xB5C4, 0xB5C4, 0xB5C4, 0xB5C4, 0xB5C4,   // 0x20D0 (8400)
0xB5C4, 0xB5C4, 0xB5C4, 0xB5C4, 0xB5C4, 0xB5C4, 0xB5C4, 0xB5C4, 0xB5C4, 0xB5C4, 0xB5C4, 0xB5C4, 0xB5C4, 0xB5C4, 0xB5C4, 0xB5C4,   // 0x20E0 (8416)
0xB5C4, 0xB5C4, 0xB5C4, 0xB5C4, 0xB5C4, 0xB5C4, 0xB5C4, 0xB5C4, 0xB5C4, 0xB5C4, 0xB5C4, 0xB5C4, 0xB5C4, 0xB5C4, 0xB5C4, 0xB5C4,   // 0x20F0 (8432)
0xB5C4, 0xB5C4, 0xB5C4, 0xB5C4, 0xB5C4, 0xB5A4, 0x84A6, 0x1A29, 0x018A, 0x020A, 0x1D91, 0x2612, 0x2611, 0x2611, 0x2611, 0x1575,   // 0x2100 (8448)
0x045B, 0x045C, 0x045C, 0x045C, 0x045C, 0x045C, 0x045C, 0x045C, 0x045C, 0x02F3, 0x018A, 0x2249, 0xDEC3, 0xFF82, 0xFF82, 0xFF82,   // 0x2110 (8464)
0xFF82, 0xFF82, 0xFF82, 0xFF82, 0xFF82, 0xFF82, 0xFF82, 0xFF82, 0xFF82, 0xFF82, 0xFF82, 0xFF82, 0xFF82, 0xFF82, 0xFF82, 0xFF82,   // 0x2120 (8480)
0xFF82, 0xFF82, 0xFF82, 0xFF82, 0xFF82, 0xFF82, 0xFF82, 0xFF82, 0xFF82, 0xFF82, 0xFF82, 0xFF82, 0xFF82, 0xFF82, 0xFF82, 0xFF82,   // 0x2130 (8496)
0xFF82, 0xFF82, 0xFF82, 0xFF82, 0xFF82, 0xFF82, 0xFF82, 0xFF82, 0xFF82, 0xFF82, 0xFF82, 0xFF82, 0xFF82, 0xFF82, 0xFF82, 0xFF82,   // 0x2140 (8512)
0xFF82, 0xFF82, 0xFF82, 0xFF82, 0xFF82, 0xFF82, 0xFF82, 0xFF82, 0xFF82, 0xFF82, 0xFF82, 0xFF82, 0xFF82, 0xFF82, 0xFF82, 0xFF82,   // 0x2150 (8528)
0xFF82, 0xFF82, 0xFF82, 0xFF82, 0xFF82, 0xFF82, 0xFF82, 0xFF82, 0xFF82, 0xFF82, 0xFF82, 0xFF82, 0xFF82, 0xFF82, 0xFF82, 0xFF82,   // 0x2160 (8544)
0xFF82, 0xFF82, 0xFF82, 0xFF82, 0xFF82, 0xFF82, 0xFF82, 0xFF82, 0xFF82, 0xFF82, 0xFF82, 0xFF82, 0xFF82, 0xFF82, 0xFF82, 0xFF82,   // 0x2170 (8560)
0xFF82, 0xFF82, 0xFF82, 0xFF82, 0xFF82, 0xFF82, 0xFF82, 0xF722, 0x3AE8, 0x018A, 0x0B0C, 0x2612, 0x2611, 0x1575, 0x04BA, 0x045C,   // 0x2180 (8576)
0x045B, 0x045C, 0x045C, 0x045C, 0x045C, 0x045C, 0x045C, 0x045C, 0x045B, 0x01AB, 0x018A, 0xC624, 0xFF82, 0xFF82, 0xFF82, 0xFF82,   // 0x2190 (8592)
0xFF82, 0xFF82, 0xFF82, 0xFF82, 0xFF82, 0xFF82, 0xFF82, 0xFF82, 0xFF82, 0xFF82, 0xFF82, 0xFF82, 0xFF82, 0xFF82, 0xFF82, 0xFF82,   // 0x21A0 (8608)
0xFF82, 0xFF82, 0xFF82, 0xFF82, 0xFF82, 0xFF82, 0xFF82, 0xFF82, 0xFF82, 0xFF82, 0xFF82, 0xFF82, 0xFF82, 0xFF82, 0xFF82, 0xFF82,   // 0x21B0 (8624)
0xFF82, 0xFF82, 0xFF82, 0xFF82, 0xFF82, 0xFF82, 0xFF82, 0xFF82, 0xFF82, 0xFF82, 0xFF82, 0xFF82, 0xFF82, 0xFF82, 0xFF82, 0xFF82,   // 0x21C0 (8640)
0xFF82, 0xFF82, 0xFF82, 0xFF82, 0xFF82, 0xFF82, 0xFF82, 0xFF82, 0xFF82, 0xFF82, 0xFF82, 0xFF82, 0xFF82, 0xFF82, 0xFF82, 0xFF82,   // 0x21D0 (8656)
0xFF82, 0xFF82, 0xFF82, 0xFF82, 0xFF82, 0xFF82, 0xFF82, 0xFF82, 0xFF82, 0xFF82, 0xFF82, 0xFF82, 0xFF82, 0xFF82, 0xFF82, 0xFF82,   // 0x21E0 (8672)
0xFF82, 0xFF82, 0xFF82, 0xFF82, 0xFF82, 0xFF82, 0xFF82, 0xFF82, 0xFF82, 0xFF82, 0xFF82, 0xFF82, 0xFF82, 0xFF82, 0xFF82, 0xFF82,   // 0x21F0 (8688)
0xFF82, 0xFF82, 0xFF82, 0xFF82, 0xFF82, 0xFF82, 0xFF82, 0xFF82, 0xE6E3, 0x09A9, 0x018A, 0x1514, 0x049A, 0x045C, 0x045C, 0x045C,   // 0x2200 (8704)
0x045B, 0x045C, 0x045C, 0x045C, 0x045C, 0x045C, 0x045C, 0x045C, 0x03D8, 0x018A, 0x2248, 0xFF82, 0xFF82, 0xFF82, 0xFF82, 0xFF82,   // 0x2210 (8720)
0xFF82, 0xFF82, 0xFF82, 0xFF82, 0xFF82, 0xFF82, 0xFF82, 0xFF82, 0xFF82, 0xFF82, 0xFF82, 0xFF82, 0xFF82, 0xFF82, 0xFF82, 0xFF82,   // 0x2220 (8736)
0xFF82, 0xFF82, 0xFF82, 0xFF82, 0xFF82, 0xFF82, 0xFF82, 0xFF82, 0xFF82, 0xFF82, 0xFF82, 0xFF82, 0xFF82, 0xFF82, 0xFF82, 0xFF82,   // 0x2230 (8752)
0xFF82, 0xFF82, 0xFF82, 0xFF82, 0xFF82, 0xFF82, 0xFF82, 0xFF82, 0xFF82, 0xFF82, 0xFF82, 0xFF82, 0xFF82, 0xFF82, 0xFF82, 0xFF82,   // 0x2240 (8768)
0xFF82, 0xFF82, 0xFF82, 0xFF82, 0xFF82, 0xFF82, 0xFF82, 0xFF82, 0xFF82, 0xFF82, 0xFF82, 0xFF82, 0xFF82, 0xFF82, 0xFF82, 0xFF82,   // 0x2250 (8784)
0xFF82, 0xFF82, 0xFF82, 0xFF82, 0xFF82, 0xFF82, 0xFF82, 0xFF82, 0xFF82, 0xFF82, 0xFF82, 0xFF82, 0xFF82, 0xFF82, 0xFF82, 0xFF82,   // 0x2260 (8800)
0xFF82, 0xFF82, 0xFF82, 0xFF82, 0xFF82, 0xFF82, 0xFF82, 0xFF82, 0xFF82, 0xFF82, 0xFF82, 0xFF82, 0xFF82, 0xFF82, 0xFF82, 0xFF82,   // 0x2270 (8816)
0xFF82, 0xFF82, 0xFF82, 0xFF82, 0xFF82, 0xFF82, 0xFF82, 0xFF82, 0xFF82, 0x5367, 0x018A, 0x0355, 0x045C, 0x045C, 0x045C, 0x045C,   // 0x2280 (8832)
0x045B, 0x045C, 0x045C, 0x045C, 0x045C, 0x045C, 0x045C, 0x045C, 0x0397, 0x018A, 0x4327, 0xFF82, 0xFF82, 0xFF82, 0xFF82, 0xFF82,   // 0x2290 (8848)
0xFF82, 0xFF82, 0xFF82, 0xFF82, 0xFF82, 0xFF82, 0xFF82, 0xFF82, 0xFF82, 0xFF82, 0xFF82, 0xFF82, 0xFF82, 0xFF82, 0xFF82, 0xFF82,   // 0x22A0 (8864)
0xFF82, 0xFF82, 0xFF82, 0xFF82, 0xFF82, 0xFF82, 0xFF82, 0xFF82, 0xFF82, 0xFF82, 0xFF82, 0xFF82, 0xFF82, 0xFF82, 0xFF82, 0xFF82,   // 0x22B0 (8880)
0xFF82, 0xFF82, 0xFF82, 0xFF82, 0xFF82, 0xFF82, 0xFF82, 0xFF82, 0xFF82, 0xFF82, 0xFF82, 0xFF82, 0xFF82, 0xFF82, 0xFF82, 0xFF82,   // 0x22C0 (8896)
0xFF82, 0xFF82, 0xFF82, 0xFF82, 0xFF82, 0xFF82, 0xFF82, 0xFF82, 0xFF82, 0xFF82, 0xFF82, 0xFF82, 0xFF82, 0xFF82, 0xFF82, 0xFF82,   // 0x22D0 (8912)
0xFF82, 0xFF82, 0xFF82, 0xFF82, 0xFF82, 0xFF82, 0xFF82, 0xFF82, 0xFF82, 0xFF82, 0xFF82, 0xFF82, 0xFF82, 0xFF82, 0xFF82, 0xFF82,   // 0x22E0 (8928)
0xFF82, 0xFF82, 0xFF82, 0xFF82, 0xFF82, 0xFF82, 0xFF82, 0xFF82, 0xFF82, 0xFF82, 0xFF82, 0xFF82, 0xFF82, 0xFF82, 0xFF82, 0xFF82,   // 0x22F0 (8944)
0xFF82, 0xFF82, 0xFF82, 0xFF82, 0xFF82, 0xFF82, 0xFF82, 0xFF82, 0xFF82, 0x7426, 0x018A, 0x0314, 0x045C, 0x045C, 0x045C, 0x045C,   // 0x2300 (8960)
0x045B, 0x045C, 0x045C, 0x045C, 0x045C, 0x045C, 0x045C, 0x045C, 0x0397, 0x018A, 0x4327, 0xFF82, 0xFF82, 0xFF82, 0xFF82, 0xFF82,   // 0x2310 (8976)
0xFF82, 0xFF82, 0xFF82, 0xFF82, 0xFF82, 0xFF82, 0xFF82, 0xFF82, 0xFF82, 0xFF82, 0xFF82, 0xFF82, 0xFF82, 0xFF82, 0xFF84, 0xFFA7,   // 0x2320 (8992)
0xFFA8, 0xFFA8, 0xFFA7, 0xFFA5, 0xFF83, 0xFF82, 0xFF82, 0xFF82, 0xFF82, 0xFF82, 0xFF82, 0xFF82, 0xFF82, 0xFF82, 0xFF82, 0xFF82,   // 0x2330 (9008)
0xFF82, 0xFF82, 0xFF82, 0xFF82, 0xFF82, 0xFF82, 0xFF82, 0xFF82, 0xFF82, 0xFF82, 0xFF82, 0xFF82, 0xFF82, 0xFF82, 0xFF82, 0xFF82,   // 0x2340 (9024)
0xFF82, 0xFF82, 0xFF82, 0xFF82, 0xFF82, 0xFF82, 0xFF82, 0xFF82, 0xFF82, 0xFF82, 0xFF82, 0xFF82, 0xFF82, 0xFF82, 0xFF82, 0xFF82,   // 0x2350 (9040)
0xFF82, 0xFF82, 0xFF82, 0xFF82, 0xFF82, 0xFF82, 0xFF82, 0xFF82, 0xFF82, 0xFF82, 0xFF82, 0xFF82, 0xFF82, 0xFF82, 0xFF82, 0xFF82,   // 0x2360 (9056)
0xFF82, 0xFF82, 0xFF82, 0xFF82, 0xFF82, 0xFF82, 0xFF82, 0xFF82, 0xFF82, 0xFF82, 0xFF82, 0xFF82, 0xFF82, 0xFF82, 0xFF82, 0xFF82,   // 0x2370 (9072)
0xFF82, 0xFF82, 0xFF82, 0xFF82, 0xFF82, 0xFF82, 0xFF82, 0xFF82, 0xFF82, 0x7426, 0x018A, 0x0314, 0x045C, 0x045C, 0x045C, 0x045C,   // 0x2380 (9088)
0x045B, 0x045C, 0x045C, 0x045C, 0x045C, 0x045C, 0x045C, 0x045C, 0x0397, 0x018A, 0x4327, 0xFF82, 0xFF82, 0xFF82, 0xFF82, 0xFF82,   // 0x2390 (9104)
0xFF82, 0xFF82, 0xFF82, 0xFF82, 0xFF82, 0xFF82, 0xFF82, 0xFF82, 0xFF82, 0xFFA7, 0xFFCE, 0xFFD4, 0xFFFA, 0xFFFE, 0xFFFF, 0xFFFF,   // 0x23A0 (9120)
0xFFFF, 0xFFFF, 0xFFFF, 0xFFFF, 0xFFFF, 0xFFFC, 0xFFF8, 0xFFD2, 0xFFAB, 0xFF84, 0xFF82, 0xFF82, 0xFF82, 0xFF82, 0xFF82, 0xFF82,   // 0x23B0 (9136)
0xFF82, 0xFF82, 0xFF82, 0xFF82, 0xFF82, 0xFF82, 0xFF82, 0xFF82, 0xFF82, 0xFF82, 0xFF82, 0xFF82, 0xFF82, 0xFF82, 0xFF82, 0xFF82,   // 0x23C0 (9152)
0xFF82, 0xFF82, 0xFF82, 0xFF82, 0xFF82, 0xFF82, 0xFF82, 0xFF82, 0xFF82, 0xFF82, 0xFF82, 0xFF82, 0xFF82, 0xFF82, 0xFF82, 0xFF82,   // 0x23D0 (9168)
0xFF82, 0xFF82, 0xFF82, 0xFF82, 0xFF82, 0xFF82, 0xFF82, 0xFF82, 0xFF82, 0xFF82, 0xFF82, 0xFF82, 0xFF82, 0xFF82, 0xFF82, 0xFF82,   // 0x23E0 (9184)
0xFF82, 0xFF82, 0xFF82, 0xFF82, 0xFF82, 0xFF82, 0xFF82, 0xFF82, 0xFF82, 0xFF82, 0xFF84, 0xFFA5, 0xFF83, 0xFF82, 0xFF82, 0xFF82,   // 0x23F0 (9200)
0xFF82, 0xFF82, 0xFF82, 0xFF82, 0xFF82, 0xFF82, 0xFF82, 0xFF82, 0xFF82, 0x7426, 0x018A, 0x0314, 0x045C, 0x045C, 0x045C, 0x045C,   // 0x2400 (9216)
0x045B, 0x045C, 0x045C, 0x045C, 0x045C, 0x045C, 0x045C, 0x045C, 0x0397, 0x018A, 0x4327, 0xFF82, 0xFF82, 0xFF82, 0xFF82, 0xFF82,   // 0x2410 (9232)
0xFF82, 0xFF82, 0xFF82, 0xFF82, 0xFF82, 0xFF82, 0xFFA7, 0xFFD2, 0xFFFC, 0xFFFF, 0xFFFF, 0xFFFF, 0xFFFF, 0xEF5F, 0xD67E, 0xBDDD,   // 0x2420 (9248)
0xB57C, 0xAD5C, 0xB59D, 0xC61D, 0xDEDE, 0xFFBF, 0xFFFF, 0xFFFF, 0xFFFF, 0xFFFF, 0xFFF8, 0xFFCD, 0xFF83, 0xFF82, 0xFF82, 0xFF82,   // 0x2430 (9264)
0xFF82, 0xFF82, 0xFF82, 0xFF82, 0xFF82, 0xFF82, 0xFF82, 0xFF82, 0xFF82, 0xFF82, 0xFF82, 0xFF82, 0xFF82, 0xFF82, 0xFF82, 0xFF82,   // 0x2440 (9280)
0xFF82, 0xFF82, 0xFF82, 0xFF82, 0xFF82, 0xFF82, 0xFF82, 0xFF82, 0xFF82, 0xFF82, 0xFF82, 0xFF82, 0xFF82, 0xFF82, 0xFF82, 0xFF82,   // 0x2450 (9296)
0xFF82, 0xFF82, 0xFF82, 0xFF82, 0xFF82, 0xFF82, 0xFF82, 0xFF82, 0xFF82, 0xFF82, 0xFF82, 0xFF82, 0xFF82, 0xFF82, 0xFF82, 0xFF82,   // 0x2460 (9312)
0xFF82, 0xFF82, 0xFF82, 0xFF82, 0xFF82, 0xFF82, 0xFF82, 0xFF82, 0xFF82, 0xFFA7, 0xAD5C, 0x6B5A, 0xCE5D, 0xFFCC, 0xFF82, 0xFF82,   // 0x2470 (9328)
0xFF82, 0xFF82, 0xFF82, 0xFF82, 0xFF82, 0xFF82, 0xFF82, 0xFF82, 0xFF82, 0x7426, 0x018A, 0x0314, 0x045C, 0x045C, 0x045C, 0x045C,   // 0x2480 (9344)
0x045B, 0x045C, 0x045C, 0x045C, 0x045C, 0x045C, 0x045C, 0x045C, 0x0397, 0x018A, 0x4327, 0xFF82, 0xFF82, 0xFF82, 0xFF82, 0xFF82,   // 0x2490 (9360)
0xFF82, 0xFF82, 0xFF82, 0xFF82, 0xFFAA, 0xFFF8, 0xFFFF, 0xFFFF, 0xFFFF, 0xCE5D, 0x841B, 0x42B9, 0x2259, 0x12BA, 0x1B7B, 0x1BDC,   // 0x24A0 (9376)
0x243D, 0x243D, 0x1C1C, 0x1B9C, 0x1AFB, 0x125A, 0x2A59, 0x631A, 0xA51C, 0xEF5F, 0xFFFF, 0xFFFF, 0xFFFE, 0xFFD2, 0xFFA5, 0xFF82,   // 0x24B0 (9392)
0xFF82, 0xFF82, 0xFF82, 0xFF82, 0xFF82, 0xFF82, 0xFF82, 0xFF82, 0xFF82, 0xFF82, 0xFF82, 0xFF82, 0xFF82, 0xFF82, 0xFF82, 0xFF82,   // 0x24C0 (9408)
0xFF82, 0xFF82, 0xFF82, 0xFF82, 0xFF82, 0xFF82, 0xFF82, 0xFF82, 0xFF82, 0xFF82, 0xFF82, 0xFF82, 0xFF82, 0xFF82, 0xFF82, 0xFF82,   // 0x24D0 (9424)
0xFF82, 0xFF82, 0xFF82, 0xFF82, 0xFF82, 0xFF82, 0xFF82, 0xFF82, 0xFF82, 0xFF82, 0xFF82, 0xFF82, 0xFF82, 0xFF82, 0xFF82, 0xFF82,   // 0x24E0 (9440)
0xFF82, 0xFF82, 0xFF82, 0xFF82, 0xFF82, 0xFF82, 0xFF82, 0xFF82, 0xFF82, 0xFFAC, 0x5259, 0x0816, 0x5279, 0xFFFE, 0xFF82, 0xFF82,   // 0x24F0 (9456)
0xFF82, 0xFF82, 0xFF82, 0xFF82, 0xFF82, 0xFF82, 0xFF82, 0xFF82, 0xFF82, 0x7426, 0x018A, 0x0314, 0x045C, 0x045C, 0x045C, 0x045C,   // 0x2500 (9472)
0x045B, 0x045C, 0x045C, 0x045C, 0x045C, 0x045C, 0x045C, 0x045C, 0x0397, 0x018A, 0x4327, 0xFF82, 0xFF82, 0xFF82, 0xFF82, 0xFF82,   // 0x2510 (9488)
0xFF82, 0xFF82, 0xFFA6, 0xFFF8, 0xFFFF, 0xFFFF, 0xEF3F, 0x841B, 0x227A, 0x1BBC, 0x255F, 0x2DFF, 0x2DFF, 0x2DFF, 0x2DFF, 0x2DFF,   // 0x2520 (9504)
0x2DFF, 0x2DFF, 0x2DFF, 0x2DFF, 0x2DFF, 0x2DFF, 0x2DFF, 0x2DBF, 0x247D, 0x1ADA, 0x4AB9, 0xB57C, 0xFFFF, 0xFFFF, 0xFFFE, 0xFFD0,   // 0x2530 (9520)
0xFF82, 0xFF82, 0xFF82, 0xFF82, 0xFF82, 0xFF82, 0xFF82, 0xFF82, 0xFF82, 0xFF83, 0xFFCF, 0xFFDA, 0xE71C, 0xEF7C, 0xFFF6, 0xFFD0,   // 0x2540 (9536)
0xFFD9, 0xEF3C, 0xEF7B, 0xFFD5, 0xFFA7, 0xFF82, 0xFF82, 0xFFA6, 0xFFD5, 0xEF5B, 0xE71C, 0xF7BA, 0xFFD0, 0xFF83, 0xFF82, 0xFF82,   // 0x2550 (9552)
0xFFA5, 0xFFD2, 0xFFD8, 0xFFBA, 0xFFCD, 0xFF84, 0xFFD2, 0xF79B, 0xE71C, 0xF7BB, 0xFFD3, 0xFFA5, 0xFF82, 0xFF84, 0xFFD2, 0xF79B,   // 0x2560 (9568)
0xE71C, 0xF79C, 0xFFF6, 0xFFA9, 0xFF82, 0xFF83, 0xFFCF, 0xEF5A, 0xE71C, 0xFFFC, 0x5259, 0x0816, 0x1076, 0xC5FD, 0xFFA4, 0xFFD1,   // 0x2570 (9584)
0xF79A, 0xE71C, 0xEF5B, 0xFFD3, 0xFFA5, 0xFF82, 0xFF82, 0xFF82, 0xFF82, 0x7426, 0x018A, 0x0314, 0x045C, 0x045C, 0x045C, 0x045C,   // 0x2580 (9600)
0x045B, 0x045C, 0x045C, 0x045C, 0x045C, 0x045C, 0x045C, 0x045C, 0x0397, 0x018A, 0x4327, 0xFF82, 0xFF82, 0xFF82, 0xFF82, 0xFF82,   // 0x2590 (9616)
0xFF82, 0xFFCF, 0xFFFF, 0xFFFF, 0xEF7F, 0x73BA, 0x1AFB, 0x255F, 0x2DFF, 0x2DFF, 0x2DFF, 0x2DFF, 0x2DFF, 0x2DFF, 0x2DFF, 0x2DFF,   // 0x25A0 (9632)
0x2DFF, 0x2DFF, 0x2DFF, 0x2DFF, 0x2DFF, 0x2DFF, 0x2DFF, 0x2DFF, 0x2DFF, 0x2DFF, 0x2DDF, 0x243D, 0x2A79, 0xB57C, 0xFFFF, 0xFFFF,   // 0x25B0 (9648)
0xFFFA, 0xFFA6, 0xFF82, 0xFF82, 0xFF82, 0xFF82, 0xFF82, 0xFF82, 0xFF83, 0xF77B, 0x8C5B, 0x1056, 0x18B7, 0x1897, 0x2117, 0x841B,   // 0x25C0 (9664)
0x1056, 0x18B7, 0x1897, 0x1076, 0xFFDF, 0xF76D, 0xFFAA, 0xC63D, 0x0856, 0x18B7, 0x18B7, 0x1076, 0x6B3A, 0xFFFC, 0xFF84, 0xF750,   // 0x25D0 (9680)
0xD69E, 0x2917, 0x1056, 0x1897, 0xE71D, 0xF79D, 0x3157, 0x1076, 0x18B7, 0x1076, 0x20D7, 0xEF7E, 0xFFA9, 0xFFFD, 0x3998, 0x1076,   // 0x25E0 (9696)
0x18B7, 0x1076, 0x0816, 0xF79F, 0xEF52, 0xEF5A, 0x9CBB, 0x18B7, 0x18B7, 0x0836, 0x4A59, 0x0816, 0x1076, 0xBDFD, 0xEF7D, 0x2917,   // 0x25F0 (9712)
0x1897, 0x18B7, 0x18B7, 0x18B7, 0xFFFF, 0xFFA8, 0xFF82, 0xFF82, 0xFF82, 0x7426, 0x018A, 0x0314, 0x045C, 0x045C, 0x045C, 0x045C,   // 0x2600 (9728)
0x045B, 0x045C, 0x045C, 0x045C, 0x045C, 0x045C, 0x045C, 0x045C, 0x0397, 0x018A, 0x4327, 0xFF82, 0xFF82, 0xFF82, 0xFF82, 0xFF82,   // 0x2610 (9744)
0xFFD5, 0xFFFF, 0xFFFF, 0xAD7C, 0x22DA, 0x257F, 0x2DFF, 0x2DFF, 0x2DFF, 0x2DFF, 0x2DFF, 0x2DFF, 0x2DFF, 0x2DFF, 0x2DFF, 0x251E,   // 0x2620 (9760)
0x1B9C, 0x1ADA, 0x1ADA, 0x1B9C, 0x24DE, 0x2DFF, 0x2DFF, 0x2DFF, 0x2DFF, 0x2DFF, 0x2DFF, 0x2DFF, 0x2DFF, 0x1C3D, 0x4ADA, 0xEF5F,   // 0x2630 (9776)
0xFFFF, 0xFFFE, 0xFFA9, 0xFF82, 0xFF82, 0xFF82, 0xFF82, 0xFF82, 0xFFD2, 0x2937, 0x0836, 0x0816, 0x0816, 0x0816, 0x0816, 0x0816,   // 0x2640 (9792)
0x0816, 0x0816, 0x0816, 0x0816, 0x0816, 0xE71E, 0xFFFE, 0x18B7, 0x0816, 0x0816, 0x0816, 0x0816, 0x0836, 0x1076, 0xFFFA, 0xF7BF,   // 0x2650 (9808)
0x0816, 0x0816, 0x0816, 0x18B7, 0xE71E, 0x20D7, 0x0816, 0x0816, 0x0816, 0x0816, 0x0816, 0x20F7, 0xFFFF, 0x631A, 0x0816, 0x0816,   // 0x2660 (9824)
0x0816, 0x0816, 0x0816, 0x0816, 0xD67E, 0x5AD9, 0x0856, 0x0816, 0x0816, 0x0816, 0x0816, 0x0816, 0x1076, 0xBDFD, 0x41F8, 0x0816,   // 0x2670 (9840)
0x0816, 0x0816, 0x0816, 0x0816, 0x3157, 0xE71C, 0xFF82, 0xFF82, 0xFF82, 0x7426, 0x018A, 0x0314, 0x045C, 0x045C, 0x045C, 0x045C,   // 0x2680 (9856)
0x045B, 0x045C, 0x045C, 0x045C, 0x045C, 0x045C, 0x045C, 0x045C, 0x0397, 0x018A, 0x4327, 0xFF82, 0xFF82, 0xFF82, 0xFF82, 0xFFD6,   // 0x2690 (9872)
0xFFFF, 0xFFFF, 0x83FB, 0x2958, 0x12BA, 0x24BD, 0x2DDF, 0x2DFF, 0x2DFF, 0x2DFF, 0x2DFF, 0x2DFF, 0x2DFF, 0x255F, 0x1219, 0x52B9,   // 0x26A0 (9888)
0xA51C, 0xCE3D, 0xC63D, 0xAD3C, 0x6B3A, 0x1958, 0x1B1B, 0x253E, 0x2DFF, 0x2DFF, 0x2DFF, 0x2DFF, 0x2DFF, 0x2DBF, 0x1BBC, 0x20F7,   // 0x26B0 (9904)
0xCE5E, 0xFFFF, 0xFFFE, 0xFFA9, 0xFF82, 0xFF82, 0xFF82, 0xFF82, 0xF7BC, 0x1076, 0x0816, 0x5279, 0x631A, 0x39B8, 0x0836, 0x0816,   // 0x26C0 (9920)
0x4A38, 0x5AB9, 0x3178, 0x0836, 0x0816, 0x5AD9, 0x4218, 0x0816, 0x0816, 0x39B8, 0x949B, 0x62F9, 0x0816, 0x18B7, 0xC61D, 0x18B7,   // 0x26D0 (9936)
0x0816, 0x0836, 0x1076, 0x0816, 0x841B, 0x0836, 0x0816, 0x18B7, 0x631A, 0x4218, 0x0816, 0x0836, 0x737A, 0x0816, 0x1056, 0x18B7,   // 0x26E0 (9952)
0x9CBB, 0x62F9, 0x0816, 0x0816, 0x739A, 0x1056, 0x0816, 0x20F7, 0x5259, 0x5279, 0x2917, 0x0816, 0x1076, 0x8C5B, 0x1076, 0x0816,   // 0x26F0 (9968)
0x6319, 0x62D9, 0x18B7, 0x0816, 0x0816, 0x7BBA, 0xFFA9, 0xFF82, 0xFF82, 0x7426, 0x018A, 0x0314, 0x045C, 0x045C, 0x045C, 0x045C,   // 0x2700 (9984)
0x045B, 0x045C, 0x045C, 0x045C, 0x045C, 0x045C, 0x045C, 0x045C, 0x0397, 0x018A, 0x4327, 0xFF82, 0xFF82, 0xFF82, 0xFFD1, 0xFFFF,   // 0x2710 (10000)
0xFFFF, 0x7BBA, 0xDEFE, 0xFFFF, 0xCE3D, 0x739A, 0x2998, 0x1219, 0x1B7B, 0x1BFC, 0x1B5B, 0x1219, 0x10F7, 0x20D7, 0xCE3D, 0xFFFF,   // 0x2720 (10016)
0xFFFF, 0xFFFF, 0xFFFF, 0xFFFF, 0xFFFF, 0xF7BF, 0xA4FC, 0x4A59, 0x1158, 0x11F9, 0x125A, 0x1219, 0x1198, 0x4239, 0x949B, 0xEF5F,   // 0x2730 (10032)
0x841B, 0xCE3D, 0xFFFF, 0xFFFD, 0xFFA6, 0xFF82, 0xFF82, 0xFF82, 0xCE3D, 0x18B7, 0x0816, 0x3178, 0xFFD4, 0xCE7D, 0x1897, 0x0816,   // 0x2740 (10048)
0x3157, 0xFFF5, 0xD69D, 0x1897, 0x0816, 0x2937, 0x18B7, 0x0816, 0x1056, 0x3198, 0x3198, 0x0816, 0x0816, 0x0816, 0x7BBA, 0x1897,   // 0x2750 (10064)
0x0816, 0x1056, 0xF79E, 0xF7BD, 0x3998, 0x0816, 0x1056, 0xBDBD, 0xFFFF, 0x9CDC, 0x9CDC, 0x9CBC, 0xAD3C, 0xDEDE, 0xB59D, 0x41F8,   // 0x2760 (10080)
0x1896, 0x20F7, 0x0816, 0x0816, 0x5279, 0x1896, 0x0816, 0x0816, 0xFFFF, 0xFFFF, 0x18D7, 0x0816, 0x1076, 0x4A59, 0x0816, 0x0816,   // 0x2770 (10096)
0x8C5B, 0xFFFF, 0xB57C, 0x1056, 0x0816, 0x2957, 0xFFD1, 0xFF82, 0xFF82, 0x7426, 0x018A, 0x0314, 0x045C, 0x045C, 0x045C, 0x045C,   // 0x2780 (10112)
0x045B, 0x045C, 0x045C, 0x045C, 0x045C, 0x045C, 0x045C, 0x045C, 0x0397, 0x018A, 0x4327, 0xFF82, 0xFF82, 0xFFA9, 0xFFFF, 0xFFFF,   // 0x2790 (10128)
0x8C5B, 0xE6FE, 0xFFFF, 0xFFFF, 0xFFFF, 0xFFFF, 0xFFFF, 0xE71E, 0xB57C, 0x949B, 0xA53C, 0xC61D, 0x3998, 0xDEFE, 0xFFFF, 0xFFFF,   // 0x27A0 (10144)
0xBDDD, 0x5299, 0x5279, 0xAD3C, 0xFFFF, 0xFFFF, 0xFFFF, 0xFFFF, 0xFFFF, 0xEF5F, 0xDEDE, 0xE73F, 0xFFFF, 0xFFFF, 0xFFFF, 0xFFFF,   // 0x27B0 (10160)
0xFFFF, 0x7BDA, 0xE71E, 0xFFFF, 0xFFF8, 0xFF82, 0xFF82, 0xFF82, 0xCE3D, 0x1897, 0x0816, 0x3198, 0xFFCF, 0xD67D, 0x1897, 0x0816,   // 0x27C0 (10176)
0x3158, 0xFFD0, 0xD69D, 0x18B7, 0x0816, 0x2917, 0x0816, 0x0816, 0x0816, 0x0816, 0x0816, 0x0816, 0x0816, 0x0816, 0x5279, 0x1076,   // 0x27D0 (10192)
0x0816, 0x4A18, 0xFFCD, 0xFFD2, 0x20F7, 0x0816, 0x1897, 0xD6BE, 0xFFFF, 0xFFFF, 0xFFFF, 0xFFFF, 0xFFFF, 0xC5FD, 0x0816, 0x0816,   // 0x27E0 (10208)
0x0816, 0x0836, 0x0816, 0x0816, 0x4A59, 0x0856, 0x0816, 0x4A59, 0xFFFF, 0xFFFF, 0x4A59, 0x0816, 0x1076, 0x39B8, 0x0816, 0x1056,   // 0x27F0 (10224)
0xBDBD, 0xFFFF, 0xD69E, 0x1897, 0x0816, 0x18B7, 0xFFD3, 0xFF82, 0xFF82, 0x7426, 0x018A, 0x0314, 0x045C, 0x045C, 0x045C, 0x045C,   // 0x2800 (10240)
0x045B, 0x045C, 0x045C, 0x045C, 0x045C, 0x045C, 0x045C, 0x045C, 0x0397, 0x018A, 0x4327, 0xFF82, 0xFF82, 0xFFF9, 0xFFFF, 0xCE5D,   // 0x2810 (10256)
0xB57C, 0xFFFF, 0xFFFF, 0xFFFF, 0xFFFF, 0xFFFF, 0xFFFF, 0xFFFF, 0xFFFF, 0xFFFF, 0xEF3F, 0x3178, 0xDEBE, 0xFFFF, 0xFFBF, 0x737A,   // 0x2820 (10272)
0x8C3B, 0xF79F, 0xF7BF, 0x841B, 0x5299, 0xF79F, 0xFFFF, 0xFFFF, 0xFFFF, 0xFFFF, 0xFFFF, 0xFFFF, 0xFFFF, 0xFFFF, 0xFFFF, 0xFFFF,   // 0x2830 (10288)
0xFFFF, 0xFFDF, 0x631A, 0xFFFF, 0xFFFF, 0xFFAC, 0xFF82, 0xFF82, 0xCE3D, 0x1897, 0x0816, 0x3198, 0xFFCF, 0xD67D, 0x1897, 0x0816,   // 0x2840 (10304)
0x3158, 0xFFD0, 0xD69D, 0x18B7, 0x0816, 0x2917, 0x0856, 0x0816, 0x1056, 0x5259, 0x5259, 0x5259, 0x4218, 0x4218, 0x62D9, 0x1076,   // 0x2850 (10320)
0x0816, 0x4A18, 0xFFAD, 0xFFCF, 0x3178, 0x0816, 0x1897, 0xBDFD, 0xFFFF, 0xFFFF, 0xDEDE, 0xDEDE, 0xA4FC, 0x20D7, 0x0816, 0x6B3A,   // 0x2860 (10336)
0x7BDA, 0x841B, 0x0836, 0x0816, 0x5279, 0x1076, 0x0816, 0x41D8, 0xFFFF, 0xFFFF, 0x41D8, 0x0816, 0x1897, 0x41F8, 0x0816, 0x0816,   // 0x2870 (10352)
0x9CBC, 0xFFFF, 0xCE5D, 0x1076, 0x0816, 0x2917, 0xFFD2, 0xFF82, 0xFF82, 0x7426, 0x018A, 0x0314, 0x045C, 0x045C, 0x045C, 0x045C,   // 0x2880 (10368)
0x045B, 0x045C, 0x045C, 0x045C, 0x045C, 0x045C, 0x045C, 0x045C, 0x0397, 0x018A, 0x4327, 0xFF82, 0xFFA9, 0xFFFF, 0xFFFF, 0x737A,   // 0x2890 (10384)
0xFFFF, 0xFFFF, 0xFFFF, 0xFFFF, 0xFFFF, 0xFFFF, 0xFFFF, 0xFFFF, 0xFFFF, 0xFFFF, 0x7BBA, 0x83FB, 0xFFFF, 0xC61D, 0x4A59, 0xCE5D,   // 0x28A0 (10400)
0xFFFF, 0xFFFF, 0xFFFF, 0xFFFF, 0xBDBD, 0x39B8, 0xDEFE, 0xFFFF, 0xFFFF, 0xFFFF, 0xFFFF, 0xFFFF, 0xFFFF, 0xFFFF, 0xFFFF, 0xFFFF,   // 0x28B0 (10416)
0xFFFF, 0xFFFF, 0xBDBD, 0xB59D, 0xFFFF, 0xFFF9, 0xFF82, 0xFF82, 0xCE3D, 0x1897, 0x0816, 0x3198, 0xFFCF, 0xD67D, 0x1897, 0x0816,   // 0x28C0 (10432)
0x3158, 0xFFD0, 0xD69D, 0x18B7, 0x0816, 0x2917, 0x39D8, 0x0816, 0x1056, 0x8C5B, 0xCE3D, 0x1076, 0x18B7, 0x1056, 0x7BBA, 0x1076,   // 0x28D0 (10448)
0x0816, 0x4A18, 0xFFAD, 0xFFA9, 0x739A, 0x0816, 0x0816, 0x20D7, 0xCE3D, 0x739A, 0x18B7, 0x18B7, 0x5AD9, 0x1056, 0x0816, 0x3198,   // 0x28E0 (10464)
0xDEFE, 0x6319, 0x0816, 0x0836, 0x7BDA, 0x20D7, 0x0816, 0x2117, 0xC61D, 0x83FB, 0x2117, 0x0816, 0x18B7, 0x841B, 0x0836, 0x0816,   // 0x28F0 (10480)
0x3198, 0xC5FD, 0x3157, 0x0816, 0x0816, 0x6B5A, 0xFFCC, 0xFF82, 0xFF82, 0x7426, 0x018A, 0x0314, 0x045C, 0x045C, 0x045C, 0x045C,   // 0x2900 (10496)
0x045B, 0x045C, 0x045C, 0x045C, 0x045C, 0x045C, 0x045C, 0x045C, 0x0397, 0x018A, 0x4327, 0xFF82, 0xFFD3, 0xFFFF, 0xD69E, 0xAD5C,   // 0x2910 (10512)
0xFFFF, 0xFFFF, 0xFFFF, 0xFFFF, 0xFFFF, 0xFFFF, 0xFFFF, 0xFFFF, 0xFFFF, 0xFFFF, 0xEF7F, 0x83FB, 0x5AB9, 0x8C3B, 0xF79F, 0xFFFF,   // 0x2920 (10528)
0xFFFF, 0xFFFF, 0xFFFF, 0xFFFF, 0xFFFF, 0xD69E, 0x3198, 0xC63D, 0xFFFF, 0xFFFF, 0xFFFF, 0xFFFF, 0xFFFF, 0xFFFF, 0xFFFF, 0xFFFF,   // 0x2930 (10544)
0xFFFF, 0xFFFF, 0xFFFF, 0x62FA, 0xFFFF, 0xFFFF, 0xFFA5, 0xFF82, 0xCE3D, 0x1897, 0x0816, 0x3198, 0xFFCF, 0xD67D, 0x1897, 0x0816,   // 0x2940 (10560)
0x3158, 0xFFD0, 0xD69D, 0x18B7, 0x0816, 0x2917, 0xAD5C, 0x2937, 0x0816, 0x0836, 0x1076, 0x0816, 0x0816, 0x0836, 0xBDDD, 0x1076,   // 0x2950 (10576)
0x0816, 0x4A18, 0xFFAD, 0xFF82, 0xDEBD, 0x2917, 0x0816, 0x0816, 0x1076, 0x0816, 0x0816, 0x20F7, 0xE73F, 0x0816, 0x0816, 0x18D7,   // 0x2960 (10592)
0x1897, 0x0836, 0x0816, 0x1076, 0xFFFF, 0x18B7, 0x0816, 0x0816, 0x1056, 0x0836, 0x0816, 0x0816, 0x4218, 0xE73F, 0x20F7, 0x0816,   // 0x2970 (10608)
0x0816, 0x1056, 0x0816, 0x0816, 0x0816, 0xFFFF, 0xFF83, 0xFF82, 0xFF82, 0x7426, 0x018A, 0x0314, 0x045C, 0x045C, 0x045C, 0x045C,   // 0x2980 (10624)
0x045B, 0x045C, 0x045C, 0x045C, 0x045C, 0x045C, 0x045C, 0x045C, 0x0397, 0x018A, 0x4327, 0xFF82, 0xFFFB, 0xFFFF, 0x841B, 0x841B,   // 0x2990 (10640)
0xD69E, 0xFFFF, 0xFFFF, 0xFFFF, 0xFFFF, 0xFFFF, 0xFFFF, 0xFFFF, 0xFFFF, 0xFFFF, 0xFFFF, 0xFFFF, 0xFFFF, 0xFFFF, 0xFFFF, 0xFFFF,   // 0x29A0 (10656)
0xFFFF, 0xFFFF, 0xFFFF, 0xFFFF, 0xFFFF, 0xFFFF, 0xE73F, 0x39D8, 0xAD3C, 0xFFFF, 0xFFFF, 0xFFFF, 0xFFFF, 0xFFFF, 0xFFFF, 0xFFFF,   // 0x29B0 (10672)
0xFFFF, 0xFFFF, 0xF79F, 0x4A99, 0xF7BF, 0xFFFF, 0xFFCD, 0xFF82, 0xCE3D, 0x1056, 0x1056, 0x39B8, 0xFFCF, 0xCE7D, 0x1056, 0x1056,   // 0x29C0 (10688)
0x3178, 0xFFD0, 0xFFFC, 0x7BBA, 0x0816, 0x2937, 0xFFFC, 0xF77F, 0x0836, 0x1056, 0x0816, 0x1897, 0x1056, 0xFFFF, 0xBDDD, 0x1056,   // 0x29D0 (10704)
0x1056, 0x4A39, 0xFFAD, 0xFF82, 0xFFAB, 0xA51C, 0x20D7, 0x1076, 0x0816, 0x1056, 0x18B7, 0xE6FE, 0xF797, 0xDEFE, 0x20F7, 0x0856,   // 0x29E0 (10720)
0x0836, 0x18B7, 0x0836, 0xCE7E, 0xFFCC, 0xFFFC, 0x5299, 0x20D7, 0x1076, 0x1076, 0x20F7, 0x20D7, 0xFFFE, 0xFFCD, 0xB59C, 0x20F7,   // 0x29F0 (10736)
0x1076, 0x0816, 0x1056, 0x1076, 0xBDDD, 0xEF30, 0xFF82, 0xFF82, 0xFF82, 0x7426, 0x018A, 0x0314, 0x045C, 0x045C, 0x045C, 0x045C,   // 0x2A00 (10752)
0x045B, 0x045C, 0x045C, 0x045C, 0x045C, 0x045C, 0x045C, 0x045C, 0x0397, 0x018A, 0x4327, 0xFF82, 0xFFFF, 0xFFFF, 0x52B9, 0x1B9C,   // 0x2A10 (10768)
0x125A, 0x1958, 0x5AB9, 0xAD5C, 0xF7BF, 0xFFFF, 0xFFFF, 0xFFFF, 0xFFFF, 0xFFFF, 0xFFFF, 0xFFFF, 0xFFFF, 0xFFFF, 0xFFFF, 0xFFFF,   // 0x2A20 (10784)
0xFFFF, 0xFFFF, 0xFFFF, 0xFFFF, 0xFFFF, 0xFFFF, 0xFFFF, 0xF7BF, 0x5299, 0x841B, 0xFFFF, 0xFFFF, 0xFFFF, 0xFFFF, 0xFFDF, 0xBDDD,   // 0x2A30 (10800)
0x7BBA, 0x3198, 0x1138, 0x0958, 0xCE3D, 0xFFFF, 0xFFD2, 0xFF82, 0xE717, 0xCE5D, 0xCE5D, 0xC5FC, 0xFFA7, 0xE716, 0xCE5D, 0xCE5D,   // 0x2A40 (10816)
0xBDFC, 0xFFA8, 0xFFA9, 0xDEDC, 0x9CBB, 0xB59C, 0xFFA9, 0xFFCD, 0xFFDC, 0xBDFD, 0x9CDC, 0xBDFD, 0xFFFA, 0xFFA7, 0xDEF8, 0xCE5D,   // 0x2A50 (10832)
0xCE5D, 0xC61C, 0xFFA6, 0xFF82, 0xFF82, 0xFFAA, 0xFFFB, 0xC5FD, 0x9CDC, 0xAD5C, 0xF77C, 0xFFAA, 0xFF82, 0xFFD0, 0xDEDD, 0xA53C,   // 0x2A60 (10848)
0xA53C, 0xC61D, 0xFFF8, 0xFFA8, 0xFF82, 0xFF84, 0xFFD5, 0xDEDD, 0xAD7C, 0xB57C, 0xCE3D, 0xFFD6, 0xFFA5, 0xFF82, 0xFFA9, 0xFFFB,   // 0x2A70 (10864)
0xC5FD, 0x9CDC, 0xAD3C, 0xF79C, 0xFFCC, 0xFF82, 0xFF82, 0xFF82, 0xFF82, 0x7426, 0x018A, 0x0314, 0x045C, 0x045C, 0x045C, 0x045C,   // 0x2A80 (10880)
0x045B, 0x045C, 0x045C, 0x045C, 0x045C, 0x045C, 0x045C, 0x045C, 0x0397, 0x018A, 0x4327, 0xFF84, 0xFFFF, 0xFFFF, 0x4239, 0x2DFF,   // 0x2A90 (10896)
0x2DFF, 0x2DFF, 0x251E, 0x1B5B, 0x1998, 0x6B5A, 0xDEFE, 0xFFDF, 0xDEDE, 0xFFDF, 0xFFFF, 0xFFFF, 0xFFFF, 0xFFFF, 0xFFFF, 0xFFFF,   // 0x2AA0 (10912)
0xFFFF, 0xFFFF, 0xFFFF, 0xFFFF, 0xFFFF, 0xFFFF, 0xFFFF, 0xFFFF, 0xFFFF, 0x739A, 0x631A, 0xFFDF, 0xC61D, 0x631A, 0x18F7, 0x1239,   // 0x2AB0 (10928)
0x1BFC, 0x257F, 0x2DFF, 0x1B5B, 0xB5BD, 0xFFFF, 0xFFD4, 0xFF82, 0xFF82, 0xFF82, 0xFF82, 0xFF82, 0xFF82, 0xFF82, 0xFF82, 0xFF82,   // 0x2AC0 (10944)
0xFF82, 0xFF82, 0xFF82, 0xFF82, 0xFF82, 0xFF82, 0xFF82, 0xFF82, 0xFF82, 0xFF84, 0xFFA6, 0xFF83, 0xFF82, 0xFF82, 0xFF82, 0xFF82,   // 0x2AD0 (10960)
0xFF82, 0xFF82, 0xFF82, 0xFF82, 0xFF82, 0xFF82, 0xFF82, 0xFF83, 0xFFA6, 0xFFA4, 0xFF82, 0xFF82, 0xFF82, 0xFF82, 0xFF82, 0xFFA5,   // 0x2AE0 (10976)
0xFFA5, 0xFF82, 0xFF82, 0xFF82, 0xFF82, 0xFF82, 0xFF82, 0xFF82, 0xFF84, 0xFF84, 0xFF82, 0xFF82, 0xFF82, 0xFF82, 0xFF82, 0xFF82,   // 0x2AF0 (10992)
0xFF84, 0xFFA6, 0xFF84, 0xFF82, 0xFF82, 0xFF82, 0xFF82, 0xFF82, 0xFF82, 0x7426, 0x018A, 0x0314, 0x045C, 0x045C, 0x045C, 0x045C,   // 0x2B00 (11008)
0x045B, 0x045C, 0x045C, 0x045C, 0x045C, 0x045C, 0x045C, 0x045C, 0x0397, 0x018A, 0x4327, 0xFF83, 0xFFFF, 0xFFFF, 0x4A59, 0x257F,   // 0x2B10 (11024)
0x2DFF, 0x2DFF, 0x2DFF, 0x2DFF, 0x2DFF, 0x24DE, 0x19F9, 0x41F8, 0x83FB, 0x4A39, 0x5AD9, 0x5AD9, 0x949B, 0xFFFF, 0xFFFF, 0xFFFF,   // 0x2B20 (11040)
0xFFFF, 0xFFFF, 0xFFFF, 0xFFFF, 0xFFFF, 0xFFFF, 0x949B, 0xBDDD, 0xFFFF, 0xFFFF, 0x9CBC, 0x1076, 0x11D9, 0x1C3D, 0x2DDF, 0x2DFF,   // 0x2B30 (11056)
0x2DFF, 0x2DFF, 0x2DFF, 0x129A, 0xBDFD, 0xFFFF, 0xFFD3, 0xFF82, 0xFF82, 0xFF82, 0xFF82, 0xFF82, 0xFF82, 0xFF82, 0xFF82, 0xFF82,   // 0x2B40 (11072)
0xFF82, 0xFF82, 0xFF82, 0xFF82, 0xFF82, 0xFF82, 0xFF82, 0xFF82, 0xFF83, 0xFFA8, 0xFFAB, 0xFFAA, 0xFFA4, 0xFF82, 0xFF82, 0xFF82,   // 0x2B50 (11088)
0xFF82, 0xFFA8, 0xFFAC, 0xFFAC, 0xFFA8, 0xFF82, 0xFF82, 0xFF82, 0xFF82, 0xFF83, 0xFFA8, 0xFFA9, 0xFFA7, 0xFF82, 0xFF82, 0xFF82,   // 0x2B60 (11104)
0xFF82, 0xFF82, 0xFFA8, 0xFFAC, 0xFFAB, 0xFFA6, 0xFF82, 0xFF82, 0xFF82, 0xFF82, 0xFF82, 0xFF82, 0xFF82, 0xFF82, 0xFF82, 0xFF82,   // 0x2B70 (11120)
0xFF82, 0xFF82, 0xFF82, 0xFF82, 0xFF82, 0xFF82, 0xFF82, 0xFF82, 0xFF82, 0x7426, 0x018A, 0x0314, 0x045C, 0x045C, 0x045C, 0x045C,   // 0x2B80 (11136)
0x045B, 0x045C, 0x045C, 0x045C, 0x045C, 0x045C, 0x045C, 0x045C, 0x0397, 0x018A, 0x4327, 0xFF82, 0xFFFD, 0xFFFF, 0x737A, 0x1BBC,   // 0x2B90 (11152)
0x2DFF, 0x2DFF, 0x2DFF, 0x2DFF, 0x2DFF, 0x2DFF, 0x245D, 0xA51C, 0xFFFF, 0xC63D, 0xF79F, 0xFFFF, 0x739A, 0x5AB9, 0x4A59, 0xD69E,   // 0x2BA0 (11168)
0xFFFF, 0xFFFF, 0xFFFF, 0xFFFF, 0xFFFF, 0xFFFF, 0xFFFF, 0x83FB, 0x9CDC, 0xFFFF, 0xFFFF, 0x4A59, 0x255F, 0x2DFF, 0x2DFF, 0x2DFF,   // 0x2BB0 (11184)
0x2DFF, 0x2DFF, 0x2DFF, 0x08F7, 0xE71E, 0xFFFF, 0xFFD0, 0xFF82, 0xFF82, 0xFF82, 0xFF82, 0xFF82, 0xFF82, 0xFF82, 0xFF82, 0xFF82,   // 0x2BC0 (11200)
0xFF82, 0xFF82, 0xFF82, 0xFF82, 0xFF82, 0xFF82, 0xFF82, 0xFFD0, 0xCF7F, 0x9EFF, 0x769F, 0x7EBF, 0xBF5F, 0xFFF7, 0xFF83, 0xFFA8,   // 0x2BD0 (11216)
0xFFFD, 0x9F1F, 0x6E9F, 0x6E9F, 0xA73F, 0xFFFE, 0xFFCC, 0xFF83, 0xFFD6, 0xCF7F, 0x96FF, 0x86DF, 0xB73F, 0xFFFE, 0xFFCF, 0xFF82,   // 0x2BE0 (11232)
0xFFA9, 0xFFFD, 0xA71F, 0x6E9F, 0x769F, 0xB75F, 0xFFFB, 0xFFA5, 0xFF82, 0xFF82, 0xFF82, 0xFF82, 0xFF82, 0xFF82, 0xFF82, 0xFF82,   // 0x2BF0 (11248)
0xFF82, 0xFF82, 0xFF82, 0xFF82, 0xFF82, 0xFF82, 0xFF82, 0xFF82, 0xFF82, 0x7426, 0x018A, 0x0314, 0x045C, 0x045C, 0x045C, 0x045C,   // 0x2C00 (11264)
0x045B, 0x045C, 0x045C, 0x045C, 0x045C, 0x045C, 0x045C, 0x045C, 0x0397, 0x018A, 0x4327, 0xFF82, 0xFFF7, 0xFFFF, 0xB59D, 0x0938,   // 0x2C10 (11280)
0x2DDF, 0x2DFF, 0x2DFF, 0x2DFF, 0x2DFF, 0x2DFF, 0x255F, 0x4A99, 0xC61D, 0xC61D, 0xFFFF, 0xFFFF, 0xFFFF, 0xFFFF, 0xCE5D, 0x5AB9,   // 0x2C20 (11296)
0xFFFF, 0xFFFF, 0xFFFF, 0xFFFF, 0xC61D, 0xE71E, 0xFFFF, 0xFFFF, 0x7BBA, 0x737A, 0x947B, 0x10D7, 0x2D9F, 0x2DFF, 0x2DFF, 0x2DFF,   // 0x2C30 (11312)
0x2DFF, 0x2DFF, 0x243D, 0x2917, 0xFFFF, 0xFFFF, 0xFFA9, 0xFF82, 0xFF82, 0xFF82, 0xFF82, 0xFF82, 0xFF82, 0xFF82, 0xFF82, 0xFF82,   // 0x2C40 (11328)
0xFF82, 0xFF82, 0xFF82, 0xFF82, 0xFF82, 0xFF82, 0xFFD1, 0xAF3F, 0x463F, 0x2DFF, 0x2DFF, 0x2DFF, 0x3E1F, 0x6E9F, 0xFFFA, 0xFFFF,   // 0x2C50 (11344)
0x2DFF, 0x2DFF, 0x2DFF, 0x2DFF, 0x2DFF, 0x361F, 0xC77F, 0xFFFB, 0x769F, 0x3E1F, 0x2DFF, 0x2DFF, 0x2DFF, 0x2DFF, 0xB73F, 0xFFD3,   // 0x2C60 (11360)
0xF7FF, 0x2DFF, 0x2DFF, 0x2DFF, 0x2DFF, 0x35FF, 0x565F, 0xF7FD, 0xFF83, 0xFF82, 0xFF82, 0xFF82, 0xFF82, 0xFF82, 0xFF82, 0xFF82,   // 0x2C70 (11376)
0xFF82, 0xFF82, 0xFF82, 0xFF82, 0xFF82, 0xFF82, 0xFF82, 0xFF82, 0xFF82, 0x7426, 0x018A, 0x0314, 0x045C, 0x045C, 0x045C, 0x045C,   // 0x2C80 (11392)
0x045B, 0x045C, 0x045C, 0x045C, 0x045C, 0x045C, 0x045C, 0x045C, 0x0397, 0x018A, 0x4327, 0xFF82, 0xFFAD, 0xFFFF, 0xFFDF, 0x20D7,   // 0x2C90 (11408)
0x1B7C, 0x2DFF, 0x2DFF, 0x2DFF, 0x2DFF, 0x2DFF, 0x2DFF, 0x251E, 0x1B3B, 0x5AB9, 0xFFFF, 0xFFFF, 0xFFFF, 0xFFFF, 0xFFFF, 0x39B8,   // 0x2CA0 (11424)
0x6B3A, 0xE71E, 0xFFFF, 0xFFFF, 0xFFDF, 0x5AB9, 0xDEDE, 0xFFFF, 0xFFDF, 0x08D7, 0x1B1B, 0x251E, 0x2DFF, 0x2DFF, 0x2DFF, 0x2DFF,   // 0x2CB0 (11440)
0x2DFF, 0x2DBF, 0x08F7, 0x841B, 0xFFFF, 0xFFFD, 0xFF82, 0xFF82, 0xFF82, 0xFF82, 0xFF82, 0xFF82, 0xFF82, 0xFF82, 0xFF82, 0xFF82,   // 0x2CC0 (11456)
0xFF82, 0xFF82, 0xFF82, 0xFF82, 0xFF82, 0xFF83, 0xC77F, 0x463F, 0x2DFF, 0x3E1F, 0x361F, 0x3E1F, 0x2DFF, 0x361F, 0x8EFF, 0x463F,   // 0x2CD0 (11472)
0x2DFF, 0x2DFF, 0x2DFF, 0x2DFF, 0x361F, 0x2DFF, 0x3E1F, 0x769F, 0x361F, 0x2DFF, 0x3E1F, 0x361F, 0x35FF, 0x2DFF, 0x3E1F, 0xEFDF,   // 0x2CE0 (11488)
0x3E1F, 0x2DFF, 0x2DFF, 0x361F, 0x461F, 0x2DFF, 0x2DFF, 0x565F, 0xFFCF, 0xFF82, 0xFF82, 0xFF82, 0xFF82, 0xFF82, 0xFF82, 0xFF82,   // 0x2CF0 (11504)
0xFF82, 0xFF82, 0xFF82, 0xFF82, 0xFF82, 0xFF82, 0xFF82, 0xFF82, 0xFF82, 0x7426, 0x018A, 0x0314, 0x045C, 0x045C, 0x045C, 0x045C,   // 0x2D00 (11520)
0x045B, 0x045C, 0x045C, 0x045C, 0x045C, 0x045C, 0x045C, 0x045C, 0x0397, 0x018A, 0x4327, 0xFF82, 0xFF83, 0xFFFD, 0xFFFF, 0x9CBC,   // 0x2D10 (11536)
0x0836, 0x24BD, 0x2DFF, 0x2DFF, 0x2DFF, 0x2DFF, 0x2DFF, 0x2DFF, 0x2DFF, 0x1AFB, 0x5279, 0x5279, 0xFFDF, 0xFFFF, 0xFFFF, 0xFFFF,   // 0x2D20 (11552)
0xEF5F, 0x5279, 0xD6BE, 0xBDFD, 0xFFFF, 0xEF5F, 0x41F8, 0x9CBC, 0x5299, 0x1B7B, 0x2DFF, 0x2DFF, 0x2DFF, 0x2DFF, 0x2DFF, 0x2DFF,   // 0x2D30 (11568)
0x2DDF, 0x1219, 0x18B7, 0xF79F, 0xFFFF, 0xFFD1, 0xFF82, 0xFF82, 0xFF82, 0xFF82, 0xFF82, 0xFF82, 0xFF82, 0xFF82, 0xFF82, 0xFF82,   // 0x2D40 (11584)
0xFF82, 0xFF82, 0xFF82, 0xFF82, 0xFF82, 0xFFAA, 0x7EBF, 0x2DFF, 0x2DFF, 0x7EBF, 0xE7DF, 0xBF5F, 0x361F, 0x2DFF, 0x463F, 0x8EDF,   // 0x2D50 (11600)
0x8EFF, 0x8EDF, 0xAF3F, 0xA73F, 0x3E1F, 0x2DFF, 0x35FF, 0x35FF, 0x2DFF, 0x361F, 0xBF5F, 0xF7FF, 0x2DFF, 0x2DFF, 0x2DFF, 0x86DF,   // 0x2D60 (11616)
0x3E1F, 0x2DFF, 0x2DFF, 0xF7FF, 0xB75F, 0x3E1F, 0x2DFF, 0x361F, 0xFFDA, 0xFF82, 0xFF82, 0xFF82, 0xFF82, 0xFF82, 0xFF82, 0xFF82,   // 0x2D70 (11632)
0xFF82, 0xFF82, 0xFF82, 0xFF82, 0xFF82, 0xFF82, 0xFF82, 0xFF82, 0xFF82, 0x7426, 0x018A, 0x0314, 0x045C, 0x045C, 0x045C, 0x045C,   // 0x2D80 (11648)
0x045B, 0x045C, 0x045C, 0x045C, 0x045C, 0x045C, 0x045C, 0x045C, 0x0397, 0x018A, 0x4327, 0xFF82, 0xFF82, 0xFFCF, 0xFFFF, 0xFFFF,   // 0x2D90 (11664)
0x4A18, 0x0877, 0x24BE, 0x2DFF, 0x2DFF, 0x2DFF, 0x2DFF, 0x2DFF, 0x2DFF, 0x2DFF, 0x257F, 0x1B7B, 0x5AB9, 0x8C3B, 0xBDDD, 0xFFFF,   // 0x2DA0 (11680)
0xFFFF, 0x5299, 0xFFFF, 0x83FB, 0xAD5C, 0xFFFF, 0x5AB9, 0x1AFB, 0x247D, 0x2DFF, 0x2DFF, 0x2DFF, 0x2DFF, 0x2DFF, 0x2DFF, 0x2DDF,   // 0x2DB0 (11696)
0x127A, 0x0816, 0xB57C, 0xFFFF, 0xFFFD, 0xFF84, 0xFF82, 0xFF82, 0xFF82, 0xFF82, 0xFF82, 0xFF82, 0xFF82, 0xFF82, 0xFF82, 0xFF82,   // 0x2DC0 (11712)
0xFF82, 0xFF82, 0xFF82, 0xFF82, 0xFF82, 0xFFCE, 0x5E5F, 0x2DFF, 0x361F, 0xCF7F, 0xFFFF, 0xF7FF, 0x361F, 0x2DFF, 0x2DFF, 0xFFFF,   // 0x2DD0 (11728)
0x3E1F, 0x3E1F, 0x3E1F, 0x2DFF, 0x2DFF, 0x2DFF, 0x35FF, 0x361F, 0x2DFF, 0x2DFF, 0xFFFF, 0xFFFF, 0xB75F, 0x2DFF, 0x2DFF, 0x667F,   // 0x2DE0 (11744)
0x3E1F, 0x2DFF, 0x5E7F, 0xFFFF, 0xFFFF, 0x2DFF, 0x2DFF, 0x3E1F, 0xE7BD, 0xFF82, 0xFF82, 0xFF82, 0xFF82, 0xFF82, 0xFF82, 0xFF82,   // 0x2DF0 (11760)
0xFF82, 0xFF82, 0xFF82, 0xFF82, 0xFF82, 0xFF82, 0xFF82, 0xFF82, 0xFF82, 0x7426, 0x018A, 0x0314, 0x045C, 0x045C, 0x045C, 0x045C,   // 0x2E00 (11776)
0x045B, 0x045C, 0x045C, 0x045C, 0x045C, 0x045C, 0x045C, 0x045C, 0x0397, 0x018A, 0x4327, 0xFF82, 0xFF82, 0xFF82, 0xFFF8, 0xFFFF,   // 0x2E10 (11792)
0xEF7F, 0x2957, 0x0856, 0x1BDC, 0x2DFF, 0x2DFF, 0x2DFF, 0x2DFF, 0x2DFF, 0x2DFF, 0x2DFF, 0x2DFF, 0x24DE, 0x1BDC, 0x39B8, 0xCE3D,   // 0x2E20 (11808)
0xAD3C, 0x1897, 0x9CDC, 0xB5BD, 0x10D7, 0x19B8, 0x1B5B, 0x2DFF, 0x2DFF, 0x2DFF, 0x2DFF, 0x2DFF, 0x2DFF, 0x2DFF, 0x255F, 0x1198,   // 0x2E30 (11824)
0x0816, 0x83FB, 0xFFFF, 0xFFFF, 0xFFAC, 0xFF82, 0xFF82, 0xFF82, 0xFF82, 0xFF82, 0xFF82, 0xFF82, 0xFF82, 0xFF82, 0xFF82, 0xFF82,   // 0x2E40 (11840)
0xFF82, 0xFF82, 0xFF82, 0xFF82, 0xFF82, 0xFFCE, 0x5E5F, 0x2DFF, 0x361F, 0xD79F, 0xFFFF, 0xFFFF, 0x361F, 0x2DFF, 0x35FF, 0x4E5F,   // 0x2E50 (11856)
0x2DFF, 0x2DFF, 0x35FF, 0x2DFF, 0x361F, 0x2DFF, 0x35FF, 0x3E1F, 0x2DFF, 0x2DFF, 0xFFFF, 0xFFFF, 0xC75F, 0x2DFF, 0x2DFF, 0x5E7F,   // 0x2E60 (11872)
0x361F, 0x2DFF, 0x667F, 0xFFFF, 0xFFFF, 0x2DFF, 0x2DFF, 0x3E1F, 0xE7BD, 0xFF82, 0xFF82, 0xFF82, 0xFF82, 0xFF82, 0xFF82, 0xFF82,   // 0x2E70 (11888)
0xFF82, 0xFF82, 0xFF82, 0xFF82, 0xFF82, 0xFF82, 0xFF82, 0xFF82, 0xFF82, 0x7426, 0x018A, 0x0314, 0x045C, 0x045C, 0x045C, 0x045C,   // 0x2E80 (11904)
0x045B, 0x045C, 0x045C, 0x045C, 0x045C, 0x045C, 0x045C, 0x045C, 0x0397, 0x018A, 0x4327, 0xFF82, 0xFF82, 0xFF82, 0xFFA4, 0xFFFC,   // 0x2E90 (11920)
0xFFFF, 0xEF3F, 0x3178, 0x0816, 0x11F9, 0x253E, 0x2DFF, 0x2DFF, 0x2DFF, 0x2DFF, 0x2DFF, 0x2DFF, 0x2DFF, 0x2DFF, 0x24DE, 0x129A,   // 0x2EA0 (11936)
0x1B5B, 0x255E, 0x1BBC, 0x1B1B, 0x251E, 0x2DFF, 0x2DFF, 0x2DFF, 0x2DFF, 0x2DFF, 0x2DFF, 0x2DFF, 0x2DDF, 0x1B9C, 0x0877, 0x0816,   // 0x2EB0 (11952)
0x83FB, 0xFFFF, 0xFFFF, 0xFFD2, 0xFF82, 0xFF82, 0xFF82, 0xFF82, 0xFF82, 0xFF82, 0xFF82, 0xFF82, 0xFF82, 0xFF82, 0xFF82, 0xFF82,   // 0x2EC0 (11968)
0xFF82, 0xFF82, 0xFF82, 0xFF82, 0xFF82, 0xFFCE, 0x5E5F, 0x2DFF, 0x2DFF, 0x9F1F, 0xFFFF, 0xD79F, 0x361F, 0x2DFF, 0x361F, 0x3E1F,   // 0x2ED0 (11984)
0x2DFF, 0x2DFF, 0xFFFF, 0xDFBF, 0x461F, 0x2DFF, 0x3E1F, 0x361F, 0x2DFF, 0x361F, 0xE7DF, 0xFFFF, 0x86DF, 0x2DFF, 0x2DFF, 0x667F,   // 0x2EE0 (12000)
0x3E1F, 0x2DFF, 0x2DFF, 0xFFFF, 0xF7FF, 0x361F, 0x2DFF, 0x3E1F, 0xF7DB, 0xFF82, 0xFF82, 0xFF82, 0xFF82, 0xFF82, 0xFF82, 0xFF82,   // 0x2EF0 (12016)
0xFF82, 0xFF82, 0xFF82, 0xFF82, 0xFF82, 0xFF82, 0xFF82, 0xFF82, 0xFF82, 0x7426, 0x018A, 0x0314, 0x045C, 0x045C, 0x045C, 0x045C,   // 0x2F00 (12032)
0x045B, 0x045C, 0x045C, 0x045C, 0x045C, 0x045C, 0x045C, 0x045C, 0x0397, 0x018A, 0x4327, 0xFF82, 0xFF82, 0xFF82, 0xFF82, 0xFFA6,   // 0x2F10 (12048)
0xFFFC, 0xFFFF, 0xF7BF, 0x631A, 0x0816, 0x0836, 0x125A, 0x24DE, 0x2DFF, 0x2DFF, 0x2DFF, 0x2DFF, 0x2DFF, 0x2DFF, 0x2DFF, 0x2DFF,   // 0x2F20 (12064)
0x2DFF, 0x2DFF, 0x2DFF, 0x2DFF, 0x2DFF, 0x2DFF, 0x2DFF, 0x2DFF, 0x2DFF, 0x2DFF, 0x2DBF, 0x1BBC, 0x0918, 0x0816, 0x1096, 0xAD5C,   // 0x2F30 (12080)
0xFFFF, 0xFFFF, 0xFFD3, 0xFF82, 0xFF82, 0xFF82, 0xFF82, 0xFF82, 0xFF82, 0xFF82, 0xFF82, 0xFF82, 0xFF82, 0xFF82, 0xFF82, 0xFF82,   // 0x2F40 (12096)
0xFF82, 0xFF82, 0xFF82, 0xFF82, 0xFF82, 0xFFCE, 0x5E5F, 0x2DFF, 0x2DFF, 0x565F, 0x361F, 0x3E1F, 0x2DFF, 0x2DFF, 0x669F, 0x3E1F,   // 0x2F50 (12112)
0x2DFF, 0x565F, 0x5E7F, 0x3E1F, 0x2DFF, 0x2DFF, 0x6E9F, 0x3E1F, 0x2DFF, 0x2DFF, 0x361F, 0x3E1F, 0x463F, 0x2DFF, 0x2DFF, 0x769F,   // 0x2F60 (12128)
0x3E1F, 0x2DFF, 0x361F, 0x3E1F, 0x3E1F, 0x2DFF, 0x2DFF, 0x4E3F, 0xFFD3, 0xFF82, 0xFF82, 0xFF82, 0xFF82, 0xFF82, 0xFF82, 0xFF82,   // 0x2F70 (12144)
0xFF82, 0xFF82, 0xFF82, 0xFF82, 0xFF82, 0xFF82, 0xFF82, 0xFF82, 0xFF82, 0x7426, 0x018A, 0x0314, 0x045C, 0x045C, 0x045C, 0x045C,   // 0x2F80 (12160)
0x045B, 0x045C, 0x045C, 0x045C, 0x045C, 0x045C, 0x045C, 0x045C, 0x0397, 0x018A, 0x4327, 0xFF82, 0xFF82, 0xFF82, 0xFF82, 0xFF82,   // 0x2F90 (12176)
0xFFA4, 0xFFF8, 0xFFFF, 0xFFFF, 0xBDDD, 0x3157, 0x0816, 0x0816, 0x0918, 0x1B1B, 0x249D, 0x2DBF, 0x2DFF, 0x2DFF, 0x2DFF, 0x2DFF,   // 0x2FA0 (12192)
0x2DFF, 0x2DFF, 0x2DFF, 0x2DFF, 0x2DFF, 0x2DFF, 0x2DFF, 0x253E, 0x1BDC, 0x1239, 0x0856, 0x0816, 0x0816, 0x62F9, 0xE73F, 0xFFFF,   // 0x2FB0 (12208)
0xFFFF, 0xFFCF, 0xFF82, 0xFF82, 0xFF82, 0xFF82, 0xFF82, 0xFF82, 0xFF82, 0xFF82, 0xFF82, 0xFF82, 0xFF82, 0xFF82, 0xFF82, 0xFF82,   // 0x2FC0 (12224)
0xFF82, 0xFF82, 0xFF82, 0xFF82, 0xFF82, 0xFFCE, 0x5E5F, 0x2DFF, 0x361F, 0x463F, 0x2DFF, 0x2DFF, 0x2DFF, 0x2DFF, 0xFFFF, 0x9F1F,   // 0x2FD0 (12240)
0x361F, 0x2DFF, 0x2DFF, 0x2DFF, 0x2DFF, 0x565F, 0xFFFE, 0xCF7F, 0x35FF, 0x2DFF, 0x2DFF, 0x2DFF, 0x4E3F, 0x35FF, 0x2DFF, 0x76BF,   // 0x2FE0 (12256)
0xAF3F, 0x2DFF, 0x2DFF, 0x2DFF, 0x2DFF, 0x2DFF, 0x2DFF, 0xF7DF, 0xFFA5, 0xFF82, 0xFF82, 0xFF82, 0xFF82, 0xFF82, 0xFF82, 0xFF82,   // 0x2FF0 (12272)
0xFF82, 0xFF82, 0xFF82, 0xFF82, 0xFF82, 0xFF82, 0xFF82, 0xFF82, 0xFF82, 0x7426, 0x018A, 0x0314, 0x045C, 0x045C, 0x045C, 0x045C,   // 0x3000 (12288)
0x045B, 0x045C, 0x045C, 0x045C, 0x045C, 0x045C, 0x045C, 0x045C, 0x0397, 0x018A, 0x4327, 0xFF82, 0xFF82, 0xFF82, 0xFF82, 0xFF82,   // 0x3010 (12304)
0xFF82, 0xFF82, 0xFFCF, 0xFFFE, 0xFFFF, 0xFFFF, 0xAD5C, 0x41F8, 0x0816, 0x0816, 0x0816, 0x0836, 0x0938, 0x11F9, 0x12BA, 0x1B1B,   // 0x3020 (12320)
0x1B5B, 0x1B9C, 0x1B3B, 0x1AFB, 0x125A, 0x1198, 0x0897, 0x0816, 0x0816, 0x0816, 0x1056, 0x631A, 0xD69E, 0xFFFF, 0xFFFF, 0xFFFA,   // 0x3030 (12336)
0xFFA8, 0xFF82, 0xFF82, 0xFF82, 0xFF82, 0xFF82, 0xFF82, 0xFF82, 0xFF82, 0xFF82, 0xFF82, 0xFF82, 0xFF82, 0xFF82, 0xFF82, 0xFF82,   // 0x3040 (12352)
0xFF82, 0xFF82, 0xFF82, 0xFF82, 0xFF82, 0xFFCE, 0x5E5F, 0x2DFF, 0x3E1F, 0x9F1F, 0x463F, 0x2DFF, 0x667F, 0xFFFE, 0xFFA9, 0xFFF8,   // 0x3050 (12368)
0x86BF, 0x461F, 0x2DFF, 0x3E1F, 0x769F, 0xEFDD, 0xFFD0, 0xD79F, 0xD79F, 0x4E3F, 0x2DFF, 0x463F, 0x76BF, 0x2DFF, 0x2DFF, 0x76BF,   // 0x3060 (12384)
0xFFF7, 0xFFFF, 0x4E3F, 0x2DFF, 0x35FF, 0x4E3F, 0xFFFF, 0xFFAB, 0xFF82, 0xFF82, 0xFF82, 0xFF82, 0xFF82, 0xFF82, 0xFF82, 0xFF82,   // 0x3070 (12400)
0xFF82, 0xFF82, 0xFF82, 0xFF82, 0xFF82, 0xFF82, 0xFF82, 0xFF82, 0xFF82, 0x7426, 0x018A, 0x0314, 0x045C, 0x045C, 0x045C, 0x045C,   // 0x3080 (12416)
0x045B, 0x045C, 0x045C, 0x045C, 0x045C, 0x045C, 0x045C, 0x045C, 0x0397, 0x018A, 0x4327, 0xFF82, 0xFF82, 0xFF82, 0xFF82, 0xFF82,   // 0x3090 (12432)
0xFF82, 0xFF82, 0xFF82, 0xFFA4, 0xFFD3, 0xFFFE, 0xFFFF, 0xFFFF, 0xDEDE, 0x8C3B, 0x4A18, 0x1056, 0x0816, 0x0816, 0x0816, 0x0816,   // 0x30A0 (12448)
0x0816, 0x0816, 0x0816, 0x0816, 0x0816, 0x0816, 0x0816, 0x20D7, 0x5AD9, 0xAD3C, 0xF79F, 0xFFFF, 0xFFFF, 0xFFFB, 0xFFAD, 0xFF82,   // 0x30B0 (12464)
0xFF82, 0xFF82, 0xFF82, 0xFF82, 0xFF82, 0xFF82, 0xFF82, 0xFF82, 0xFF82, 0xFF82, 0xFF82, 0xFF82, 0xFF82, 0xFF82, 0xFF82, 0xFF82,   // 0x30C0 (12480)
0xFF82, 0xFF82, 0xFF82, 0xFF82, 0xFF82, 0xFFCE, 0x5E5F, 0x2DFF, 0x3E1F, 0xD79F, 0xFFD3, 0xFFD5, 0xFFCE, 0xFF84, 0xFF82, 0xFF82,   // 0x30D0 (12496)
0xFFAA, 0xFFD4, 0xFFF6, 0xFFD3, 0xFFAA, 0xFF82, 0xFFD2, 0x2DFF, 0x3E1F, 0x3E1F, 0x96FF, 0xBF5F, 0x5E7F, 0x2DFF, 0x2DFF, 0x8EDF,   // 0x30E0 (12512)
0xFFA8, 0xFFA6, 0xFFD1, 0xFFF6, 0xFFD6, 0xFFCF, 0xFFA4, 0xFF82, 0xFF82, 0xFF82, 0xFF82, 0xFF82, 0xFF82, 0xFF82, 0xFF82, 0xFF82,   // 0x30F0 (12528)
0xFF82, 0xFF82, 0xFF82, 0xFF82, 0xFF82, 0xFF82, 0xFF82, 0xFF82, 0xFF82, 0x7426, 0x018A, 0x0314, 0x045C, 0x045C, 0x045C, 0x045C,   // 0x3100 (12544)
0x045B, 0x045C, 0x045C, 0x045C, 0x045C, 0x045C, 0x045C, 0x045C, 0x0397, 0x018A, 0x4327, 0xFF82, 0xFF82, 0xFF82, 0xFF82, 0xFF82,   // 0x3110 (12560)
0xFF82, 0xFF82, 0xFF82, 0xFF82, 0xFF82, 0xFF84, 0xFFCF, 0xFFFA, 0xFFFF, 0xFFFF, 0xFFFF, 0xFFDF, 0xD6BE, 0xB57C, 0x949B, 0x83FB,   // 0x3120 (12576)
0x7BBA, 0x737A, 0x7BBA, 0x841B, 0x9CDC, 0xBDDD, 0xE73F, 0xFFFF, 0xFFFF, 0xFFFF, 0xFFFF, 0xFFD6, 0xFFAB, 0xFF82, 0xFF82, 0xFF82,   // 0x3130 (12592)
0xFF82, 0xFF82, 0xFF82, 0xFF82, 0xFF82, 0xFF82, 0xFF82, 0xFF82, 0xFF82, 0xFF82, 0xFF82, 0xFF82, 0xFF82, 0xFF82, 0xFF82, 0xFF82,   // 0x3140 (12608)
0xFF82, 0xFF82, 0xFF82, 0xFF82, 0xFF82, 0xFFCE, 0x5E5F, 0x2DFF, 0x3E1F, 0xD79F, 0xFF82, 0xFF82, 0xFF82, 0xFF82, 0xFF82, 0xFF82,   // 0x3150 (12624)
0xFF82, 0xFF82, 0xFF82, 0xFF82, 0xFF82, 0xFF82, 0xFFA6, 0xCF7F, 0x2DFF, 0x2DFF, 0x2DFF, 0x2DFF, 0x2DFF, 0x2DFF, 0x35FF, 0xFFFE,   // 0x3160 (12640)
0xFF82, 0xFF82, 0xFF82, 0xFF82, 0xFF82, 0xFF82, 0xFF82, 0xFF82, 0xFF82, 0xFF82, 0xFF82, 0xFF82, 0xFF82, 0xFF82, 0xFF82, 0xFF82,   // 0x3170 (12656)
0xFF82, 0xFF82, 0xFF82, 0xFF82, 0xFF82, 0xFF82, 0xFF82, 0xFF82, 0xFF82, 0x7426, 0x018A, 0x0314, 0x045C, 0x045C, 0x045C, 0x045C,   // 0x3180 (12672)
0x045B, 0x045C, 0x045C, 0x045C, 0x045C, 0x045C, 0x045C, 0x045C, 0x0397, 0x018A, 0x4327, 0xFF82, 0xFF82, 0xFF82, 0xFF82, 0xFF82,   // 0x3190 (12688)
0xFF82, 0xFF82, 0xFF82, 0xFF82, 0xFF82, 0xFF82, 0xFF82, 0xFF82, 0xFFA6, 0xFFCE, 0xFFD6, 0xFFFC, 0xFFFF, 0xFFFF, 0xFFFF, 0xFFFF,   // 0x31A0 (12704)
0xFFFF, 0xFFFF, 0xFFFF, 0xFFFF, 0xFFFF, 0xFFFF, 0xFFFF, 0xFFFA, 0xFFD3, 0xFFAC, 0xFF83, 0xFF82, 0xFF82, 0xFF82, 0xFF82, 0xFF82,   // 0x31B0 (12720)
0xFF82, 0xFF82, 0xFF82, 0xFF82, 0xFF82, 0xFF82, 0xFF82, 0xFF82, 0xFF82, 0xFF82, 0xFF82, 0xFF82, 0xFF82, 0xFF82, 0xFF82, 0xFF82,   // 0x31C0 (12736)
0xFF82, 0xFF82, 0xFF82, 0xFF82, 0xFF82, 0xFFCE, 0x5E7F, 0x2DFF, 0xA71F, 0xFFFB, 0xFF82, 0xFF82, 0xFF82, 0xFF82, 0xFF82, 0xFF82,   // 0x31D0 (12752)
0xFF82, 0xFF82, 0xFF82, 0xFF82, 0xFF82, 0xFF82, 0xFF82, 0xFFD0, 0xF7FF, 0x361F, 0x3E1F, 0x3E1F, 0x463F, 0x3E1F, 0xDFBF, 0xFFAA,   // 0x31E0 (12768)
0xFF82, 0xFF82, 0xFF82, 0xFF82, 0xFF82, 0xFF82, 0xFF82, 0xFF82, 0xFF82, 0xFF82, 0xFF82, 0xFF82, 0xFF82, 0xFF82, 0xFF82, 0xFF82,   // 0x31F0 (12784)
0xFF82, 0xFF82, 0xFF82, 0xFF82, 0xFF82, 0xFF82, 0xFF82, 0xFF82, 0xFF82, 0x7426, 0x018A, 0x0314, 0x045C, 0x045C, 0x045C, 0x045C,   // 0x3200 (12800)
0x045B, 0x045C, 0x045C, 0x045C, 0x045C, 0x045C, 0x045C, 0x045C, 0x0397, 0x018A, 0x4327, 0xFF82, 0xFF82, 0xFF82, 0xFF82, 0xFF82,   // 0x3210 (12816)
0xFF82, 0xFF82, 0xFF82, 0xFF82, 0xFF82, 0xFF82, 0xFF82, 0xFF82, 0xFF82, 0xFF82, 0xFF82, 0xFF82, 0xFF84, 0xFFA8, 0xFFAB, 0xFFCE,   // 0x3220 (12832)
0xFFCF, 0xFFD0, 0xFFCF, 0xFFAD, 0xFFAB, 0xFFA7, 0xFF82, 0xFF82, 0xFF82, 0xFF82, 0xFF82, 0xFF82, 0xFF82, 0xFF82, 0xFF82, 0xFF82,   // 0x3230 (12848)
0xFF82, 0xFF82, 0xFF82, 0xFF82, 0xFF82, 0xFF82, 0xFF82, 0xFF82, 0xFF82, 0xFF82, 0xFF82, 0xFF82, 0xFF82, 0xFF82, 0xFF82, 0xFF82,   // 0x3240 (12864)
0xFF82, 0xFF82, 0xFF82, 0xFF82, 0xFF82, 0xFFA4, 0xEFB9, 0xF7DB, 0xEFB7, 0xFFA5, 0xFF82, 0xFF82, 0xFF82, 0xFF82, 0xFF82, 0xFF82,   // 0x3250 (12880)
0xFF82, 0xFF82, 0xFF82, 0xFF82, 0xFF82, 0xFF82, 0xFF82, 0xFF82, 0xFFAA, 0xFFDA, 0xD79F, 0xD79F, 0xE7BD, 0xFFD5, 0xFFA6, 0xFF82,   // 0x3260 (12896)
0xFF82, 0xFF82, 0xFF82, 0xFF82, 0xFF82, 0xFF82, 0xFF82, 0xFF82, 0xFF82, 0xFF82, 0xFF82, 0xFF82, 0xFF82, 0xFF82, 0xFF82, 0xFF82,   // 0x3270 (12912)
0xFF82, 0xFF82, 0xFF82, 0xFF82, 0xFF82, 0xFF82, 0xFF82, 0xFF82, 0xFF82, 0x7426, 0x018A, 0x0314, 0x045C, 0x045C, 0x045C, 0x045C,   // 0x3280 (12928)
0x045B, 0x045C, 0x045C, 0x045C, 0x045C, 0x045C, 0x045C, 0x045C, 0x03D8, 0x018A, 0x2A88, 0xFF82, 0xFF82, 0xFF82, 0xFF82, 0xFF82,   // 0x3290 (12944)
0xFF82, 0xFF82, 0xFF82, 0xFF82, 0xFF82, 0xFF82, 0xFF82, 0xFF82, 0xFF82, 0xFF82, 0xFF82, 0xFF82, 0xFF82, 0xFF82, 0xFF82, 0xFF82,   // 0x32A0 (12960)
0xFF82, 0xFF82, 0xFF82, 0xFF82, 0xFF82, 0xFF82, 0xFF82, 0xFF82, 0xFF82, 0xFF82, 0xFF82, 0xFF82, 0xFF82, 0xFF82, 0xFF82, 0xFF82,   // 0x32B0 (12976)
0xFF82, 0xFF82, 0xFF82, 0xFF82, 0xFF82, 0xFF82, 0xFF82, 0xFF82, 0xFF82, 0xFF82, 0xFF82, 0xFF82, 0xFF82, 0xFF82, 0xFF82, 0xFF82,   // 0x32C0 (12992)
0xFF82, 0xFF82, 0xFF82, 0xFF82, 0xFF82, 0xFF82, 0xFF82, 0xFF82, 0xFF82, 0xFF82, 0xFF82, 0xFF82, 0xFF82, 0xFF82, 0xFF82, 0xFF82,   // 0x32D0 (13008)
0xFF82, 0xFF82, 0xFF82, 0xFF82, 0xFF82, 0xFF82, 0xFF82, 0xFF82, 0xFF82, 0xFF82, 0xFF82, 0xFF82, 0xFF82, 0xFF82, 0xFF82, 0xFF82,   // 0x32E0 (13024)
0xFF82, 0xFF82, 0xFF82, 0xFF82, 0xFF82, 0xFF82, 0xFF82, 0xFF82, 0xFF82, 0xFF82, 0xFF82, 0xFF82, 0xFF82, 0xFF82, 0xFF82, 0xFF82,   // 0x32F0 (13040)
0xFF82, 0xFF82, 0xFF82, 0xFF82, 0xFF82, 0xFF82, 0xFF82, 0xFF82, 0xFF82, 0x5B87, 0x018A, 0x0355, 0x045C, 0x045C, 0x045C, 0x045C,   // 0x3300 (13056)
0x045B, 0x045C, 0x045C, 0x045C, 0x045C, 0x045C, 0x045C, 0x045C, 0x045B, 0x01AA, 0x018A, 0xD683, 0xFF82, 0xFF82, 0xFF82, 0xFF82,   // 0x3310 (13072)
0xFF82, 0xFF82, 0xFF82, 0xFF82, 0xFF82, 0xFF82, 0xFF82, 0xFF82, 0xFF82, 0xFF82, 0xFF82, 0xFF82, 0xFF82, 0xFF82, 0xFF82, 0xFF82,   // 0x3320 (13088)
0xFF82, 0xFF82, 0xFF82, 0xFF82, 0xFF82, 0xFF82, 0xFF82, 0xFF82, 0xFF82, 0xFF82, 0xFF82, 0xFF82, 0xFF82, 0xFF82, 0xFF82, 0xFF82,   // 0x3330 (13104)
0xFF82, 0xFF82, 0xFF82, 0xFF82, 0xFF82, 0xFF82, 0xFF82, 0xFF82, 0xFF82, 0xFF82, 0xFF82, 0xFF82, 0xFF82, 0xFF82, 0xFF82, 0xFF82,   // 0x3340 (13120)
0xFF82, 0xFF82, 0xFF82, 0xFF82, 0xFF82, 0xFF82, 0xFF82, 0xFF82, 0xFF82, 0xFF82, 0xFF82, 0xFF82, 0xFF82, 0xFF82, 0xFF82, 0xFF82,   // 0x3350 (13136)
0xFF82, 0xFF82, 0xFF82, 0xFF82, 0xFF82, 0xFF82, 0xFF82, 0xFF82, 0xFF82, 0xFF82, 0xFF82, 0xFF82, 0xFF82, 0xFF82, 0xFF82, 0xFF82,   // 0x3360 (13152)
0xFF82, 0xFF82, 0xFF82, 0xFF82, 0xFF82, 0xFF82, 0xFF82, 0xFF82, 0xFF82, 0xFF82, 0xFF82, 0xFF82, 0xFF82, 0xFF82, 0xFF82, 0xFF82,   // 0x3370 (13168)
0xFF82, 0xFF82, 0xFF82, 0xFF82, 0xFF82, 0xFF82, 0xFF82, 0xFF82, 0xF722, 0x11E9, 0x018A, 0x03F9, 0x045C, 0x045C, 0x045C, 0x045C,   // 0x3380 (13184)
0x045B, 0x045C, 0x045C, 0x045C, 0x045C, 0x045C, 0x045C, 0x045C, 0x045C, 0x02B1, 0x018A, 0x32A8, 0xEF22, 0xFF82, 0xFF82, 0xFF82,   // 0x3390 (13200)
0xFF82, 0xFF82, 0xFF82, 0xFF82, 0xFF82, 0xFF82, 0xFF82, 0xFF82, 0xFF82, 0xFF82, 0xFF82, 0xFF82, 0xFF82, 0xFF82, 0xFF82, 0xFF82,   // 0x33A0 (13216)
0xFF82, 0xFF82, 0xFF82, 0xFF82, 0xFF82, 0xFF82, 0xFF82, 0xFF82, 0xFF82, 0xFF82, 0xFF82, 0xFF82, 0xFF82, 0xFF82, 0xFF82, 0xFF82,   // 0x33B0 (13232)
0xFF82, 0xFF82, 0xFF82, 0xFF82, 0xFF82, 0xFF82, 0xFF82, 0xFF82, 0xFF82, 0xFF82, 0xFF82, 0xFF82, 0xFF82, 0xFF82, 0xFF82, 0xFF82,   // 0x33C0 (13248)
0xFF82, 0xFF82, 0xFF82, 0xFF82, 0xFF82, 0xFF82, 0xFF82, 0xFF82, 0xFF82, 0xFF82, 0xFF82, 0xFF82, 0xFF82, 0xFF82, 0xFF82, 0xFF82,   // 0x33D0 (13264)
0xFF82, 0xFF82, 0xFF82, 0xFF82, 0xFF82, 0xFF82, 0xFF82, 0xFF82, 0xFF82, 0xFF82, 0xFF82, 0xFF82, 0xFF82, 0xFF82, 0xFF82, 0xFF82,   // 0x33E0 (13280)
0xFF82, 0xFF82, 0xFF82, 0xFF82, 0xFF82, 0xFF82, 0xFF82, 0xFF82, 0xFF82, 0xFF82, 0xFF82, 0xFF82, 0xFF82, 0xFF82, 0xFF82, 0xFF82,   // 0x33F0 (13296)
0xFF82, 0xFF82, 0xFF82, 0xFF82, 0xFF82, 0xFF82, 0xFF82, 0xFF62, 0x5367, 0x018A, 0x022E, 0x045C, 0x045C, 0x045C, 0x045C, 0x045C,   // 0x3400 (13312)
0x045B, 0x045C, 0x045C, 0x045C, 0x045C, 0x045C, 0x045C, 0x045C, 0x045C, 0x043A, 0x01EC, 0x018A, 0x2249, 0x9505, 0xCE63, 0xD6A3,   // 0x3410 (13328)
0xD6A3, 0xD6A3, 0xD6A3, 0xD6A3, 0xD6A3, 0xD6A3, 0xD6A3, 0xD6A3, 0xD6A3, 0xD6A3, 0xD6A3, 0xD6A3, 0xD6A3, 0xD6A3, 0xD6A3, 0xD6A3,   // 0x3420 (13344)
0xD6A3, 0xD6A3, 0xD6A3, 0xD6A3, 0xD6A3, 0xD6A3, 0xD6A3, 0xD6A3, 0xD6A3, 0xD6A3, 0xD6A3, 0xD6A3, 0xD6A3, 0xD6A3, 0xD6A3, 0xD6A3,   // 0x3430 (13360)
0xD6A3, 0xD6A3, 0xD6A3, 0xD6A3, 0xD6A3, 0xD6A3, 0xD6A3, 0xD6A3, 0xD6A3, 0xD6A3, 0xD6A3, 0xD6A3, 0xD6A3, 0xD6A3, 0xD6A3, 0xD6A3,   // 0x3440 (13376)
0xD6A3, 0xD6A3, 0xD6A3, 0xD6A3, 0xD6A3, 0xD6A3, 0xD6A3, 0xD6A3, 0xD6A3, 0xD6A3, 0xD6A3, 0xD6A3, 0xD6A3, 0xD6A3, 0xD6A3, 0xD6A3,   // 0x3450 (13392)
0xD6A3, 0xD6A3, 0xD6A3, 0xD6A3, 0xD6A3, 0xD6A3, 0xD6A3, 0xD6A3, 0xD6A3, 0xD6A3, 0xD6A3, 0xD6A3, 0xD6A3, 0xD6A3, 0xD6A3, 0xD6A3,   // 0x3460 (13408)
0xD6A3, 0xD6A3, 0xD6A3, 0xD6A3, 0xD6A3, 0xD6A3, 0xD6A3, 0xD6A3, 0xD6A3, 0xD6A3, 0xD6A3, 0xD6A3, 0xD6A3, 0xD6A3, 0xD6A3, 0xD6A3,   // 0x3470 (13424)
0xD6A3, 0xD6A3, 0xD6A3, 0xD6A3, 0xD6A3, 0xD683, 0xA565, 0x32A8, 0x018A, 0x01AB, 0x03F9, 0x045C, 0x045C, 0x045C, 0x045C, 0x045C,   // 0x3480 (13440)
0x045B, 0x045C, 0x045C, 0x045C, 0x045C, 0x045C, 0x045C, 0x045C, 0x045C, 0x045C, 0x041A, 0x020D, 0x018A, 0x018A, 0x018A, 0x018A,   // 0x3490 (13456)
0x018A, 0x018A, 0x018A, 0x018A, 0x018A, 0x018A, 0x018A, 0x018A, 0x018A, 0x018A, 0x018A, 0x018A, 0x018A, 0x018A, 0x018A, 0x018A,   // 0x34A0 (13472)
0x018A, 0x018A, 0x018A, 0x018A, 0x018A, 0x018A, 0x018A, 0x018A, 0x018A, 0x018A, 0x018A, 0x018A, 0x018A, 0x018A, 0x018A, 0x018A,   // 0x34B0 (13488)
0x018A, 0x018A, 0x018A, 0x018A, 0x018A, 0x018A, 0x018A, 0x018A, 0x018A, 0x018A, 0x018A, 0x018A, 0x018A, 0x018A, 0x018A, 0x018A,   // 0x34C0 (13504)
0x018A, 0x018A, 0x018A, 0x018A, 0x018A, 0x018A, 0x018A, 0x018A, 0x018A, 0x018A, 0x018A, 0x018A, 0x018A, 0x018A, 0x018A, 0x018A,   // 0x34D0 (13520)
0x018A, 0x018A, 0x018A, 0x018A, 0x018A, 0x018A, 0x018A, 0x018A, 0x018A, 0x018A, 0x018A, 0x018A, 0x018A, 0x018A, 0x018A, 0x018A,   // 0x34E0 (13536)
0x018A, 0x018A, 0x018A, 0x018A, 0x018A, 0x018A, 0x018A, 0x018A, 0x018A, 0x018A, 0x018A, 0x018A, 0x018A, 0x018A, 0x018A, 0x018A,   // 0x34F0 (13552)
0x018A, 0x018A, 0x018A, 0x018A, 0x018A, 0x018A, 0x018A, 0x018A, 0x01CC, 0x03D8, 0x045C, 0x045C, 0x045C, 0x045C, 0x045C, 0x045C,   // 0x3500 (13568)
0x045B, 0x045C, 0x045C, 0x045C, 0x045C, 0x045C, 0x045C, 0x045C, 0x045C, 0x045C, 0x045C, 0x045B, 0x0376, 0x0270, 0x020D, 0x01EC,   // 0x3510 (13584)
0x01EC, 0x01EC, 0x01EC, 0x01EC, 0x01EC, 0x01EC, 0x01EC, 0x01EC, 0x01EC, 0x01EC, 0x01EC, 0x01EC, 0x01EC, 0x01EC, 0x01EC, 0x01EC,   // 0x3520 (13600)
0x01EC, 0x01EC, 0x01EC, 0x01EC, 0x01EC, 0x01EC, 0x01EC, 0x01EC, 0x01EC, 0x01EC, 0x01EC, 0x01EC, 0x01EC, 0x01EC, 0x01EC, 0x01EC,   // 0x3530 (13616)
0x01EC, 0x01EC, 0x01EC, 0x01EC, 0x01EC, 0x01EC, 0x01EC, 0x01EC, 0x01EC, 0x01EC, 0x01EC, 0x01EC, 0x01EC, 0x01EC, 0x01EC, 0x01EC,   // 0x3540 (13632)
0x022B, 0x022B, 0x022B, 0x022B, 0x022B, 0x022B, 0x022B, 0x022B, 0x022B, 0x01EC, 0x01EC, 0x01EC, 0x01EC, 0x01EC, 0x01EC, 0x01EC,   // 0x3550 (13648)
0x01EC, 0x01EC, 0x01EC, 0x01EC, 0x01EC, 0x01EC, 0x01EC, 0x01EC, 0x01EC, 0x01EC, 0x01EC, 0x01EC, 0x01EC, 0x01EC, 0x01EC, 0x01EC,   // 0x3560 (13664)
0x01EC, 0x01EC, 0x01EC, 0x01EC, 0x01EC, 0x01EC, 0x01EC, 0x01EC, 0x01EC, 0x01EC, 0x01EC, 0x01EC, 0x01EC, 0x01EC, 0x01EC, 0x01EC,   // 0x3570 (13680)
0x01EC, 0x01EC, 0x01EC, 0x01EC, 0x01EC, 0x020D, 0x024F, 0x0334, 0x045B, 0x045C, 0x045C, 0x045C, 0x045C, 0x045C, 0x045C, 0x045C,   // 0x3580 (13696)
0x045B, 0x045C, 0x045C, 0x045C, 0x045C, 0x045C, 0x045C, 0x045C, 0x045C, 0x045C, 0x045C, 0x045C, 0x045C, 0x045C, 0x045C, 0x045C,   // 0x3590 (13712)
0x045C, 0x045C, 0x045C, 0x045C, 0x045C, 0x045C, 0x045C, 0x045C, 0x045C, 0x045C, 0x045C, 0x045C, 0x045C, 0x045C, 0x045C, 0x045C,   // 0x35A0 (13728)
0x045C, 0x045C, 0x045C, 0x045C, 0x045C, 0x045C, 0x045C, 0x045C, 0x045C, 0x045C, 0x045C, 0x045C, 0x045C, 0x045C, 0x045C, 0x045C,   // 0x35B0 (13744)
0x045C, 0x045C, 0x045C, 0x045C, 0x045C, 0x045C, 0x045C, 0x045C, 0x045C, 0x045C, 0x045C, 0x045C, 0x045C, 0x045C, 0x047B, 0x1595,   // 0x35C0 (13760)
0x1DB4, 0x1DB4, 0x1DB3, 0x1DB3, 0x1DB3, 0x1DB3, 0x1DB3, 0x1D94, 0x049B, 0x045C, 0x045C, 0x045C, 0x045C, 0x045C, 0x045C, 0x045C,   // 0x35D0 (13776)
0x045C, 0x045C, 0x045C, 0x045C, 0x045C, 0x045C, 0x045C, 0x045C, 0x045C, 0x045C, 0x045C, 0x045C, 0x045C, 0x045C, 0x045C, 0x045C,   // 0x35E0 (13792)
0x045C, 0x045C, 0x045C, 0x045C, 0x045C, 0x045C, 0x045C, 0x045C, 0x045C, 0x045C, 0x045C, 0x045C, 0x045C, 0x045C, 0x045C, 0x045C,   // 0x35F0 (13808)
0x045C, 0x045C, 0x045C, 0x045C, 0x045C, 0x045C, 0x045C, 0x045C, 0x045C, 0x045C, 0x045C, 0x045C, 0x045C, 0x045C, 0x045C, 0x045C,   // 0x3600 (13824)
0x045B, 0x045C, 0x045C, 0x045C, 0x045C, 0x045C, 0x045C, 0x045C, 0x045C, 0x045C, 0x045C, 0x045C, 0x045C, 0x045C, 0x045C, 0x045C,   // 0x3610 (13840)
0x045C, 0x045C, 0x045C, 0x045C, 0x045C, 0x045C, 0x045C, 0x045C, 0x045C, 0x045C, 0x045C, 0x045C, 0x045C, 0x045C, 0x045C, 0x045C,   // 0x3620 (13856)
0x045C, 0x045C, 0x045C, 0x045C, 0x045C, 0x045C, 0x045C, 0x045C, 0x045C, 0x045C, 0x045C, 0x045C, 0x045C, 0x045C, 0x045C, 0x045C,   // 0x3630 (13872)
0x045C, 0x045C, 0x045C, 0x045C, 0x045C, 0x045C, 0x045C, 0x045C, 0x045C, 0x045C, 0x045C, 0x045C, 0x045C, 0x045C, 0x1556, 0x1DB4,   // 0x3640 (13888)
0x1DB4, 0x1DB3, 0x1DB3, 0x1DB3, 0x1DB3, 0x1DB3, 0x1DB4, 0x049A, 0x045C, 0x045C, 0x045C, 0x045C, 0x045C, 0x045C, 0x045C, 0x045C,   // 0x3650 (13904)
0x045C, 0x045C, 0x045C, 0x045C, 0x045C, 0x045C, 0x045C, 0x045C, 0x045C, 0x045C, 0x045C, 0x045C, 0x045C, 0x045C, 0x045C, 0x045C,   // 0x3660 (13920)
0x045C, 0x045C, 0x045C, 0x045C, 0x045C, 0x045C, 0x045C, 0x045C, 0x045C, 0x045C, 0x045C, 0x045C, 0x045C, 0x045C, 0x045C, 0x045C,   // 0x3670 (13936)
0x045C, 0x045C, 0x045C, 0x045C, 0x045C, 0x045C, 0x045C, 0x045C, 0x045C, 0x045C, 0x045C, 0x045C, 0x045C, 0x045C, 0x045C, 0x045C,   // 0x3680 (13952)
0x045B, 0x045C, 0x045C, 0x045C, 0x045C, 0x045C, 0x045C, 0x045C, 0x045C, 0x045C, 0x045C, 0x045C, 0x045C, 0x045C, 0x045C, 0x045C,   // 0x3690 (13968)
0x045C, 0x045C, 0x045C, 0x045C, 0x045C, 0x045C, 0x045C, 0x045C, 0x045C, 0x045C, 0x045C, 0x045C, 0x045C, 0x045C, 0x045C, 0x045C,   // 0x36A0 (13984)
0x045C, 0x045C, 0x045C, 0x045C, 0x045C, 0x045C, 0x045C, 0x045C, 0x045C, 0x045C, 0x045C, 0x045C, 0x045C, 0x045C, 0x045C, 0x045C,   // 0x36B0 (14000)
0x045C, 0x045C, 0x045C, 0x045C, 0x045C, 0x045C, 0x045C, 0x045C, 0x045C, 0x045C, 0x045C, 0x045C, 0x045C, 0x0D17, 0x1DB4, 0x1DB4,   // 0x36C0 (14016)
0x1DB4, 0x1DB3, 0x1DB3, 0x1DB3, 0x1DB3, 0x1DB4, 0x04BA, 0x045C, 0x045C, 0x045C, 0x045C, 0x045C, 0x045C, 0x045C, 0x045C, 0x045C,   // 0x36D0 (14032)
0x045C, 0x045C, 0x045C, 0x045C, 0x045C, 0x045C, 0x045C, 0x045C, 0x045C, 0x045C, 0x045C, 0x045C, 0x045C, 0x045C, 0x045C, 0x045C,   // 0x36E0 (14048)
0x045C, 0x045C, 0x045C, 0x045C, 0x045C, 0x045C, 0x045C, 0x045C, 0x045C, 0x045C, 0x045C, 0x045C, 0x045C, 0x045C, 0x045C, 0x045C,   // 0x36F0 (14064)
0x045C, 0x045C, 0x045C, 0x045C, 0x045C, 0x045C, 0x045C, 0x045C, 0x045C, 0x045C, 0x045C, 0x045C, 0x045C, 0x045C, 0x045C, 0x045C,   // 0x3700 (14080)
0x045B, 0x045C, 0x045C, 0x045C, 0x0CBC, 0x3DBD, 0x4E3E, 0x4E3E, 0x4E3E, 0x4E3E, 0x4E3E, 0x4E3E, 0x4E3E, 0x4E3E, 0x4E3E, 0x4E3E,   // 0x3710 (14096)
0x4E3E, 0x4E3E, 0x4E3E, 0x4E3E, 0x4E3E, 0x4E3E, 0x4E3E, 0x4E3E, 0x4E3E, 0x4E3E, 0x4E3E, 0x4E3E, 0x4E3E, 0x4E3E, 0x4E3E, 0x4E3E,   // 0x3720 (14112)
0x4E3E, 0x4E3E, 0x4E3E, 0x4E3E, 0x4E3E, 0x4E3E, 0x4E3E, 0x4E3E, 0x4E3E, 0x4E3E, 0x4E3E, 0x4E3E, 0x4E3E, 0x4E3E, 0x4E3E, 0x4E3E,   // 0x3730 (14128)
0x4E3E, 0x4E3E, 0x4E3E, 0x4E3E, 0x4E3E, 0x4E3E, 0x4E3E, 0x4E3E, 0x4E3E, 0x4E3E, 0x4E3E, 0x4E3E, 0x567C, 0x5EDA, 0x5EDA, 0x5EDA,   // 0x3740 (14144)
0x5EFA, 0x5EFA, 0x5EFA, 0x5EFA, 0x5EFA, 0x567C, 0x4E3E, 0x4E3E, 0x4E3E, 0x4E3E, 0x4E3E, 0x4E3E, 0x4E3E, 0x4E3E, 0x4E3E, 0x4E3E,   // 0x3750 (14160)
0x4E3E, 0x4E3E, 0x4E3E, 0x4E3E, 0x4E3E, 0x4E3E, 0x4E3E, 0x4E3E, 0x4E3E, 0x4E3E, 0x4E3E, 0x4E3E, 0x4E3E, 0x4E3E, 0x4E3E, 0x4E3E,   // 0x3760 (14176)
0x4E3E, 0x4E3E, 0x4E3E, 0x4E3E, 0x4E3E, 0x4E3E, 0x4E3E, 0x4E3E, 0x4E3E, 0x4E3E, 0x4E3E, 0x4E3E, 0x4E3E, 0x4E3E, 0x4E3E, 0x4E3E,   // 0x3770 (14192)
0x4E3E, 0x4E3E, 0x4E3E, 0x4E3E, 0x4E3E, 0x4E3E, 0x4E3E, 0x4E3E, 0x4E3E, 0x4E3E, 0x461D, 0x2D7D, 0x047C, 0x045C, 0x045C, 0x045C,   // 0x3780 (14208)
0x045B, 0x045C, 0x047C, 0x567E, 0x97FF, 0x9FFF, 0x9FFF, 0x9FFF, 0x9FFF, 0x9FFF, 0x9FFF, 0x9FFF, 0x9FFF, 0x9FFF, 0x9FFF, 0x9FFF,   // 0x3790 (14224)
0x9FFF, 0x9FFF, 0x9FFF, 0x9FFF, 0x9FFF, 0x9FFF, 0x9FFF, 0x9FFF, 0x9FFF, 0x9FFF, 0x9FFF, 0x9FFF, 0x9FFF, 0x9FFF, 0x9FFF, 0x9FFF,   // 0x37A0 (14240)
0x9FFF, 0x9FFF, 0x9FFF, 0x9FFF, 0x9FFF, 0x9FFF, 0x9FFF, 0x9FFF, 0x9FFF, 0x9FFF, 0x9FFF, 0x9FFF, 0x9FFF, 0x9FFF, 0x9FFF, 0x9FFF,   // 0x37B0 (14256)
0x9FFF, 0x9FFF, 0x9FFF, 0x9FFF, 0x9FFF, 0x9FFF, 0x9FFF, 0x9FFF, 0x9FFF, 0x9FFF, 0x9FFF, 0x9FFF, 0x9FFF, 0x9FFF, 0x9FFF, 0x9FFF,   // 0x37C0 (14272)
0x9FFF, 0x9FFF, 0x9FFF, 0x9FFF, 0x9FFF, 0x9FFF, 0x9FFF, 0x9FFF, 0x9FFF, 0x9FFF, 0x9FFF, 0x9FFF, 0x9FFF, 0x9FFF, 0x9FFF, 0x9FFF,   // 0x37D0 (14288)
0x9FFF, 0x9FFF, 0x9FFF, 0x9FFF, 0x9FFF, 0x9FFF, 0x9FFF, 0x9FFF, 0x9FFF, 0x9FFF, 0x9FFF, 0x9FFF, 0x9FFF, 0x9FFF, 0x9FFF, 0x9FFF,   // 0x37E0 (14304)
0x9FFF, 0x9FFF, 0x9FFF, 0x9FFF, 0x9FFF, 0x9FFF, 0x9FFF, 0x9FFF, 0x9FFF, 0x9FFF, 0x9FFF, 0x9FFF, 0x9FFF, 0x9FFF, 0x9FFF, 0x9FFF,   // 0x37F0 (14320)
0x9FFF, 0x9FFF, 0x9FFF, 0x9FFF, 0x9FFF, 0x9FFF, 0x9FFF, 0x9FFF, 0x9FFF, 0x9FFF, 0x9FFF, 0x9FFF, 0x8F9F, 0x2D7D, 0x045C, 0x045C,   // 0x3800 (14336)
0x045B, 0x047C, 0x6EFE, 0x9FFF, 0x9FFF, 0x9FFF, 0x9FFF, 0x9FFF, 0x9FFF, 0x9FFF, 0x9FFF, 0x9FFF, 0x9FFF, 0x9FFF, 0x9FFF, 0x9FFF,   // 0x3810 (14352)
0x9FFF, 0x9FFF, 0x9FFF, 0x9FFF, 0x9FFF, 0x9FFF, 0x9FFF, 0x9FFF, 0x9FFF, 0x9FFF, 0x9FFF, 0x9FFF, 0x9FFF, 0x9FFF, 0x9FFF, 0x9FFF,   // 0x3820 (14368)
0x9FFF, 0x9FFF, 0x9FFF, 0x9FFF, 0x9FFF, 0x9FFF, 0x9FFF, 0x9FFF, 0x9FFF, 0x9FFF, 0x9FFF, 0x9FFF, 0x9FFF, 0x9FFF, 0x9FFF, 0x9FFF,   // 0x3830 (14384)
0x9FFF, 0x9FFF, 0x9FFF, 0x9FFF, 0x9FFF, 0x9FFF, 0x9FFF, 0x9FFF, 0x9FFF, 0x9FFF, 0x9FFF, 0x9FFF, 0x9FFF, 0x9FFF, 0x9FFF, 0x9FFF,   // 0x3840 (14400)
0x9FFF, 0x9FFF, 0x9FFF, 0x9FFF, 0x9FFF, 0x9FFF, 0x9FFF, 0x9FFF, 0x9FFF, 0x9FFF, 0x9FFF, 0x9FFF, 0x9FFF, 0x9FFF, 0x9FFF, 0x9FFF,   // 0x3850 (14416)
0x9FFF, 0x9FFF, 0x9FFF, 0x9FFF, 0x9FFF, 0x9FFF, 0x9FFF, 0x9FFF, 0x9FFF, 0x9FFF, 0x9FFF, 0x9FFF, 0x9FFF, 0x9FFF, 0x9FFF, 0x9FFF,   // 0x3860 (14432)
0x9FFF, 0x9FFF, 0x9FFF, 0x9FFF, 0x9FFF, 0x9FFF, 0x9FFF, 0x9FFF, 0x9FFF, 0x9FFF, 0x9FFF, 0x9FFF, 0x653C, 0x4BDA, 0x5CDC, 0x4BBA,   // 0x3870 (14448)
0x4BFB, 0x86FE, 0x9FFF, 0x9FFF, 0x9FFF, 0x9FFF, 0x9FFF, 0x9FFF, 0x9FFF, 0x9FFF, 0x9FFF, 0x9FFF, 0x9FFF, 0x9FFF, 0x3DBD, 0x045C,   // 0x3880 (14464)
0x045B, 0x45FD, 0x9FFF, 0x9FFF, 0x9FFF, 0x9FFF, 0x9FFF, 0x9FFF, 0x9FFF, 0x9FFF, 0x9FFF, 0x9FFF, 0x9FFF, 0x9FFF, 0x9FFF, 0x9FFF,   // 0x3890 (14480)
0x9FFF, 0x9FFF, 0x9FFF, 0x9FFF, 0x9FFF, 0x9FFF, 0x9FFF, 0x9FFF, 0x9FFF, 0x9FFF, 0x9FFF, 0x9FFF, 0x9FFF, 0x9FFF, 0x9FFF, 0x9FFF,   // 0x38A0 (14496)
0x9FFF, 0x9FFF, 0x9FFF, 0x9FFF, 0x9FFF, 0x9FFF, 0x9FFF, 0x9FFF, 0x9FFF, 0x9FFF, 0x9FFF, 0x9FFF, 0x9FFF, 0x9FFF, 0x9FFF, 0x9FFF,   // 0x38B0 (14512)
0x9FFF, 0x9FFF, 0x9FFF, 0x9FFF, 0x9FFF, 0x9FFF, 0x9FFF, 0x9FFF, 0x9FFF, 0x9FFF, 0x9FFF, 0x9FFF, 0x9FFF, 0x9FFF, 0x9FFF, 0x9FFF,   // 0x38C0 (14528)
0x9FFF, 0x9FFF, 0x9FFF, 0x9FFF, 0x9FFF, 0x9FFF, 0x9FFF, 0x9FFF, 0x9FFF, 0x9FFF, 0x9FFF, 0x9FFF, 0x9FFF, 0x9FFF, 0x9FFF, 0x9FFF,   // 0x38D0 (14544)
0x9FFF, 0x9FFF, 0x9FFF, 0x9FFF, 0x9FFF, 0x9FFF, 0x9FFF, 0x9FFF, 0x9FFF, 0x9FFF, 0x9FFF, 0x9FFF, 0x9FFF, 0x9FFF, 0x9FFF, 0x9FFF,   // 0x38E0 (14560)
0x9FFF, 0x9FFF, 0x9FFF, 0x9FFF, 0x9FFF, 0x9FFF, 0x9FFF, 0x9FFF, 0x9FFF, 0x9FFF, 0x9FFF, 0x3AF9, 0x0816, 0x6319, 0x2117, 0x1096,   // 0x38F0 (14576)
0xB59D, 0x1937, 0x9FFF, 0x9FFF, 0x9FFF, 0x9FFF, 0x9FFF, 0x9FFF, 0x9FFF, 0x9FFF, 0x9FFF, 0x9FFF, 0x9FFF, 0x9FFF, 0x97DF, 0x14DC,   // 0x3900 (14592)
0x045B, 0x879F, 0x9FFF, 0x9FFF, 0x9FFF, 0x9FFF, 0x9FFF, 0x8F1E, 0x75FD, 0x75FD, 0x8F1E, 0x9FFF, 0x9FFF, 0x97BF, 0x86DE, 0x86DE,   // 0x3910 (14608)
0x86FE, 0x9FFF, 0x9FFF, 0x9FFF, 0x9FFF, 0x8F5F, 0x86DE, 0x86DE, 0x8F3F, 0x9FFF, 0x9FFF, 0x9FFF, 0x8F5F, 0x75FD, 0x75DD, 0x86FE,   // 0x3920 (14624)
0x9FFF, 0x9FFF, 0x9FFF, 0x8F3F, 0x86DE, 0x86DE, 0x8F5F, 0x9FFF, 0x979F, 0x86DE, 0x86DE, 0x86FE, 0x97BF, 0x86FE, 0x86DE, 0x86DE,   // 0x3930 (14640)
0x86DE, 0x86DE, 0x86DE, 0x86DE, 0x979F, 0x9FFF, 0x9FFF, 0x9FFF, 0x97DF, 0x86FE, 0x86DE, 0x86FE, 0x97DF, 0x9FFF, 0x8F5F, 0x86DE,   // 0x3940 (14656)
0x86DE, 0x8F5F, 0x9FFF, 0x9FFF, 0x9FFF, 0x86DE, 0x75DD, 0x761D, 0x8F7F, 0x9FFF, 0x9FFF, 0x9FFF, 0x9FFF, 0x9FFF, 0x9FFF, 0x97DF,   // 0x3950 (14672)
0x86FE, 0x86DE, 0x86DE, 0x86DE, 0x86DE, 0x8F3F, 0x9FFF, 0x9FFF, 0x9FFF, 0x9FFF, 0x9FFF, 0x8F3F, 0x75FD, 0x75DD, 0x86DE, 0x9FFF,   // 0x3960 (14688)
0x9FFF, 0x8F7F, 0x86DE, 0x86DE, 0x86DE, 0x86DE, 0x86DE, 0x86DE, 0x86DE, 0x871E, 0x7E7E, 0x0816, 0x4218, 0xFFFF, 0xFFFF, 0xD69E,   // 0x3970 (14704)
0xA51C, 0x0816, 0x97BF, 0x9FFF, 0x9FFF, 0x97DF, 0x7E7E, 0x75DD, 0x7E5E, 0x97DF, 0x9FFF, 0x9FFF, 0x9FFF, 0x9FFF, 0x9FFF, 0x567E,   // 0x3980 (14720)
0x3DDD, 0x9FFF, 0x9FFF, 0x9FFF, 0x9FFF, 0x7E3D, 0x21B8, 0x1096, 0x1096, 0x1096, 0x0816, 0x29D8, 0x5CBB, 0x0876, 0x0816, 0x0816,   // 0x3990 (14736)
0x0816, 0x2198, 0x97BF, 0x9FFF, 0x545B, 0x0816, 0x0816, 0x0816, 0x0816, 0x435A, 0x7E9E, 0x2A18, 0x0816, 0x1096, 0x1096, 0x0816,   // 0x39A0 (14752)
0x2178, 0x6DBD, 0x4BBA, 0x0816, 0x0816, 0x0816, 0x0816, 0x3299, 0x0856, 0x0816, 0x0816, 0x0816, 0x0836, 0x0816, 0x0816, 0x0816,   // 0x39B0 (14768)
0x0816, 0x0816, 0x0816, 0x0816, 0x0836, 0x6D7C, 0x9FFF, 0x979F, 0x2157, 0x0816, 0x0816, 0x0816, 0x18F7, 0x4BBA, 0x0816, 0x0816,   // 0x39C0 (14784)
0x0816, 0x0816, 0x547B, 0x6D5C, 0x1937, 0x0816, 0x1096, 0x1096, 0x0816, 0x3239, 0x86BE, 0x9FFF, 0x9FFF, 0x9FFF, 0x8F3E, 0x18F7,   // 0x39D0 (14800)
0x0816, 0x0816, 0x0816, 0x0816, 0x0816, 0x0816, 0x18F7, 0x651C, 0x9FFF, 0x7E9E, 0x29F8, 0x0816, 0x1096, 0x1096, 0x0816, 0x1957,   // 0x39E0 (14816)
0x433A, 0x0816, 0x0816, 0x0816, 0x0816, 0x0816, 0x0816, 0x0816, 0x0816, 0x0816, 0x1076, 0x0816, 0x0816, 0x0816, 0x0816, 0x5299,   // 0x39F0 (14832)
0x0816, 0x10D7, 0x9FFF, 0x97DF, 0x4BDA, 0x1076, 0x1096, 0x1096, 0x0816, 0x0876, 0x435A, 0x979F, 0x9FFF, 0x9FFF, 0x9FFF, 0x773F,   // 0x3A00 (14848)
0x565E, 0x9FFF, 0x9FFF, 0x9FFF, 0x6DBD, 0x0836, 0xA51C, 0xFFFF, 0xFFFF, 0xFFFF, 0xFFFF, 0x3198, 0x0816, 0x0816, 0x0816, 0xFFFF,   // 0x3A10 (14864)
0xFFFF, 0x739A, 0x75DD, 0x9FFF, 0x1917, 0x0816, 0xFFFF, 0xFFFF, 0x949B, 0x0816, 0x0856, 0xA51C, 0xFFFF, 0xFFFF, 0xFFFF, 0xFFFF,   // 0x3A20 (14880)
0xA51C, 0x0816, 0x0816, 0x0816, 0xFFFF, 0xFFFF, 0x739A, 0x0816, 0x0816, 0x841B, 0xFFFF, 0xFFFF, 0x0816, 0xFFFF, 0xFFFF, 0xFFFF,   // 0x3A30 (14896)
0xFFFF, 0xFFFF, 0xFFFF, 0xD69E, 0x0816, 0x3259, 0x9FFF, 0x6D7C, 0x0816, 0x0816, 0xFFFF, 0xFFFF, 0x949B, 0x0816, 0x0816, 0x6319,   // 0x3A40 (14912)
0xFFFF, 0xFFFF, 0x0836, 0x0816, 0xA51C, 0xFFFF, 0xFFFF, 0xFFFF, 0xFFFF, 0xA51C, 0x1076, 0x7E7E, 0x9FFF, 0x9FFF, 0x5CBC, 0x0816,   // 0x3A50 (14928)
0x0816, 0xFFFF, 0xFFFF, 0xFFFF, 0xFFFF, 0xFFFF, 0xFFFF, 0x841B, 0x437A, 0x0856, 0xA51C, 0xFFFF, 0xFFFF, 0xFFFF, 0xFFFF, 0xA51C,   // 0x3A60 (14944)
0x0816, 0xA51C, 0xFFFF, 0xFFFF, 0xFFFF, 0xFFFF, 0xFFFF, 0xFFFF, 0xFFFF, 0x3198, 0x0816, 0x0816, 0x0816, 0xC61D, 0xFFFF, 0xFFFF,   // 0x3A70 (14960)
0x3198, 0x433A, 0x97DF, 0x2A18, 0xA51C, 0xFFFF, 0xFFFF, 0xFFFF, 0xFFFF, 0xA51C, 0x0816, 0x2198, 0x979F, 0x9FFF, 0x9FFF, 0x877F,   // 0x3A80 (14976)
0x565E, 0x9FFF, 0x9FFF, 0x979F, 0x10B7, 0x739A, 0xFFFF, 0xFFFF, 0xFFFF, 0xFFFF, 0xFFFF, 0xFFFF, 0x3198, 0x0816, 0x0816, 0xFFFF,   // 0x3A90 (14992)
0xFFFF, 0x739A, 0x6DBD, 0x9FFF, 0x10D7, 0x0816, 0xFFFF, 0xFFFF, 0x949B, 0x0816, 0x739A, 0xFFFF, 0xFFFF, 0xFFFF, 0xFFFF, 0xFFFF,   // 0x3AA0 (15008)
0xFFFF, 0x739A, 0x0816, 0x0816, 0xFFFF, 0xFFFF, 0x739A, 0x0816, 0x0816, 0x841B, 0xFFFF, 0xFFFF, 0x0816, 0xFFFF, 0xFFFF, 0xFFFF,   // 0x3AB0 (15024)
0xFFFF, 0xFFFF, 0xFFFF, 0xD69E, 0x0816, 0x2A38, 0x9FFF, 0x6D5C, 0x0816, 0x0816, 0xFFFF, 0xFFFF, 0xFFFF, 0x2117, 0x0816, 0x6319,   // 0x3AC0 (15040)
0xFFFF, 0xFFFF, 0x0816, 0x739A, 0xFFFF, 0xFFFF, 0xFFFF, 0xFFFF, 0xFFFF, 0xFFFF, 0x739A, 0x1937, 0x97DF, 0x9FFF, 0x5C9B, 0x0816,   // 0x3AD0 (15056)
0x0816, 0xFFFF, 0xFFFF, 0xFFFF, 0xFFFF, 0xFFFF, 0xFFFF, 0xFFFF, 0x3198, 0x739A, 0xFFFF, 0xFFFF, 0xFFFF, 0xFFFF, 0xFFFF, 0xFFFF,   // 0x3AE0 (15072)
0x739A, 0xA51C, 0xFFFF, 0xFFFF, 0xFFFF, 0xFFFF, 0xFFFF, 0xFFFF, 0xFFFF, 0x3198, 0x0816, 0x0816, 0x1096, 0xFFFF, 0xFFFF, 0xFFFF,   // 0x3AF0 (15088)
0x841B, 0x2198, 0x543B, 0x739A, 0xFFFF, 0xFFFF, 0xFFFF, 0xFFFF, 0xFFFF, 0xFFFF, 0x739A, 0x0816, 0x435A, 0x9FFF, 0x9FFF, 0x877F,   // 0x3B00 (15104)
0x565E, 0x9FFF, 0x9FFF, 0x5CBC, 0x1096, 0xFFFF, 0xFFFF, 0xD69E, 0x1096, 0x3198, 0xFFFF, 0xFFFF, 0x949B, 0x0816, 0x0816, 0xFFFF,   // 0x3B10 (15120)
0xFFFF, 0x739A, 0x6DBD, 0x9FFF, 0x10D7, 0x0816, 0xFFFF, 0xFFFF, 0x949B, 0x2117, 0xFFFF, 0xFFFF, 0xD69E, 0x1096, 0x2117, 0xD69E,   // 0x3B20 (15136)
0xFFFF, 0xFFFF, 0x1096, 0x0816, 0xFFFF, 0xFFFF, 0x739A, 0x0816, 0x0816, 0x841B, 0xFFFF, 0xFFFF, 0x0816, 0xFFFF, 0xFFFF, 0x739A,   // 0x3B30 (15152)
0x1096, 0x1096, 0x1096, 0x1096, 0x0816, 0x3239, 0x9FFF, 0x6D5C, 0x0816, 0x0816, 0xFFFF, 0xFFFF, 0xFFFF, 0xC61D, 0x0816, 0x6319,   // 0x3B40 (15168)
0xFFFF, 0xFFFF, 0x2117, 0xFFFF, 0xFFFF, 0xD69E, 0x1096, 0x2117, 0xD69E, 0xFFFF, 0xFFFF, 0x1096, 0x6D7C, 0x9FFF, 0x5C9B, 0x0816,   // 0x3B50 (15184)
0x0816, 0xFFFF, 0xFFFF, 0x841B, 0x0816, 0x2117, 0xFFFF, 0xFFFF, 0x4218, 0xFFFF, 0xFFFF, 0xD69E, 0x1096, 0x2117, 0xD69E, 0xFFFF,   // 0x3B60 (15200)
0xFFFF, 0x6319, 0x6319, 0x6319, 0xFFFF, 0xFFFF, 0x841B, 0x6319, 0x6319, 0x0816, 0x0816, 0x0816, 0x739A, 0xFFFF, 0xFFFF, 0xFFFF,   // 0x3B70 (15216)
0xD69E, 0x0816, 0x2977, 0xFFFF, 0xFFFF, 0xD69E, 0x1096, 0x2117, 0xD69E, 0xFFFF, 0xFFFF, 0x1096, 0x0836, 0x977F, 0x9FFF, 0x877F,   // 0x3B80 (15232)
0x565E, 0x9FFF, 0x9FFF, 0x3AB9, 0x5299, 0xFFFF, 0xFFFF, 0x4218, 0x0816, 0x0816, 0x841B, 0x4218, 0x0816, 0x0816, 0x0816, 0xFFFF,   // 0x3B90 (15248)
0xFFFF, 0x739A, 0x6DBD, 0x9FFF, 0x10D7, 0x0816, 0xFFFF, 0xFFFF, 0x949B, 0x6319, 0xFFFF, 0xFFFF, 0x4218, 0x0816, 0x0816, 0x3198,   // 0x3BA0 (15264)
0xFFFF, 0xFFFF, 0x4218, 0x0816, 0xFFFF, 0xFFFF, 0x739A, 0x0816, 0x0816, 0x841B, 0xFFFF, 0xFFFF, 0x0816, 0xFFFF, 0xFFFF, 0x739A,   // 0x3BB0 (15280)
0x3198, 0x3198, 0x3198, 0x3198, 0x0816, 0x541B, 0x9FFF, 0x6D5C, 0x0816, 0x0816, 0xFFFF, 0xFFFF, 0xFFFF, 0xFFFF, 0x5299, 0x6319,   // 0x3BC0 (15296)
0xFFFF, 0xFFFF, 0x6319, 0xFFFF, 0xFFFF, 0x4218, 0x0816, 0x0816, 0x3198, 0xFFFF, 0xFFFF, 0x4218, 0x437A, 0x9FFF, 0x5C9B, 0x0816,   // 0x3BD0 (15312)
0x0816, 0xFFFF, 0xFFFF, 0x841B, 0x0816, 0x3198, 0xFFFF, 0xFFFF, 0x6319, 0xFFFF, 0xFFFF, 0x4218, 0x0816, 0x0816, 0x3198, 0xFFFF,   // 0x3BE0 (15328)
0xFFFF, 0x4218, 0x0816, 0x0816, 0xFFFF, 0xFFFF, 0x841B, 0x0816, 0x0816, 0x0816, 0x0816, 0x0816, 0xC61D, 0xFFFF, 0x5299, 0xFFFF,   // 0x3BF0 (15344)
0xFFFF, 0x3198, 0x6319, 0xFFFF, 0xFFFF, 0x4218, 0x0816, 0x0816, 0x3198, 0xFFFF, 0xFFFF, 0x4218, 0x0816, 0x6DBD, 0x9FFF, 0x877F,   // 0x3C00 (15360)
0x565E, 0x9FFF, 0x9FFF, 0x2198, 0x5299, 0xFFFF, 0xFFFF, 0x2117, 0x0816, 0x0816, 0x0816, 0x0816, 0x0816, 0x0816, 0x0816, 0xFFFF,   // 0x3C10 (15376)
0xFFFF, 0x739A, 0x6DBD, 0x9FFF, 0x10D7, 0x0816, 0xFFFF, 0xFFFF, 0x949B, 0x6319, 0xFFFF, 0xFFFF, 0x2117, 0x0816, 0x0816, 0x2117,   // 0x3C20 (15392)
0xFFFF, 0xFFFF, 0x4218, 0x0816, 0xFFFF, 0xFFFF, 0x739A, 0x0816, 0x0816, 0x841B, 0xFFFF, 0xFFFF, 0x0816, 0xFFFF, 0xFFFF, 0xFFFF,   // 0x3C30 (15408)
0xFFFF, 0xFFFF, 0xFFFF, 0x841B, 0x0816, 0x5CBB, 0x9FFF, 0x6D5C, 0x0816, 0x0816, 0xFFFF, 0xFFFF, 0x841B, 0xFFFF, 0xD69E, 0x6319,   // 0x3C40 (15424)
0xFFFF, 0xFFFF, 0x6319, 0xFFFF, 0xFFFF, 0x2117, 0x0816, 0x0816, 0x2117, 0xFFFF, 0xFFFF, 0x4218, 0x3259, 0x9FFF, 0x5C9B, 0x0816,   // 0x3C50 (15440)
0x0816, 0xFFFF, 0xFFFF, 0xFFFF, 0xFFFF, 0xFFFF, 0xFFFF, 0x6319, 0x6319, 0xFFFF, 0xFFFF, 0x2117, 0x0816, 0x0816, 0x2117, 0xFFFF,   // 0x3C60 (15456)
0xFFFF, 0x4218, 0x0816, 0x0816, 0xFFFF, 0xFFFF, 0x841B, 0x0816, 0x18F7, 0x3259, 0x0816, 0x1096, 0xFFFF, 0xFFFF, 0x1096, 0xB59D,   // 0x3C70 (15472)
0xFFFF, 0x841B, 0x6319, 0xFFFF, 0xFFFF, 0x2117, 0x0816, 0x0816, 0x2117, 0xFFFF, 0xFFFF, 0x4218, 0x0816, 0x5C9B, 0x9FFF, 0x877F,   // 0x3C80 (15488)
0x565E, 0x9FFF, 0x9FFF, 0x1957, 0x5299, 0xFFFF, 0xFFFF, 0x2117, 0x0816, 0x1076, 0x0816, 0x0816, 0x0816, 0x0816, 0x0816, 0xFFFF,   // 0x3C90 (15504)
0xFFFF, 0x739A, 0x6DBD, 0x9FFF, 0x10D7, 0x0816, 0xFFFF, 0xFFFF, 0x949B, 0x6319, 0xFFFF, 0xFFFF, 0x2117, 0x0816, 0x0816, 0x2117,   // 0x3CA0 (15520)
0xFFFF, 0xFFFF, 0x4218, 0x0816, 0xFFFF, 0xFFFF, 0x739A, 0x0816, 0x0816, 0x841B, 0xFFFF, 0xFFFF, 0x0816, 0xFFFF, 0xFFFF, 0xB59D,   // 0x3CB0 (15536)
0xB59D, 0xB59D, 0xB59D, 0xB59D, 0x0816, 0x5C9B, 0x9FFF, 0x6D5C, 0x0816, 0x0816, 0xFFFF, 0xFFFF, 0x4218, 0xFFFF, 0xFFFF, 0xFFFF,   // 0x3CC0 (15552)
0xFFFF, 0xFFFF, 0x6319, 0xFFFF, 0xFFFF, 0x2117, 0x0836, 0x0816, 0x2117, 0xFFFF, 0xFFFF, 0x4218, 0x29F8, 0x9FFF, 0x5C9B, 0x0816,   // 0x3CD0 (15568)
0x0816, 0xFFFF, 0xFFFF, 0xFFFF, 0xC61D, 0xD69E, 0xFFFF, 0xFFFF, 0x6319, 0xFFFF, 0xFFFF, 0x2117, 0x0816, 0x0836, 0x2117, 0xFFFF,   // 0x3CE0 (15584)
0xFFFF, 0x4218, 0x0816, 0x0816, 0xFFFF, 0xFFFF, 0x841B, 0x0816, 0x3AB9, 0x5CDC, 0x0816, 0x6319, 0xFFFF, 0xD69E, 0x0816, 0x739A,   // 0x3CF0 (15600)
0xFFFF, 0xD69E, 0x6319, 0xFFFF, 0xFFFF, 0x2117, 0x0816, 0x0836, 0x2117, 0xFFFF, 0xFFFF, 0x4218, 0x0816, 0x543B, 0x9FFF, 0x877F,   // 0x3D00 (15616)
0x565E, 0x9FFF, 0x9FFF, 0x21B8, 0x3198, 0xFFFF, 0xFFFF, 0x4218, 0x0816, 0x0816, 0x841B, 0xA51C, 0x4218, 0x0816, 0x0816, 0xFFFF,   // 0x3D10 (15632)
0xFFFF, 0x739A, 0x18F7, 0x2178, 0x0836, 0x0816, 0xFFFF, 0xFFFF, 0x949B, 0x6319, 0xFFFF, 0xFFFF, 0x4218, 0x4218, 0xFFFF, 0x4218,   // 0x3D20 (15648)
0xFFFF, 0xFFFF, 0x4218, 0x0816, 0xFFFF, 0xFFFF, 0x739A, 0x0816, 0x0816, 0x841B, 0xFFFF, 0xFFFF, 0x0816, 0xFFFF, 0xFFFF, 0x739A,   // 0x3D30 (15664)
0x0816, 0x0816, 0x0816, 0x0816, 0x0816, 0x64FC, 0x9FFF, 0x6D5C, 0x0816, 0x0816, 0xFFFF, 0xFFFF, 0x4218, 0x6319, 0xFFFF, 0xFFFF,   // 0x3D40 (15680)
0xFFFF, 0xFFFF, 0x4218, 0xFFFF, 0xFFFF, 0x4218, 0x0816, 0x0816, 0x4218, 0xFFFF, 0xFFFF, 0x3198, 0x3259, 0x9FFF, 0x5C9B, 0x0816,   // 0x3D50 (15696)
0x0816, 0xFFFF, 0xFFFF, 0x841B, 0x0816, 0x0816, 0xD69E, 0xFFFF, 0xB59D, 0xFFFF, 0xFFFF, 0x4218, 0x0816, 0x0816, 0x4218, 0xFFFF,   // 0x3D60 (15712)
0xFFFF, 0x3198, 0x0816, 0x0816, 0xFFFF, 0xFFFF, 0x841B, 0x0816, 0x3AB9, 0x3239, 0x0816, 0xB59D, 0xFFFF, 0xFFFF, 0xB59D, 0xB59D,   // 0x3D70 (15728)
0xFFFF, 0xFFFF, 0x4218, 0xFFFF, 0xFFFF, 0x4218, 0x0816, 0x0816, 0x4218, 0xFFFF, 0xFFFF, 0x3198, 0x0816, 0x5CBB, 0x9FFF, 0x877F,   // 0x3D80 (15744)
0x565E, 0x9FFF, 0x9FFF, 0x3B1A, 0x0816, 0xFFFF, 0xFFFF, 0xD69E, 0x0816, 0x1096, 0xFFFF, 0xFFFF, 0xA51C, 0x0816, 0x0816, 0xFFFF,   // 0x3D90 (15760)
0xFFFF, 0x739A, 0x5299, 0x5299, 0x5299, 0x5299, 0xFFFF, 0xFFFF, 0x949B, 0x1096, 0xFFFF, 0xFFFF, 0xD69E, 0x1096, 0xFFFF, 0xFFFF,   // 0x3DA0 (15776)
0xFFFF, 0xFFFF, 0x0816, 0x0816, 0xC61D, 0xFFFF, 0xFFFF, 0x1096, 0x1096, 0xFFFF, 0xFFFF, 0xD69E, 0x0816, 0xFFFF, 0xFFFF, 0x739A,   // 0x3DB0 (15792)
0x2117, 0x2117, 0x2117, 0x2117, 0x0816, 0x3239, 0x9FFF, 0x6D5C, 0x0816, 0x0816, 0xFFFF, 0xFFFF, 0x4218, 0x0816, 0xD69E, 0xFFFF,   // 0x3DC0 (15808)
0xFFFF, 0xFFFF, 0x0816, 0xFFFF, 0xFFFF, 0xD69E, 0x0816, 0x0816, 0xD69E, 0xFFFF, 0xFFFF, 0x0816, 0x4B9A, 0x9FFF, 0x5C9B, 0x0816,   // 0x3DD0 (15824)
0x0816, 0xFFFF, 0xFFFF, 0x841B, 0x0816, 0x1096, 0xFFFF, 0xFFFF, 0xB59D, 0xFFFF, 0xFFFF, 0xD69E, 0x0816, 0x0816, 0xD69E, 0xFFFF,   // 0x3DE0 (15840)
0xFFFF, 0x0816, 0x0816, 0x0816, 0xFFFF, 0xFFFF, 0x841B, 0x0816, 0x2A38, 0x0836, 0x1096, 0xFFFF, 0xFFFF, 0xFFFF, 0xFFFF, 0xFFFF,   // 0x3DF0 (15856)
0xFFFF, 0xFFFF, 0x739A, 0xFFFF, 0xFFFF, 0xD69E, 0x0816, 0x0816, 0xD69E, 0xFFFF, 0xFFFF, 0x0816, 0x0816, 0x75FD, 0x9FFF, 0x877F,   // 0x3E00 (15872)
0x565E, 0x9FFF, 0x9FFF, 0x6D9D, 0x0816, 0x6319, 0xFFFF, 0xFFFF, 0xFFFF, 0xFFFF, 0xFFFF, 0xFFFF, 0x3198, 0x0816, 0x0816, 0xFFFF,   // 0x3E10 (15888)
0xFFFF, 0xFFFF, 0xFFFF, 0xFFFF, 0xFFFF, 0x841B, 0xFFFF, 0xFFFF, 0x949B, 0x0816, 0x841B, 0xFFFF, 0xFFFF, 0xFFFF, 0xFFFF, 0xFFFF,   // 0x3E20 (15904)
0xFFFF, 0x6319, 0x0816, 0x0816, 0x6319, 0xFFFF, 0xFFFF, 0xFFFF, 0xFFFF, 0xFFFF, 0xFFFF, 0x6319, 0x0816, 0xFFFF, 0xFFFF, 0xFFFF,   // 0x3E30 (15920)
0xFFFF, 0xFFFF, 0xFFFF, 0xFFFF, 0x0816, 0x1937, 0x9FFF, 0x6D5C, 0x0816, 0x0816, 0xFFFF, 0xFFFF, 0x4218, 0x0816, 0x3198, 0xFFFF,   // 0x3E40 (15936)
0xFFFF, 0xFFFF, 0x0816, 0x739A, 0xFFFF, 0xFFFF, 0xFFFF, 0xFFFF, 0xFFFF, 0xFFFF, 0x841B, 0x0816, 0x75FD, 0x9FFF, 0x5C9B, 0x0816,   // 0x3E50 (15952)
0x0816, 0xFFFF, 0xFFFF, 0xFFFF, 0xFFFF, 0xFFFF, 0xFFFF, 0xFFFF, 0x739A, 0x739A, 0xFFFF, 0xFFFF, 0xFFFF, 0xFFFF, 0xFFFF, 0xFFFF,   // 0x3E60 (15968)
0x841B, 0x0816, 0x2198, 0x0816, 0xFFFF, 0xFFFF, 0x841B, 0x0816, 0x0836, 0x0816, 0x6319, 0xFFFF, 0xFFFF, 0x5299, 0x5299, 0x5299,   // 0x3E70 (15984)
0xC61D, 0xFFFF, 0xC61D, 0x739A, 0xFFFF, 0xFFFF, 0xFFFF, 0xFFFF, 0xFFFF, 0xFFFF, 0x841B, 0x0816, 0x1096, 0x97BF, 0x9FFF, 0x877F,   // 0x3E80 (16000)
0x4E3E, 0x9FFF, 0x9FFF, 0x97FF, 0x2198, 0x0816, 0x949B, 0xFFFF, 0xFFFF, 0xFFFF, 0xFFFF, 0x0816, 0x0816, 0x0816, 0x0816, 0xFFFF,   // 0x3E90 (16016)
0xFFFF, 0xFFFF, 0xFFFF, 0xFFFF, 0xFFFF, 0x841B, 0xFFFF, 0xFFFF, 0x949B, 0x0816, 0x0816, 0x841B, 0xFFFF, 0xFFFF, 0xFFFF, 0xFFFF,   // 0x3EA0 (16032)
0xFFFF, 0xFFFF, 0x949B, 0x0816, 0x0816, 0xA51C, 0xFFFF, 0xFFFF, 0xFFFF, 0xFFFF, 0x949B, 0x0816, 0x0816, 0xFFFF, 0xFFFF, 0xFFFF,   // 0x3EB0 (16048)
0xFFFF, 0xFFFF, 0xFFFF, 0xFFFF, 0x0816, 0x1937, 0x9FFF, 0x6D5C, 0x0816, 0x0816, 0xFFFF, 0xFFFF, 0x4218, 0x0816, 0x0816, 0xA51C,   // 0x3EC0 (16064)
0xFFFF, 0xFFFF, 0x0816, 0x0816, 0x841B, 0xFFFF, 0xFFFF, 0xFFFF, 0xFFFF, 0x739A, 0x0816, 0x29F8, 0x9FFF, 0x9FFF, 0x5C9B, 0x0816,   // 0x3ED0 (16080)
0x0816, 0xFFFF, 0xFFFF, 0xFFFF, 0xFFFF, 0xFFFF, 0xD69E, 0x949B, 0x0816, 0x0816, 0x841B, 0xFFFF, 0xFFFF, 0xFFFF, 0xFFFF, 0x739A,   // 0x3EE0 (16096)
0x0816, 0x1076, 0x651C, 0x0816, 0xFFFF, 0xFFFF, 0x841B, 0x0816, 0x0816, 0x0816, 0xB59D, 0xFFFF, 0xD69E, 0x0816, 0x0816, 0x0816,   // 0x3EF0 (16112)
0x841B, 0xFFFF, 0xFFFF, 0x1096, 0x841B, 0xFFFF, 0xFFFF, 0xFFFF, 0xFFFF, 0x739A, 0x0816, 0x0816, 0x543B, 0x9FFF, 0x9FFF, 0x7F5F,   // 0x3F00 (16128)
0x255D, 0x9FFF, 0x9FFF, 0x9FFF, 0x86DE, 0x10B7, 0x0816, 0x0816, 0x2117, 0x2117, 0x0816, 0x0816, 0x0816, 0x0816, 0x0816, 0x0816,   // 0x3F10 (16144)
0x0816, 0x0816, 0x0816, 0x0816, 0x0816, 0x0816, 0x0816, 0x0816, 0x0816, 0x0836, 0x18F7, 0x0816, 0x2117, 0x2117, 0x2117, 0x0816,   // 0x3F20 (16160)
0x1096, 0xD69E, 0x2117, 0x0816, 0x0816, 0x0816, 0x0816, 0x2117, 0x2117, 0x0816, 0x0816, 0x1076, 0x0816, 0x0816, 0x0816, 0x0816,   // 0x3F30 (16176)
0x0816, 0x0816, 0x0816, 0x0816, 0x0816, 0x2198, 0x9FFF, 0x6DBD, 0x0816, 0x0816, 0x0816, 0x0816, 0x0816, 0x0816, 0x0816, 0x0816,   // 0x3F40 (16192)
0x0816, 0x0816, 0x1076, 0x0836, 0x0816, 0x0816, 0x2117, 0x2117, 0x0816, 0x0816, 0x1917, 0x8F1E, 0x9FFF, 0x9FFF, 0x64FC, 0x0816,   // 0x3F50 (16208)
0x0816, 0x0816, 0x0816, 0x0816, 0x0816, 0x0816, 0x0816, 0x0816, 0x4B9A, 0x18F7, 0x0816, 0x0816, 0x2117, 0x2117, 0x0816, 0x0816,   // 0x3F60 (16224)
0x0856, 0x6DBD, 0x7E3D, 0x0816, 0x0816, 0x0816, 0x0816, 0x0816, 0x0816, 0x0816, 0x0816, 0x0816, 0x0816, 0x0816, 0x2A38, 0x0816,   // 0x3F70 (16240)
0x0816, 0x0816, 0x0816, 0x0816, 0x0816, 0x0816, 0x2117, 0x2117, 0x0816, 0x0816, 0x0816, 0x3299, 0x97DF, 0x9FFF, 0x9FFF, 0x6F1E,   // 0x3F80 (16256)
0x045B, 0x771F, 0x9FFF, 0x9FFF, 0x9FFF, 0x8F1E, 0x3B1A, 0x1096, 0x0816, 0x0816, 0x0876, 0x3AF9, 0x75FD, 0x2178, 0x0876, 0x0876,   // 0x3F90 (16272)
0x0876, 0x0876, 0x0876, 0x0876, 0x1076, 0x10D7, 0x0876, 0x0876, 0x10B7, 0x5C9B, 0x8F7F, 0x439A, 0x10B7, 0x0816, 0x0816, 0x0836,   // 0x3FA0 (16288)
0x0816, 0x0816, 0x0816, 0x2A38, 0x651C, 0x2198, 0x0816, 0x0816, 0x0816, 0x10B7, 0x4BBA, 0x8F3F, 0x2A38, 0x0876, 0x0876, 0x0876,   // 0x3FB0 (16304)
0x0876, 0x0876, 0x0876, 0x0876, 0x18F7, 0x6DBD, 0x9FFF, 0x97DF, 0x3299, 0x1076, 0x0876, 0x0876, 0x2A38, 0x64FC, 0x18F7, 0x0876,   // 0x3FC0 (16320)
0x0876, 0x18F7, 0x6D7C, 0x7E5D, 0x3279, 0x0856, 0x0816, 0x0816, 0x10B7, 0x4B9A, 0x8F7F, 0x9FFF, 0x9FFF, 0x9FFF, 0x979F, 0x2A38,   // 0x3FD0 (16336)
0x0876, 0x0876, 0x0876, 0x0876, 0x0876, 0x1917, 0x3299, 0x6DBD, 0x9FFF, 0x8F5F, 0x435A, 0x10B7, 0x0816, 0x0816, 0x0856, 0x3299,   // 0x3FE0 (16352)
0x869E, 0x9FFF, 0x9FFF, 0x3B19, 0x1076, 0x0876, 0x0876, 0x2178, 0x5C9B, 0x18F7, 0x0876, 0x0876, 0x1097, 0x4BDA, 0x8F3F, 0x21D8,   // 0x3FF0 (16368)
0x0876, 0x0876, 0x0876, 0x29D8, 0x5CBC, 0x2198, 0x0816, 0x0816, 0x0816, 0x2157, 0x5CBB, 0x9FFF, 0x9FFF, 0x9FFF, 0x9FFF, 0x45FD,   // 0x4000 (16384)
0x045B, 0x253D, 0x9FFF, 0x9FFF, 0x9FFF, 0x9FFF, 0x9FFF, 0x9FFF, 0x8F5F, 0x8F3E, 0x97FF, 0x9FFF, 0x9FFF, 0x9FFF, 0x9FFF, 0x9FFF,   // 0x4010 (16400)
0x9FFF, 0x9FFF, 0x9FFF, 0x9FFF, 0x9FFF, 0x9FFF, 0x9FFF, 0x9FFF, 0x9FFF, 0x9FFF, 0x9FFF, 0x9FFF, 0x9FFF, 0x8F5F, 0x8F3F, 0x97DF,   // 0x4020 (16416)
0x5C9B, 0x1096, 0x10D7, 0x7E7E, 0x9FFF, 0x9FFF, 0x97DF, 0x8F1E, 0x8F5F, 0x9FFF, 0x9FFF, 0x9FFF, 0x9FFF, 0x9FFF, 0x9FFF, 0x9FFF,   // 0x4030 (16432)
0x9FFF, 0x9FFF, 0x9FFF, 0x9FFF, 0x9FFF, 0x9FFF, 0x9FFF, 0x9FFF, 0x9FFF, 0x9FFF, 0x9FFF, 0x9FFF, 0x9FFF, 0x9FFF, 0x9FFF, 0x9FFF,   // 0x4040 (16448)
0x9FFF, 0x9FFF, 0x9FFF, 0x9FFF, 0x9FFF, 0x97FF, 0x8F3F, 0x8F5F, 0x9FFF, 0x9FFF, 0x9FFF, 0x9FFF, 0x9FFF, 0x9FFF, 0x9FFF, 0x9FFF,   // 0x4050 (16464)
0x9FFF, 0x9FFF, 0x9FFF, 0x9FFF, 0x9FFF, 0x9FFF, 0x9FFF, 0x9FFF, 0x9FFF, 0x9FFF, 0x9FFF, 0x9FFF, 0x8F5F, 0x8F3F, 0x97FF, 0x9FFF,   // 0x4060 (16480)
0x9FFF, 0x9FFF, 0x9FFF, 0x9FFF, 0x9FFF, 0x9FFF, 0x9FFF, 0x9FFF, 0x9FFF, 0x9FFF, 0x9FFF, 0x9FFF, 0x9FFF, 0x9FFF, 0x9FFF, 0x9FFF,   // 0x4070 (16496)
0x9FFF, 0x9FFF, 0x9FFF, 0x9FFF, 0x9FFF, 0x9FFF, 0x97BF, 0x8F1E, 0x979F, 0x9FFF, 0x9FFF, 0x9FFF, 0x9FFF, 0x9FFF, 0x877F, 0x047C,   // 0x4080 (16512)
0x045B, 0x045C, 0x45FD, 0x9FFF, 0x9FFF, 0x9FFF, 0x9FFF, 0x9FFF, 0x9FFF, 0x9FFF, 0x9FFF, 0x9FFF, 0x9FFF, 0x9FFF, 0x9FFF, 0x9FFF,   // 0x4090 (16528)
0x9FFF, 0x9FFF, 0x9FFF, 0x9FFF, 0x9FFF, 0x9FFF, 0x9FFF, 0x9FFF, 0x9FFF, 0x9FFF, 0x9FFF, 0x9FFF, 0x9FFF, 0x9FFF, 0x9FFF, 0x9FFF,   // 0x40A0 (16544)
0x9FFF, 0x9FFF, 0x9FFF, 0x9FFF, 0x9FFF, 0x9FFF, 0x9FFF, 0x9FFF, 0x9FFF, 0x9FFF, 0x9FFF, 0x9FFF, 0x9FFF, 0x9FFF, 0x9FFF, 0x9FFF,   // 0x40B0 (16560)
0x9FFF, 0x9FFF, 0x9FFF, 0x9FFF, 0x9FFF, 0x9FFF, 0x9FFF, 0x9FFF, 0x9FFF, 0x9FFF, 0x9FFF, 0x9FFF, 0x9FFF, 0x9FFF, 0x9FFF, 0x9FFF,   // 0x40C0 (16576)
0x9FFF, 0x9FFF, 0x9FFF, 0x9FFF, 0x9FFF, 0x9FFF, 0x9FFF, 0x9FFF, 0x9FFF, 0x9FFF, 0x9FFF, 0x9FFF, 0x9FFF, 0x9FFF, 0x9FFF, 0x9FFF,   // 0x40D0 (16592)
0x9FFF, 0x9FFF, 0x9FFF, 0x9FFF, 0x9FFF, 0x9FFF, 0x9FFF, 0x9FFF, 0x9FFF, 0x9FFF, 0x9FFF, 0x9FFF, 0x9FFF, 0x9FFF, 0x9FFF, 0x9FFF,   // 0x40E0 (16608)
0x9FFF, 0x9FFF, 0x9FFF, 0x9FFF, 0x9FFF, 0x9FFF, 0x9FFF, 0x9FFF, 0x9FFF, 0x9FFF, 0x9FFF, 0x9FFF, 0x9FFF, 0x9FFF, 0x9FFF, 0x9FFF,   // 0x40F0 (16624)
0x9FFF, 0x9FFF, 0x9FFF, 0x9FFF, 0x9FFF, 0x9FFF, 0x9FFF, 0x9FFF, 0x9FFF, 0x9FFF, 0x9FFF, 0x9FFF, 0x9FFF, 0x8F9F, 0x14FC, 0x045C,   // 0x4100 (16640)
0x045B, 0x045C, 0x045C, 0x255D, 0x773F, 0x9FFF, 0x9FFF, 0x9FFF, 0x9FFF, 0x9FFF, 0x9FFF, 0x9FFF, 0x9FFF, 0x9FFF, 0x9FFF, 0x9FFF,   // 0x4110 (16656)
0x9FFF, 0x9FFF, 0x9FFF, 0x9FFF, 0x9FFF, 0x9FFF, 0x9FFF, 0x9FFF, 0x9FFF, 0x9FFF, 0x9FFF, 0x9FFF, 0x9FFF, 0x9FFF, 0x9FFF, 0x9FFF,   // 0x4120 (16672)
0x9FFF, 0x9FFF, 0x9FFF, 0x9FFF, 0x9FFF, 0x9FFF, 0x9FFF, 0x9FFF, 0x9FFF, 0x9FFF, 0x9FFF, 0x9FFF, 0x9FFF, 0x9FFF, 0x9FFF, 0x9FFF,   // 0x4130 (16688)
0x9FFF, 0x9FFF, 0x9FFF, 0x9FFF, 0x9FFF, 0x9FFF, 0x9FFF, 0x9FFF, 0x9FFF, 0x9FFF, 0x9FFF, 0x9FFF, 0x9FFF, 0x9FFF, 0x9FFF, 0x9FFF,   // 0x4140 (16704)
0x9FFF, 0x9FFF, 0x9FFF, 0x9FFF, 0x9FFF, 0x9FFF, 0x9FFF, 0x9FFF, 0x9FFF, 0x9FFF, 0x9FFF, 0x9FFF, 0x9FFF, 0x9FFF, 0x9FFF, 0x9FFF,   // 0x4150 (16720)
0x9FFF, 0x9FFF, 0x9FFF, 0x9FFF, 0x9FFF, 0x9FFF, 0x9FFF, 0x9FFF, 0x9FFF, 0x9FFF, 0x9FFF, 0x9FFF, 0x9FFF, 0x9FFF, 0x9FFF, 0x9FFF,   // 0x4160 (16736)
0x9FFF, 0x9FFF, 0x9FFF, 0x9FFF, 0x9FFF, 0x9FFF, 0x9FFF, 0x9FFF, 0x9FFF, 0x9FFF, 0x9FFF, 0x9FFF, 0x9FFF, 0x9FFF, 0x9FFF, 0x9FFF,   // 0x4170 (16752)
0x9FFF, 0x9FFF, 0x9FFF, 0x9FFF, 0x9FFF, 0x9FFF, 0x9FFF, 0x9FFF, 0x9FFF, 0x9FFF, 0x9FFF, 0x97DF, 0x5E9E, 0x0CBC, 0x045C, 0x045C,   // 0x4180 (16768)
0x045B, 0x045C, 0x045C, 0x045C, 0x045C, 0x0C9C, 0x1D1C, 0x1D1C, 0x253C, 0x5E7E, 0x9FFF, 0x9FFF, 0x9FFF, 0x9FFF, 0x9FFF, 0x9FFF,   // 0x4190 (16784)
0x9FFF, 0x9FFF, 0x9FFF, 0x9FFF, 0x9FFF, 0x9FFF, 0x9FFF, 0x9FFF, 0x9FFF, 0x9FFF, 0x9FFF, 0x9FFF, 0x9FFF, 0x9FFF, 0x9FFF, 0x9FFF,   // 0x41A0 (16800)
0x9FFF, 0x9FFF, 0x9FFF, 0x9FFF, 0x9FFF, 0x9FFF, 0x9FFF, 0x9FFF, 0x9FFF, 0x9FFF, 0x9FFF, 0x9FFF, 0x9FFF, 0x9FFF, 0x9FFF, 0x9FFF,   // 0x41B0 (16816)
0x9FFF, 0x9FFF, 0x9FFF, 0x9FFF, 0x9FFF, 0x9FFF, 0x9FFF, 0x9FFF, 0x9FFF, 0x9FFF, 0x9FFF, 0x9FFF, 0x9FFF, 0x9FFF, 0x9FFF, 0x9FFF,   // 0x41C0 (16832)
0x9FFF, 0x9FFF, 0x9FFF, 0x9FFF, 0x9FFF, 0x9FFF, 0x9FFF, 0x9FFF, 0x9FFF, 0x9FFF, 0x9FFF, 0x9FFF, 0x9FFF, 0x9FFF, 0x9FFF, 0x9FFF,   // 0x41D0 (16848)
0x9FFF, 0x9FFF, 0x9FFF, 0x9FFF, 0x9FFF, 0x9FFF, 0x9FFF, 0x9FFF, 0x9FFF, 0x9FFF, 0x9FFF, 0x9FFF, 0x9FFF, 0x9FFF, 0x9FFF, 0x9FFF,   // 0x41E0 (16864)
0x9FFF, 0x9FFF, 0x9FFF, 0x9FFF, 0x9FFF, 0x9FFF, 0x9FFF, 0x9FFF, 0x9FFF, 0x9FFF, 0x9FFF, 0x9FFF, 0x9FFF, 0x9FFF, 0x9FFF, 0x9FFF,   // 0x41F0 (16880)
0x9FFF, 0x9FFF, 0x9FFF, 0x9FFF, 0x9FFF, 0x9FFF, 0x97DF, 0x2D7D, 0x1D1C, 0x1D1C, 0x14FC, 0x047C, 0x045C, 0x045C, 0x045C, 0x045C,   // 0x4200 (16896)
0x045B, 0x045C, 0x045C, 0x045C, 0x045C, 0x045C, 0x045C, 0x045C, 0x045C, 0x14FC, 0x9FFF, 0x9FFF, 0x9FFF, 0x9FFF, 0x9FFF, 0x9FFF,   // 0x4210 (16912)
0x9FFF, 0x9FFF, 0x9FFF, 0x9FFF, 0x9FFF, 0x9FFF, 0x9FFF, 0x9FFF, 0x9FFF, 0x9FFF, 0x9FFF, 0x9FFF, 0x9FFF, 0x9FFF, 0x9FFF, 0x9FFF,   // 0x4220 (16928)
0x9FFF, 0x9FFF, 0x9FFF, 0x9FFF, 0x9FFF, 0x9FFF, 0x9FFF, 0x9FFF, 0x9FFF, 0x9FFF, 0x9FFF, 0x9FFF, 0x9FFF, 0x9FFF, 0x9FFF, 0x9FFF,   // 0x4230 (16944)
0x9FFF, 0x9FFF, 0x9FFF, 0x9FFF, 0x9FFF, 0x9FFF, 0x9FFF, 0x9FFF, 0x9FFF, 0x9FFF, 0x9FFF, 0x9FFF, 0x9FFF, 0x9FFF, 0x9FFF, 0x9FFF,   // 0x4240 (16960)
0x9FFF, 0x9FFF, 0x9FFF, 0x9FFF, 0x9FFF, 0x9FFF, 0x9FFF, 0x9FFF, 0x9FFF, 0x9FFF, 0x9FFF, 0x9FFF, 0x9FFF, 0x9FFF, 0x9FFF, 0x9FFF,   // 0x4250 (16976)
0x9FFF, 0x9FFF, 0x9FFF, 0x9FFF, 0x9FFF, 0x9FFF, 0x9FFF, 0x9FFF, 0x9FFF, 0x9FFF, 0x9FFF, 0x9FFF, 0x9FFF, 0x9FFF, 0x9FFF, 0x9FFF,   // 0x4260 (16992)
0x9FFF, 0x9FFF, 0x9FFF, 0x9FFF, 0x9FFF, 0x9FFF, 0x9FFF, 0x9FFF, 0x9FFF, 0x9FFF, 0x9FFF, 0x9FFF, 0x9FFF, 0x9FFF, 0x9FFF, 0x9FFF,   // 0x4270 (17008)
0x9FFF, 0x9FFF, 0x9FFF, 0x9FFF, 0x9FFF, 0x9FFF, 0x771F, 0x045C, 0x045C, 0x045C, 0x045C, 0x045C, 0x045C, 0x045C, 0x045C, 0x045C,   // 0x4280 (17024)
0x045B, 0x045C, 0x045C, 0x045C, 0x045C, 0x045C, 0x045C, 0x045C, 0x045C, 0x14BC, 0x9FFF, 0x9FFF, 0x9FFF, 0x9FFF, 0x9FFF, 0x9FFF,   // 0x4290 (17040)
0x9FFF, 0x9FFF, 0x9FFF, 0x9FFF, 0x9FFF, 0x9FFF, 0x9FFF, 0x9FFF, 0x9FFF, 0x9FFF, 0x9FFF, 0x9FFF, 0x9FFF, 0x9FFF, 0x9FFF, 0x9FFF,   // 0x42A0 (17056)
0x9FFF, 0x9FFF, 0x9FFF, 0x9FFF, 0x9FFF, 0x9FFF, 0x9FFF, 0x9FFF, 0x9FFF, 0x9FFF, 0x9FFF, 0x9FFF, 0x9FFF, 0x9FFF, 0x9FFF, 0x9FFF,   // 0x42B0 (17072)
0x9FFF, 0x9FFF, 0x9FFF, 0x9FFF, 0x9FFF, 0x9FFF, 0x9FFF, 0x9FFF, 0x9FFF, 0x9FFF, 0x9FFF, 0x9FFF, 0x9FFF, 0x9FFF, 0x9FFF, 0x9FFF,   // 0x42C0 (17088)
0x9FFF, 0x9FFF, 0x9FFF, 0x9FFF, 0x9FFF, 0x9FFF, 0x9FFF, 0x9FFF, 0x9FFF, 0x9FFF, 0x9FFF, 0x9FFF, 0x9FFF, 0x9FFF, 0x9FFF, 0x9FFF,   // 0x42D0 (17104)
0x9FFF, 0x9FFF, 0x9FFF, 0x9FFF, 0x9FFF, 0x9FFF, 0x9FFF, 0x9FFF, 0x9FFF, 0x9FFF, 0x9FFF, 0x9FFF, 0x9FFF, 0x9FFF, 0x9FFF, 0x9FFF,   // 0x42E0 (17120)
0x9FFF, 0x9FFF, 0x9FFF, 0x9FFF, 0x9FFF, 0x9FFF, 0x9FFF, 0x9FFF, 0x9FFF, 0x9FFF, 0x9FFF, 0x9FFF, 0x9FFF, 0x9FFF, 0x9FFF, 0x9FFF,   // 0x42F0 (17136)
0x9FFF, 0x9FFF, 0x9FFF, 0x9FFF, 0x9FFF, 0x9FFF, 0x6F1E, 0x045C, 0x045C, 0x045C, 0x045C, 0x045C, 0x045C, 0x045C, 0x045C, 0x049B,   // 0x4300 (17152)
0x045B, 0x045C, 0x045C, 0x045C, 0x045C, 0x045C, 0x045C, 0x045C, 0x045C, 0x14DC, 0x9FFF, 0x9FFF, 0x9FFF, 0x6D5C, 0x4BFB, 0x4BFB,   // 0x4310 (17168)
0x4BFB, 0x4BFB, 0x4BFB, 0x541B, 0x6D5C, 0x979F, 0x9FFF, 0x9FFF, 0x6D9D, 0x4BFB, 0x4BFB, 0x4BFB, 0x541B, 0x7E9E, 0x9FFF, 0x97DF,   // 0x4320 (17184)
0x5CBB, 0x4BFB, 0x4BFB, 0x4BFB, 0x4BFB, 0x4BFB, 0x541B, 0x64FC, 0x86FE, 0x9FFF, 0x9FFF, 0x9FFF, 0x979F, 0x5C7B, 0x4BFB, 0x4BFB,   // 0x4330 (17200)
0x4BFB, 0x5C9B, 0x97BF, 0x9FFF, 0x9FFF, 0x9FFF, 0x9FFF, 0x9FFF, 0x9FFF, 0x64FC, 0x4BFB, 0x4BFB, 0x4BFB, 0x5CBC, 0x653C, 0x4BFB,   // 0x4340 (17216)
0x4BFB, 0x4BFB, 0x651C, 0x9FFF, 0x7E5D, 0x541B, 0x4BFB, 0x4BFB, 0x545B, 0x6D5C, 0x4BFB, 0x4BFB, 0x4BFB, 0x545B, 0x8F5F, 0x9FFF,   // 0x4350 (17232)
0x97BF, 0x653C, 0x435A, 0x3299, 0x3AB9, 0x541B, 0x86BE, 0x9FFF, 0x8F3F, 0x543B, 0x4BFB, 0x4BFB, 0x4BFB, 0x75DD, 0x9FFF, 0x9FFF,   // 0x4360 (17248)
0x761D, 0x4BFB, 0x4BFB, 0x4BFB, 0x53FB, 0x761D, 0x9FFF, 0x9FFF, 0x651C, 0x4BFB, 0x4BFB, 0x4BFB, 0x4BFB, 0x4BFB, 0x541B, 0x5CDC,   // 0x4370 (17264)
0x86BE, 0x9FFF, 0x9FFF, 0x9FFF, 0x9FFF, 0x9FFF, 0x771E, 0x045C, 0x045C, 0x045C, 0x045C, 0x045C, 0x045C, 0x045C, 0x045C, 0x0D17,   // 0x4380 (17280)
0x045B, 0x045C, 0x045C, 0x045C, 0x045C, 0x045C, 0x045C, 0x045C, 0x045C, 0x14DC, 0x9FFF, 0x9FFF, 0x651C, 0x0816, 0xFFFF, 0xFFFF,   // 0x4390 (17296)
0xFFFF, 0xFFFF, 0xFFFF, 0xFFFF, 0x949B, 0x1097, 0x6D9D, 0x6DBD, 0x0816, 0x841B, 0xFFFF, 0xFFFF, 0xFFFF, 0x8C3B, 0x8F5F, 0x437A,   // 0x43A0 (17312)
0x0816, 0xFFFF, 0xFFFF, 0xFFFF, 0xFFFF, 0xFFFF, 0xFFFF, 0xFFFF, 0x949B, 0x435A, 0x97FF, 0x9FFF, 0x3299, 0x841B, 0xFFFF, 0xFFFF,   // 0x43B0 (17328)
0xFFFF, 0x841B, 0x3AF9, 0x9FFF, 0x9FFF, 0x9FFF, 0x9FFF, 0x9FFF, 0x545B, 0x0816, 0xFFFF, 0xFFFF, 0xFFFF, 0x0816, 0x0816, 0xFFFF,   // 0x43C0 (17344)
0xFFFF, 0xFFFF, 0x4218, 0x433A, 0x0856, 0x0816, 0xFFFF, 0xFFFF, 0xFFFF, 0x0816, 0xFFFF, 0xFFFF, 0xFFFF, 0x0816, 0x29D8, 0x761D,   // 0x43D0 (17360)
0x18F7, 0x739A, 0xD69E, 0xFFFF, 0xFFFF, 0xA51C, 0x3198, 0x437A, 0x2198, 0x0816, 0xFFFF, 0xFFFF, 0xFFFF, 0x0816, 0x761D, 0x7E9E,   // 0x43E0 (17376)
0x0836, 0x841B, 0xFFFF, 0xFFFF, 0xFFFF, 0x841B, 0x86BE, 0x5C7B, 0x0816, 0xFFFF, 0xFFFF, 0xFFFF, 0xFFFF, 0xFFFF, 0xFFFF, 0xFFFF,   // 0x43F0 (17392)
0x949B, 0x3299, 0x97BF, 0x9FFF, 0x9FFF, 0x9FFF, 0x771F, 0x045C, 0x045C, 0x045C, 0x045C, 0x045C, 0x045C, 0x045C, 0x045C, 0x1D94,   // 0x4400 (17408)
0x045B, 0x045C, 0x045C, 0x045C, 0x045C, 0x045C, 0x045C, 0x045C, 0x045C, 0x14DC, 0x9FFF, 0x9FFF, 0x439A, 0x0816, 0xFFFF, 0xFFFF,   // 0x4410 (17424)
0xFFFF, 0xFFFF, 0xFFFF, 0xFFFF, 0xFFFF, 0x949B, 0x0836, 0x2198, 0x0816, 0xD69E, 0xFFFF, 0xFFFF, 0xFFFF, 0xC61D, 0x5CDC, 0x29D8,   // 0x4420 (17440)
0x0816, 0xFFFF, 0xFFFF, 0xFFFF, 0xFFFF, 0xFFFF, 0xFFFF, 0xFFFF, 0xFFFF, 0x949B, 0x53FB, 0x8F7F, 0x0836, 0xD69E, 0xFFFF, 0xFFFF,   // 0x4430 (17456)
0xFFFF, 0xC61D, 0x0856, 0x97BF, 0x9FFF, 0x9FFF, 0x9FFF, 0x9FFF, 0x3AB9, 0x0816, 0xFFFF, 0xFFFF, 0xFFFF, 0x0816, 0x0816, 0xFFFF,   // 0x4440 (17472)
0xFFFF, 0xFFFF, 0xFFFF, 0x0816, 0x0816, 0x0816, 0xFFFF, 0xFFFF, 0xFFFF, 0x0816, 0xFFFF, 0xFFFF, 0xFFFF, 0x0816, 0x0816, 0x0856,   // 0x4450 (17488)
0xA51C, 0xFFFF, 0xFFFF, 0xFFFF, 0xFFFF, 0xFFFF, 0xFFFF, 0x2117, 0x0816, 0x0816, 0xFFFF, 0xFFFF, 0xFFFF, 0x0816, 0x5C9B, 0x4BBA,   // 0x4460 (17504)
0x0816, 0xD69E, 0xFFFF, 0xFFFF, 0xFFFF, 0xC61D, 0x4BDA, 0x3AF9, 0x0816, 0xFFFF, 0xFFFF, 0xFFFF, 0xFFFF, 0xFFFF, 0xFFFF, 0xFFFF,   // 0x4470 (17520)
0xFFFF, 0x949B, 0x3AF9, 0x9FFF, 0x9FFF, 0x9FFF, 0x773F, 0x045C, 0x045C, 0x045C, 0x045C, 0x045C, 0x045C, 0x045C, 0x04BA, 0x1DD3,   // 0x4480 (17536)
0x045B, 0x045C, 0x045C, 0x045C, 0x045C, 0x045C, 0x045C, 0x045C, 0x045C, 0x14DC, 0x9FFF, 0x9FFF, 0x437A, 0x0816, 0xFFFF, 0xFFFF,   // 0x4490 (17552)
0xFFFF, 0x0816, 0x3198, 0xFFFF, 0xFFFF, 0xFFFF, 0x0816, 0x0816, 0x1096, 0xFFFF, 0xFFFF, 0xFFFF, 0xFFFF, 0xFFFF, 0x3AB9, 0x29D8,   // 0x44A0 (17568)
0x0816, 0xFFFF, 0xFFFF, 0xFFFF, 0x0816, 0x0816, 0x4218, 0xFFFF, 0xFFFF, 0xFFFF, 0x1076, 0x5CBB, 0x1096, 0xFFFF, 0xFFFF, 0xFFFF,   // 0x44B0 (17584)
0xFFFF, 0xFFFF, 0x1096, 0x6D7C, 0x9FFF, 0x9FFF, 0x9FFF, 0x9FFF, 0x3AB9, 0x0816, 0xFFFF, 0xFFFF, 0xFFFF, 0x0816, 0x0816, 0xFFFF,   // 0x44C0 (17600)
0xFFFF, 0xFFFF, 0xFFFF, 0xA51C, 0x0816, 0x0816, 0xFFFF, 0xFFFF, 0xFFFF, 0x0816, 0xFFFF, 0xFFFF, 0xFFFF, 0x0816, 0x0816, 0x5299,   // 0x44D0 (17616)
0xFFFF, 0xFFFF, 0xA51C, 0x0816, 0x949B, 0xFFFF, 0xFFFF, 0xB59D, 0x0816, 0x0816, 0xFFFF, 0xFFFF, 0xFFFF, 0x0816, 0x5C9B, 0x1937,   // 0x44E0 (17632)
0x1096, 0xFFFF, 0xFFFF, 0xFFFF, 0xFFFF, 0xFFFF, 0x29B8, 0x3AD9, 0x0816, 0xFFFF, 0xFFFF, 0xFFFF, 0x0816, 0x0816, 0x4218, 0xFFFF,   // 0x44F0 (17648)
0xFFFF, 0xFFFF, 0x0816, 0x86FE, 0x9FFF, 0x9FFF, 0x773F, 0x045C, 0x045C, 0x045C, 0x045C, 0x045C, 0x045C, 0x045C, 0x1556, 0x1DD3,   // 0x4500 (17664)
0x045B, 0x045C, 0x045C, 0x045C, 0x045C, 0x045C, 0x045C, 0x045C, 0x045C, 0x14DC, 0x9FFF, 0x9FFF, 0x437A, 0x0816, 0xFFFF, 0xFFFF,   // 0x4510 (17680)
0xFFFF, 0x0816, 0x0816, 0xFFFF, 0xFFFF, 0xFFFF, 0x0816, 0x0816, 0x6319, 0xFFFF, 0xFFFF, 0xFFFF, 0xFFFF, 0xFFFF, 0x633A, 0x2178,   // 0x4520 (17696)
0x0816, 0xFFFF, 0xFFFF, 0xFFFF, 0x0816, 0x0816, 0x0816, 0xFFFF, 0xFFFF, 0xFFFF, 0x0816, 0x10D7, 0x6319, 0xFFFF, 0xFFFF, 0xFFFF,   // 0x4530 (17712)
0xFFFF, 0xFFFF, 0x6319, 0x3AF9, 0x9FFF, 0x9FFF, 0x9FFF, 0x9FFF, 0x3AB9, 0x0816, 0xFFFF, 0xFFFF, 0xFFFF, 0x0816, 0x0816, 0xFFFF,   // 0x4540 (17728)
0xFFFF, 0xFFFF, 0xFFFF, 0xFFFF, 0x4218, 0x0816, 0xFFFF, 0xFFFF, 0xFFFF, 0x0816, 0xFFFF, 0xFFFF, 0xFFFF, 0x0816, 0x0816, 0xA51C,   // 0x4550 (17744)
0xFFFF, 0xFFFF, 0x3198, 0x0816, 0x1096, 0xD69E, 0x841B, 0x4218, 0x0816, 0x0816, 0xFFFF, 0xFFFF, 0xFFFF, 0x0816, 0x431A, 0x0816,   // 0x4560 (17760)
0x6319, 0xFFFF, 0xFFFF, 0xFFFF, 0xFFFF, 0xFFFF, 0x6319, 0x2198, 0x0816, 0xFFFF, 0xFFFF, 0xFFFF, 0x0816, 0x0816, 0x0816, 0xFFFF,   // 0x4570 (17776)
0xFFFF, 0xFFFF, 0x0816, 0x651C, 0x9FFF, 0x9FFF, 0x773F, 0x045C, 0x045C, 0x045C, 0x045C, 0x045C, 0x045C, 0x047B, 0x25F2, 0x1DD3,   // 0x4580 (17792)
0x045B, 0x045C, 0x045C, 0x045C, 0x045C, 0x045C, 0x045C, 0x045C, 0x045C, 0x14DC, 0x9FFF, 0x9FFF, 0x437A, 0x0816, 0xFFFF, 0xFFFF,   // 0x4590 (17808)
0xFFFF, 0x0816, 0x4218, 0xFFFF, 0xFFFF, 0xD69E, 0x0816, 0x0816, 0xB59D, 0xFFFF, 0xFFFF, 0xD69E, 0xFFFF, 0xFFFF, 0xA51C, 0x0816,   // 0x45A0 (17824)
0x0816, 0xFFFF, 0xFFFF, 0xFFFF, 0x0816, 0x0816, 0x6319, 0xFFFF, 0xFFFF, 0xD69E, 0x0816, 0x0816, 0xB59D, 0xFFFF, 0xFFFF, 0xD69E,   // 0x45B0 (17840)
0xFFFF, 0xFFFF, 0xA51C, 0x1096, 0x97DF, 0x9FFF, 0x9FFF, 0x9FFF, 0x3AB9, 0x0816, 0xFFFF, 0xFFFF, 0xFFFF, 0x0816, 0x0816, 0xFFFF,   // 0x45C0 (17856)
0xFFFF, 0xFFFF, 0xFFFF, 0xFFFF, 0xFFFF, 0x0816, 0xFFFF, 0xFFFF, 0xFFFF, 0x0816, 0xFFFF, 0xFFFF, 0xFFFF, 0x0816, 0x0816, 0xFFFF,   // 0x45D0 (17872)
0xFFFF, 0xFFFF, 0x0816, 0x0816, 0x0816, 0x0816, 0x0816, 0x0816, 0x0816, 0x0816, 0xFFFF, 0xFFFF, 0xFFFF, 0x0816, 0x10B7, 0x0816,   // 0x45E0 (17888)
0xB59D, 0xFFFF, 0xFFFF, 0xD69E, 0xFFFF, 0xFFFF, 0xA51C, 0x0816, 0x0816, 0xFFFF, 0xFFFF, 0xFFFF, 0x0816, 0x0816, 0x6319, 0xFFFF,   // 0x45F0 (17904)
0xFFFF, 0xD69E, 0x0816, 0x5CBB, 0x9FFF, 0x9FFF, 0x773F, 0x045C, 0x045C, 0x045C, 0x045C, 0x045C, 0x045C, 0x0CF8, 0x2611, 0x1DD3,   // 0x4600 (17920)
0x045B, 0x045C, 0x045C, 0x045C, 0x045C, 0x045C, 0x045C, 0x045C, 0x045C, 0x14DC, 0x9FFF, 0x9FFF, 0x437A, 0x0816, 0xFFFF, 0xFFFF,   // 0x4610 (17936)
0xFFFF, 0xFFFF, 0xFFFF, 0xFFFF, 0xFFFF, 0x739A, 0x0816, 0x0816, 0xFFFF, 0xFFFF, 0xFFFF, 0x3198, 0xFFFF, 0xFFFF, 0xFFFF, 0x0816,   // 0x4620 (17952)
0x0816, 0xFFFF, 0xFFFF, 0xFFFF, 0xFFFF, 0xFFFF, 0xFFFF, 0xFFFF, 0xFFFF, 0x4218, 0x0816, 0x0816, 0xFFFF, 0xFFFF, 0xFFFF, 0x3198,   // 0x4630 (17968)
0xFFFF, 0xFFFF, 0xFFFF, 0x0816, 0x75DD, 0x9FFF, 0x9FFF, 0x9FFF, 0x3AB9, 0x0816, 0xFFFF, 0xFFFF, 0xFFFF, 0x0816, 0x0816, 0xFFFF,   // 0x4640 (17984)
0xFFFF, 0xFFFF, 0xFFFF, 0xFFFF, 0xFFFF, 0xA51C, 0xFFFF, 0xFFFF, 0xFFFF, 0x0816, 0xFFFF, 0xFFFF, 0xFFFF, 0x0816, 0x0816, 0xFFFF,   // 0x4650 (18000)
0xFFFF, 0xFFFF, 0x0816, 0x0876, 0x0816, 0x0816, 0x0816, 0x0816, 0x0816, 0x0816, 0xFFFF, 0xFFFF, 0xFFFF, 0x0816, 0x0816, 0x0816,   // 0x4660 (18016)
0xFFFF, 0xFFFF, 0xFFFF, 0x3198, 0xFFFF, 0xFFFF, 0xFFFF, 0x0816, 0x0816, 0xFFFF, 0xFFFF, 0xFFFF, 0xFFFF, 0xFFFF, 0xFFFF, 0xFFFF,   // 0x4670 (18032)
0xFFFF, 0x4218, 0x0816, 0x6D9D, 0x9FFF, 0x9FFF, 0x773F, 0x045C, 0x045C, 0x045C, 0x045C, 0x045C, 0x045C, 0x1DB4, 0x2611, 0x1DD3,   // 0x4680 (18048)
0x045B, 0x045C, 0x045C, 0x045C, 0x045C, 0x045C, 0x045C, 0x045C, 0x045C, 0x14DC, 0x9FFF, 0x9FFF, 0x437A, 0x0816, 0xFFFF, 0xFFFF,   // 0x4690 (18064)
0xFFFF, 0xFFFF, 0xFFFF, 0xFFFF, 0x841B, 0x0816, 0x0816, 0x5299, 0xFFFF, 0xFFFF, 0xA51C, 0x0816, 0xFFFF, 0xFFFF, 0xFFFF, 0x5299,   // 0x46A0 (18080)
0x0816, 0xFFFF, 0xFFFF, 0xFFFF, 0xFFFF, 0xFFFF, 0xFFFF, 0xFFFF, 0x5299, 0x0816, 0x0816, 0x5299, 0xFFFF, 0xFFFF, 0xA51C, 0x0816,   // 0x46B0 (18096)
0xFFFF, 0xFFFF, 0xFFFF, 0x5299, 0x435A, 0x9FFF, 0x9FFF, 0x9FFF, 0x3AB9, 0x0816, 0xFFFF, 0xFFFF, 0xFFFF, 0x0816, 0x0816, 0xFFFF,   // 0x46C0 (18112)
0xFFFF, 0xFFFF, 0xA51C, 0xFFFF, 0xFFFF, 0xFFFF, 0xFFFF, 0xFFFF, 0xFFFF, 0x0816, 0xFFFF, 0xFFFF, 0xFFFF, 0x0816, 0x0816, 0xFFFF,   // 0x46D0 (18128)
0xFFFF, 0xFFFF, 0x0816, 0x3299, 0x21B8, 0x0816, 0x0816, 0x1937, 0x0816, 0x0816, 0xFFFF, 0xFFFF, 0xFFFF, 0x0816, 0x0816, 0x5299,   // 0x46E0 (18144)
0xFFFF, 0xFFFF, 0xA51C, 0x0816, 0xFFFF, 0xFFFF, 0xFFFF, 0x5299, 0x0816, 0xFFFF, 0xFFFF, 0xFFFF, 0xFFFF, 0xFFFF, 0xFFFF, 0xFFFF,   // 0x46F0 (18160)
0x5299, 0x0816, 0x0876, 0x979F, 0x9FFF, 0x9FFF, 0x773F, 0x045C, 0x045C, 0x045C, 0x045C, 0x045C, 0x0CD9, 0x2611, 0x2611, 0x1DD3,   // 0x4700 (18176)
0x045B, 0x045C, 0x045C, 0x045C, 0x045C, 0x045C, 0x045C, 0x045C, 0x045C, 0x14DC, 0x9FFF, 0x9FFF, 0x437A, 0x0816, 0xFFFF, 0xFFFF,   // 0x4710 (18192)
0xFFFF, 0x0816, 0x0816, 0x0816, 0x0816, 0x0816, 0x0816, 0x949B, 0xFFFF, 0xFFFF, 0x4218, 0x0816, 0x949B, 0xFFFF, 0xFFFF, 0x949B,   // 0x4720 (18208)
0x0816, 0xFFFF, 0xFFFF, 0xFFFF, 0x0816, 0x841B, 0xFFFF, 0xFFFF, 0xB59D, 0x0816, 0x0816, 0x949B, 0xFFFF, 0xFFFF, 0x4218, 0x0816,   // 0x4730 (18224)
0x949B, 0xFFFF, 0xFFFF, 0x949B, 0x10D7, 0x9FFF, 0x9FFF, 0x9FFF, 0x3AB9, 0x0816, 0xFFFF, 0xFFFF, 0xFFFF, 0x0816, 0x0816, 0xFFFF,   // 0x4740 (18240)
0xFFFF, 0xFFFF, 0x0816, 0xFFFF, 0xFFFF, 0xFFFF, 0xFFFF, 0xFFFF, 0xFFFF, 0x0816, 0xFFFF, 0xFFFF, 0xFFFF, 0x0816, 0x0816, 0xFFFF,   // 0x4750 (18256)
0xFFFF, 0xFFFF, 0x0816, 0x21B8, 0x0816, 0xC61D, 0x5299, 0x0816, 0x0816, 0x0816, 0xFFFF, 0xFFFF, 0xFFFF, 0x0816, 0x0816, 0x949B,   // 0x4760 (18272)
0xFFFF, 0xFFFF, 0x4218, 0x0816, 0x949B, 0xFFFF, 0xFFFF, 0x949B, 0x0816, 0xFFFF, 0xFFFF, 0xFFFF, 0x0816, 0x841B, 0xFFFF, 0xFFFF,   // 0x4770 (18288)
0xB59D, 0x0816, 0x545B, 0x9FFF, 0x9FFF, 0x9FFF, 0x773F, 0x045C, 0x045C, 0x045C, 0x045C, 0x045C, 0x1DB3, 0x2611, 0x2611, 0x1DD3,   // 0x4780 (18304)
0x045B, 0x045C, 0x045C, 0x045C, 0x045C, 0x045C, 0x045C, 0x045C, 0x045C, 0x14DC, 0x9FFF, 0x9FFF, 0x437A, 0x0816, 0xFFFF, 0xFFFF,   // 0x4790 (18320)
0xFFFF, 0x0816, 0x0816, 0x0816, 0x0816, 0x0816, 0x0816, 0xFFFF, 0xFFFF, 0xFFFF, 0xFFFF, 0xFFFF, 0xFFFF, 0xFFFF, 0xFFFF, 0xFFFF,   // 0x47A0 (18336)
0x0816, 0xFFFF, 0xFFFF, 0xFFFF, 0x0816, 0x0816, 0xD69E, 0xFFFF, 0xFFFF, 0x4218, 0x0816, 0xFFFF, 0xFFFF, 0xFFFF, 0xFFFF, 0xFFFF,   // 0x47B0 (18352)
0xFFFF, 0xFFFF, 0xFFFF, 0xFFFF, 0x0816, 0x7E3D, 0x9FFF, 0x9FFF, 0x3AB9, 0x0816, 0xFFFF, 0xFFFF, 0xFFFF, 0x0816, 0x0816, 0xFFFF,   // 0x47C0 (18368)
0xFFFF, 0xFFFF, 0x0816, 0x4218, 0xFFFF, 0xFFFF, 0xFFFF, 0xFFFF, 0xFFFF, 0x0816, 0xFFFF, 0xFFFF, 0xFFFF, 0x0816, 0x0816, 0xA51C,   // 0x47D0 (18384)
0xFFFF, 0xFFFF, 0x3198, 0x0816, 0x3198, 0xFFFF, 0xFFFF, 0xD69E, 0x0816, 0x0816, 0xFFFF, 0xFFFF, 0xFFFF, 0x0816, 0x0816, 0xFFFF,   // 0x47E0 (18400)
0xFFFF, 0xFFFF, 0xFFFF, 0xFFFF, 0xFFFF, 0xFFFF, 0xFFFF, 0xFFFF, 0x0816, 0xFFFF, 0xFFFF, 0xFFFF, 0x0816, 0x0816, 0xD69E, 0xFFFF,   // 0x47F0 (18416)
0xFFFF, 0x4218, 0x3B1A, 0x9FFF, 0x9FFF, 0x9FFF, 0x773F, 0x045C, 0x045C, 0x045C, 0x045C, 0x0CF8, 0x2611, 0x2611, 0x2611, 0x1DD3,   // 0x4800 (18432)
0x045B, 0x045C, 0x045C, 0x045C, 0x045C, 0x045C, 0x045C, 0x045C, 0x045C, 0x14DC, 0x9FFF, 0x9FFF, 0x437A, 0x0816, 0xFFFF, 0xFFFF,   // 0x4810 (18448)
0xFFFF, 0x0816, 0x0816, 0x0816, 0x10B7, 0x0816, 0x3198, 0xFFFF, 0xFFFF, 0xFFFF, 0xFFFF, 0xFFFF, 0xFFFF, 0xFFFF, 0xFFFF, 0xFFFF,   // 0x4820 (18464)
0x3198, 0xFFFF, 0xFFFF, 0xFFFF, 0x0816, 0x0816, 0x5299, 0xFFFF, 0xFFFF, 0xB59D, 0x3198, 0xFFFF, 0xFFFF, 0xFFFF, 0xFFFF, 0xFFFF,   // 0x4830 (18480)
0xFFFF, 0xFFFF, 0xFFFF, 0xFFFF, 0x3198, 0x4BBA, 0x9FFF, 0x9FFF, 0x3AB9, 0x0816, 0xFFFF, 0xFFFF, 0xFFFF, 0x0816, 0x0816, 0xFFFF,   // 0x4840 (18496)
0xFFFF, 0xFFFF, 0x0816, 0x0816, 0xA51C, 0xFFFF, 0xFFFF, 0xFFFF, 0xFFFF, 0x0816, 0xFFFF, 0xFFFF, 0xFFFF, 0x0816, 0x0816, 0x3198,   // 0x4850 (18512)
0xFFFF, 0xFFFF, 0xA51C, 0x0816, 0xA51C, 0xFFFF, 0xFFFF, 0x949B, 0x0816, 0x0816, 0xFFFF, 0xFFFF, 0xFFFF, 0x0816, 0x3198, 0xFFFF,   // 0x4860 (18528)
0xFFFF, 0xFFFF, 0xFFFF, 0xFFFF, 0xFFFF, 0xFFFF, 0xFFFF, 0xFFFF, 0x3198, 0xFFFF, 0xFFFF, 0xFFFF, 0x0816, 0x0816, 0x5299, 0xFFFF,   // 0x4870 (18544)
0xFFFF, 0xB59D, 0x0836, 0x8F3F, 0x9FFF, 0x9FFF, 0x773F, 0x045C, 0x045C, 0x045C, 0x047B, 0x25F2, 0x2611, 0x2611, 0x2611, 0x1DD3,   // 0x4880 (18560)
0x045B, 0x045C, 0x045C, 0x045C, 0x045C, 0x045C, 0x045C, 0x045C, 0x045C, 0x14DC, 0x9FFF, 0x9FFF, 0x437A, 0x0816, 0xFFFF, 0xFFFF,   // 0x4890 (18576)
0xFFFF, 0x0816, 0x10D7, 0x97FF, 0x4BBA, 0x0816, 0x841B, 0xFFFF, 0xFFFF, 0x739A, 0x0816, 0x0816, 0x0816, 0x949B, 0xFFFF, 0xFFFF,   // 0x48A0 (18592)
0x841B, 0xFFFF, 0xFFFF, 0xFFFF, 0x0816, 0x0816, 0x0816, 0xFFFF, 0xFFFF, 0xFFFF, 0x841B, 0xFFFF, 0xFFFF, 0x739A, 0x0816, 0x0816,   // 0x48B0 (18608)
0x0816, 0x949B, 0xFFFF, 0xFFFF, 0x841B, 0x1937, 0x9FFF, 0x9FFF, 0x3AB9, 0x0816, 0xFFFF, 0xFFFF, 0xFFFF, 0x0816, 0x0816, 0xFFFF,   // 0x48C0 (18624)
0xFFFF, 0xFFFF, 0x0816, 0x0816, 0x0816, 0xFFFF, 0xFFFF, 0xFFFF, 0xFFFF, 0x0816, 0xFFFF, 0xFFFF, 0xFFFF, 0x0816, 0x0816, 0x0816,   // 0x48D0 (18640)
0xA51C, 0xFFFF, 0xFFFF, 0xFFFF, 0xFFFF, 0xFFFF, 0xFFFF, 0x1096, 0x0816, 0x0816, 0xFFFF, 0xFFFF, 0xFFFF, 0x0816, 0x841B, 0xFFFF,   // 0x48E0 (18656)
0xFFFF, 0x739A, 0x0816, 0x0816, 0x0816, 0x949B, 0xFFFF, 0xFFFF, 0x841B, 0xFFFF, 0xFFFF, 0xFFFF, 0x0816, 0x0816, 0x0816, 0xFFFF,   // 0x48F0 (18672)
0xFFFF, 0xFFFF, 0x3198, 0x4BFB, 0x9FFF, 0x9FFF, 0x773F, 0x045C, 0x045C, 0x045C, 0x1D94, 0x2611, 0x2611, 0x2611, 0x2611, 0x1DD3,   // 0x4900 (18688)
0x045B, 0x045C, 0x045C, 0x045C, 0x045C, 0x045C, 0x045C, 0x045C, 0x045C, 0x14DC, 0x9FFF, 0x9FFF, 0x437A, 0x0816, 0xFFFF, 0xFFFF,   // 0x4910 (18704)
0xFFFF, 0x0816, 0x18F7, 0x9FFF, 0x1937, 0x0816, 0xD69E, 0xFFFF, 0xFFFF, 0x3198, 0x0816, 0x0816, 0x0816, 0x4218, 0xFFFF, 0xFFFF,   // 0x4920 (18720)
0xD69E, 0xFFFF, 0xFFFF, 0xFFFF, 0x0816, 0x0816, 0x0816, 0x739A, 0xFFFF, 0xFFFF, 0xD69E, 0xFFFF, 0xFFFF, 0x3198, 0x0816, 0x0816,   // 0x4930 (18736)
0x0816, 0x4218, 0xFFFF, 0xFFFF, 0xD69E, 0x0816, 0x7E9E, 0x9FFF, 0x3AB9, 0x0816, 0xFFFF, 0xFFFF, 0xFFFF, 0x0816, 0x0816, 0xFFFF,   // 0x4940 (18752)
0xFFFF, 0xFFFF, 0x0816, 0x0816, 0x0816, 0x4218, 0xFFFF, 0xFFFF, 0xFFFF, 0x0816, 0xFFFF, 0xFFFF, 0xFFFF, 0x0816, 0x0816, 0x0816,   // 0x4950 (18768)
0x0816, 0x739A, 0xD69E, 0xFFFF, 0xFFFF, 0xA51C, 0x3198, 0x0816, 0x0816, 0x0816, 0xFFFF, 0xFFFF, 0xFFFF, 0x0816, 0xD69E, 0xFFFF,   // 0x4960 (18784)
0xFFFF, 0x3198, 0x0816, 0x0816, 0x0816, 0x4218, 0xFFFF, 0xFFFF, 0xD69E, 0xFFFF, 0xFFFF, 0xFFFF, 0x0816, 0x0816, 0x0816, 0x739A,   // 0x4970 (18800)
0xFFFF, 0xFFFF, 0xB59D, 0x10B7, 0x97DF, 0x9FFF, 0x773F, 0x045C, 0x045C, 0x1536, 0x2611, 0x2611, 0x2611, 0x2611, 0x2611, 0x1DD3,   // 0x4980 (18816)
0x045B, 0x045C, 0x045C, 0x045C, 0x045C, 0x045C, 0x045C, 0x045C, 0x045C, 0x0CBC, 0x9FFF, 0x9FFF, 0x4BBA, 0x0816, 0x0816, 0x0816,   // 0x4990 (18832)
0x0816, 0x0816, 0x1917, 0x97BF, 0x0816, 0x0816, 0x0816, 0x0816, 0x0816, 0x0816, 0x3AF9, 0x1917, 0x0816, 0x0816, 0x0816, 0x0816,   // 0x49A0 (18848)
0x0816, 0x0816, 0x0816, 0x0816, 0x0816, 0x0816, 0x0816, 0x0816, 0x0816, 0x0816, 0x0816, 0x0816, 0x0816, 0x0816, 0x0816, 0x4BFB,   // 0x49B0 (18864)
0x0816, 0x0816, 0x0816, 0x0816, 0x0816, 0x0816, 0x653C, 0x9FFF, 0x3AD9, 0x0816, 0x0816, 0x0816, 0x0816, 0x0816, 0x0816, 0x0816,   // 0x49C0 (18880)
0x0816, 0x0816, 0x0816, 0x0836, 0x0816, 0x0816, 0x0816, 0x0816, 0x0816, 0x0816, 0x0816, 0x0816, 0x0816, 0x0816, 0x0856, 0x2198,   // 0x49D0 (18896)
0x0816, 0x0816, 0x0816, 0x0816, 0x0816, 0x0816, 0x0816, 0x0816, 0x0816, 0x0816, 0x0816, 0x0816, 0x0816, 0x0816, 0x0816, 0x0816,   // 0x49E0 (18912)
0x0816, 0x0816, 0x3239, 0x21B8, 0x0816, 0x0816, 0x0816, 0x0816, 0x0816, 0x0816, 0x0816, 0x0816, 0x0816, 0x0816, 0x0816, 0x0816,   // 0x49F0 (18928)
0x0816, 0x0816, 0x0816, 0x0816, 0x86BE, 0x9FFF, 0x771E, 0x045C, 0x0D17, 0x2611, 0x2611, 0x2611, 0x2611, 0x2611, 0x2611, 0x1DD3,   // 0x4A00 (18944)
0x045B, 0x045C, 0x045C, 0x045C, 0x045C, 0x045C, 0x045C, 0x045C, 0x045C, 0x047C, 0x8FDF, 0x9FFF, 0x7E7E, 0x0876, 0x0816, 0x0816,   // 0x4A10 (18960)
0x0816, 0x0816, 0x543B, 0x9FFF, 0x3AD9, 0x0816, 0x0816, 0x0816, 0x0816, 0x10B7, 0x8F1E, 0x64FC, 0x0816, 0x0816, 0x0816, 0x0816,   // 0x4A20 (18976)
0x0816, 0x0816, 0x0816, 0x0816, 0x0836, 0x431A, 0x0816, 0x0816, 0x0816, 0x0816, 0x0816, 0x0816, 0x0816, 0x0816, 0x3AF9, 0x9FFF,   // 0x4A30 (18992)
0x29F8, 0x0816, 0x0816, 0x0816, 0x0816, 0x18F7, 0x8F5F, 0x9FFF, 0x75DD, 0x0836, 0x0816, 0x0816, 0x0816, 0x0816, 0x0856, 0x0816,   // 0x4A40 (19008)
0x0816, 0x0816, 0x0856, 0x6D7C, 0x1937, 0x0816, 0x0816, 0x0816, 0x0816, 0x0856, 0x0816, 0x0816, 0x0816, 0x0816, 0x437A, 0x979F,   // 0x4A50 (19024)
0x435A, 0x0836, 0x0816, 0x0816, 0x0816, 0x0816, 0x1917, 0x6D9D, 0x433A, 0x0816, 0x0816, 0x0816, 0x0816, 0x0816, 0x0816, 0x0816,   // 0x4A60 (19040)
0x0816, 0x0876, 0x7E7E, 0x75DD, 0x0836, 0x0816, 0x0816, 0x0816, 0x0816, 0x0816, 0x0816, 0x0816, 0x0816, 0x3B1A, 0x0856, 0x0816,   // 0x4A70 (19056)
0x0816, 0x0816, 0x0816, 0x29D8, 0x97FF, 0x9FFF, 0x5E7E, 0x0D17, 0x2611, 0x2611, 0x2611, 0x2611, 0x2611, 0x2611, 0x2611, 0x1DD3,   // 0x4A80 (19072)
0x045B, 0x045C, 0x045C, 0x045C, 0x045C, 0x045C, 0x045C, 0x045C, 0x045C, 0x045C, 0x5E9E, 0x9FFF, 0x9FFF, 0x8F7F, 0x7E7E, 0x7E5E,   // 0x4A90 (19088)
0x7E5E, 0x86FE, 0x9FFF, 0x9FFF, 0x9FFF, 0x86BE, 0x7E5E, 0x7E5E, 0x7E7E, 0x979F, 0x9FFF, 0x9FFF, 0x8F1E, 0x7E5E, 0x7E5E, 0x7E5E,   // 0x4AA0 (19104)
0x7E9E, 0x7E5E, 0x7E5E, 0x7E5E, 0x8F5F, 0x9FFF, 0x8F3E, 0x7E5E, 0x7E5E, 0x7E5E, 0x7E5E, 0x7E5E, 0x7E5E, 0x86BE, 0x9FFF, 0x9FFF,   // 0x4AB0 (19120)
0x97FF, 0x7E9E, 0x7E5E, 0x7E5E, 0x7E7E, 0x97BF, 0x9FFF, 0x9FFF, 0x9FFF, 0x8F5F, 0x7E5E, 0x7E5E, 0x7E5E, 0x8F3E, 0x8F7F, 0x7E7E,   // 0x4AC0 (19136)
0x7E5E, 0x7E5E, 0x8F5F, 0x9FFF, 0x97DF, 0x7E7E, 0x7E5E, 0x7E5E, 0x86DE, 0x979F, 0x7E7E, 0x7E5E, 0x7E5E, 0x86DE, 0x9FFF, 0x9FFF,   // 0x4AD0 (19152)
0x9FFF, 0x979F, 0x75DD, 0x651C, 0x651C, 0x7E5D, 0x97FF, 0x9FFF, 0x9FFF, 0x86DE, 0x7E5E, 0x7E5E, 0x7E7E, 0x86BE, 0x7E5E, 0x7E5E,   // 0x4AE0 (19168)
0x7E7E, 0x8F7F, 0x9FFF, 0x9FFF, 0x8F5F, 0x7E5E, 0x7E5E, 0x7E5E, 0x7E9E, 0x7E5E, 0x7E5E, 0x7E5E, 0x8F1E, 0x9FFF, 0x8F5F, 0x7E5E,   // 0x4AF0 (19184)
0x7E5E, 0x7E5E, 0x7E9E, 0x97FF, 0x9FFF, 0x9FFF, 0x3618, 0x2611, 0x2611, 0x2611, 0x2611, 0x2611, 0x2611, 0x2611, 0x2611, 0x1DD3,   // 0x4B00 (19200)
0x045B, 0x045C, 0x045C, 0x045C, 0x045C, 0x045C, 0x045C, 0x045C, 0x045C, 0x045C, 0x14DC, 0x97DF, 0x9FFF, 0x9FFF, 0x9FFF, 0x9FFF,   // 0x4B10 (19216)
0x9FFF, 0x9FFF, 0x9FFF, 0x9FFF, 0x9FFF, 0x9FFF, 0x9FFF, 0x9FFF, 0x9FFF, 0x9FFF, 0x9FFF, 0x9FFF, 0x9FFF, 0x9FFF, 0x9FFF, 0x9FFF,   // 0x4B20 (19232)
0x9FFF, 0x9FFF, 0x9FFF, 0x9FFF, 0x9FFF, 0x9FFF, 0x9FFF, 0x9FFF, 0x9FFF, 0x9FFF, 0x9FFF, 0x9FFF, 0x9FFF, 0x9FFF, 0x9FFF, 0x9FFF,   // 0x4B30 (19248)
0x9FFF, 0x9FFF, 0x9FFF, 0x9FFF, 0x9FFF, 0x9FFF, 0x9FFF, 0x9FFF, 0x9FFF, 0x9FFF, 0x9FFF, 0x9FFF, 0x9FFF, 0x9FFF, 0x9FFF, 0x9FFF,   // 0x4B40 (19264)
0x9FFF, 0x9FFF, 0x9FFF, 0x9FFF, 0x9FFF, 0x9FFF, 0x9FFF, 0x9FFF, 0x9FFF, 0x9FFF, 0x9FFF, 0x9FFF, 0x9FFF, 0x9FFF, 0x9FFF, 0x9FFF,   // 0x4B50 (19280)
0x9FFF, 0x9FFF, 0x9FFF, 0x9FFF, 0x9FFF, 0x9FFF, 0x9FFF, 0x9FFF, 0x9FFF, 0x9FFF, 0x9FFF, 0x9FFF, 0x9FFF, 0x9FFF, 0x9FFF, 0x9FFF,   // 0x4B60 (19296)
0x9FFF, 0x9FFF, 0x9FFF, 0x9FFF, 0x9FFF, 0x9FFF, 0x9FFF, 0x9FFF, 0x9FFF, 0x9FFF, 0x9FFF, 0x9FFF, 0x9FFF, 0x9FFF, 0x9FFF, 0x9FFF,   // 0x4B70 (19312)
0x9FFF, 0x9FFF, 0x9FFF, 0x9FFF, 0x9FFF, 0x777C, 0x2611, 0x2611, 0x2611, 0x2611, 0x2611, 0x2611, 0x2611, 0x2611, 0x2611, 0x1DD3,   // 0x4B80 (19328)
0x045B, 0x045C, 0x045C, 0x045C, 0x045C, 0x045C, 0x045C, 0x045C, 0x045C, 0x045C, 0x045C, 0x359D, 0x97FF, 0x9FFF, 0x9FFF, 0x9FFF,   // 0x4B90 (19344)
0x9FFF, 0x9FFF, 0x9FFF, 0x9FFF, 0x9FFF, 0x9FFF, 0x9FFF, 0x9FFF, 0x9FFF, 0x9FFF, 0x9FFF, 0x9FFF, 0x9FFF, 0x9FFF, 0x9FFF, 0x9FFF,   // 0x4BA0 (19360)
0x9FFF, 0x9FFF, 0x9FFF, 0x9FFF, 0x9FFF, 0x9FFF, 0x9FFF, 0x9FFF, 0x9FFF, 0x9FFF, 0x9FFF, 0x9FFF, 0x9FFF, 0x9FFF, 0x9FFF, 0x9FFF,   // 0x4BB0 (19376)
0x9FFF, 0x9FFF, 0x9FFF, 0x9FFF, 0x9FFF, 0x9FFF, 0x9FFF, 0x9FFF, 0x9FFF, 0x9FFF, 0x9FFF, 0x9FFF, 0x9FFF, 0x9FFF, 0x9FFF, 0x9FFF,   // 0x4BC0 (19392)
0x9FFF, 0x9FFF, 0x9FFF, 0x9FFF, 0x9FFF, 0x9FFF, 0x9FFF, 0x9FFF, 0x9FFF, 0x9FFF, 0x9FFF, 0x9FFF, 0x9FFF, 0x9FFF, 0x9FFF, 0x9FFF,   // 0x4BD0 (19408)
0x9FFF, 0x9FFF, 0x9FFF, 0x9FFF, 0x9FFF, 0x9FFF, 0x9FFF, 0x9FFF, 0x9FFF, 0x9FFF, 0x9FFF, 0x9FFF, 0x9FFF, 0x9FFF, 0x9FFF, 0x9FFF,   // 0x4BE0 (19424)
0x9FFF, 0x9FFF, 0x9FFF, 0x9FFF, 0x9FFF, 0x9FFF, 0x9FFF, 0x9FFF, 0x9FFF, 0x9FFF, 0x9FFF, 0x9FFF, 0x9FFF, 0x9FFF, 0x9FFF, 0x9FFF,   // 0x4BF0 (19440)
0x9FFF, 0x9FFF, 0x9FFF, 0x9FFF, 0x8FBD, 0x2E52, 0x2611, 0x2611, 0x2611, 0x2611, 0x2611, 0x2611, 0x2611, 0x2611, 0x2611, 0x1DD3,   // 0x4C00 (19456)
0x045B, 0x045C, 0x045C, 0x045C, 0x045C, 0x045C, 0x045C, 0x045C, 0x045C, 0x045C, 0x045C, 0x045C, 0x255D, 0x877F, 0x9FFF, 0x9FFF,   // 0x4C10 (19472)
0x9FFF, 0x9FFF, 0x9FFF, 0x9FFF, 0x9FFF, 0x9FFF, 0x9FFF, 0x9FFF, 0x9FFF, 0x9FFF, 0x9FFF, 0x9FFF, 0x9FFF, 0x9FFF, 0x9FFF, 0x9FFF,   // 0x4C20 (19488)
0x9FFF, 0x9FFF, 0x9FFF, 0x9FFF, 0x9FFF, 0x9FFF, 0x9FFF, 0x9FFF, 0x9FFF, 0x9FFF, 0x9FFF, 0x9FFF, 0x9FFF, 0x9FFF, 0x9FFF, 0x9FFF,   // 0x4C30 (19504)
0x9FFF, 0x9FFF, 0x9FFF, 0x9FFF, 0x9FFF, 0x9FFF, 0x9FFF, 0x9FFF, 0x9FFF, 0x9FFF, 0x9FFF, 0x9FFF, 0x9FFF, 0x9FFF, 0x9FFF, 0x9FFF,   // 0x4C40 (19520)
0x9FFF, 0x9FFF, 0x9FFF, 0x9FFF, 0x9FFF, 0x9FFF, 0x9FFF, 0x9FFF, 0x9FFF, 0x9FFF, 0x9FFF, 0x9FFF, 0x9FFF, 0x9FFF, 0x9FFF, 0x9FFF,   // 0x4C50 (19536)
0x9FFF, 0x9FFF, 0x9FFF, 0x9FFF, 0x9FFF, 0x9FFF, 0x9FFF, 0x9FFF, 0x9FFF, 0x9FFF, 0x9FFF, 0x9FFF, 0x9FFF, 0x9FFF, 0x9FFF, 0x9FFF,   // 0x4C60 (19552)
0x9FFF, 0x9FFF, 0x9FFF, 0x9FFF, 0x9FFF, 0x9FFF, 0x9FFF, 0x9FFF, 0x9FFF, 0x9FFF, 0x9FFF, 0x9FFF, 0x9FFF, 0x9FFF, 0x9FFF, 0x9FFF,   // 0x4C70 (19568)
0x9FFF, 0x9FFF, 0x9FFF, 0x777B, 0x2E52, 0x2611, 0x2611, 0x2611, 0x2611, 0x2611, 0x2611, 0x2611, 0x2611, 0x2611, 0x2611, 0x1DD3,   // 0x4C80 (19584)
0x045B, 0x045C, 0x045C, 0x045C, 0x045C, 0x045C, 0x045C, 0x045C, 0x045C, 0x045C, 0x045C, 0x045C, 0x045C, 0x047C, 0x359D, 0x567E,   // 0x4C90 (19600)
0x66BE, 0x66BE, 0x66BE, 0x66DD, 0x6F1C, 0x6F1C, 0x6F1C, 0x6F1C, 0x6F1C, 0x6F1C, 0x6F1C, 0x6F1C, 0x6F1C, 0x6F1C, 0x6F1C, 0x6F1C,   // 0x4CA0 (19616)
0x6F1C, 0x6F1C, 0x6F1C, 0x6F1C, 0x6F1B, 0x6F1B, 0x6F1B, 0x66FD, 0x66BE, 0x66BE, 0x66BE, 0x66BE, 0x66BE, 0x66BE, 0x66BE, 0x66BE,   // 0x4CB0 (19632)
0x66BE, 0x66BE, 0x66BE, 0x66BE, 0x66BE, 0x66BE, 0x66BE, 0x66BE, 0x66BE, 0x66BE, 0x66BE, 0x66BE, 0x66BE, 0x66BE, 0x66BE, 0x66BE,   // 0x4CC0 (19648)
0x66BE, 0x66BE, 0x66BE, 0x66BE, 0x66BE, 0x66BE, 0x66BE, 0x66BE, 0x66BE, 0x66BE, 0x66BE, 0x66BE, 0x66BE, 0x66BE, 0x66BE, 0x66BE,   // 0x4CD0 (19664)
0x66BE, 0x66BE, 0x66BE, 0x66BE, 0x66BE, 0x66BE, 0x66BE, 0x66BE, 0x66BE, 0x66BE, 0x66BE, 0x66BE, 0x66BE, 0x66BE, 0x66BE, 0x66BE,   // 0x4CE0 (19680)
0x66BE, 0x66BE, 0x66BE, 0x66BE, 0x66BE, 0x66BE, 0x66BE, 0x66BE, 0x66BE, 0x66BE, 0x66BE, 0x66BE, 0x66BE, 0x66BE, 0x66FD, 0x6F3B,   // 0x4CF0 (19696)
0x6F5A, 0x5F18, 0x3E74, 0x2611, 0x2611, 0x2611, 0x2611, 0x2611, 0x2611, 0x2611, 0x2611, 0x2611, 0x2611, 0x2611, 0x2611, 0x1DD3,   // 0x4D00 (19712)
0x045B, 0x045C, 0x045C, 0x045C, 0x045C, 0x045C, 0x045C, 0x045C, 0x045C, 0x045C, 0x045C, 0x045C, 0x045C, 0x045C, 0x045C, 0x045C,   // 0x4D10 (19728)
0x045C, 0x045C, 0x0CD9, 0x1575, 0x1575, 0x1575, 0x1575, 0x1575, 0x1575, 0x1575, 0x1575, 0x1575, 0x1595, 0x1595, 0x1595, 0x1595,   // 0x4D20 (19744)
0x1595, 0x1595, 0x1D94, 0x1D94, 0x1D94, 0x1D94, 0x1595, 0x047B, 0x045C, 0x045C, 0x045C, 0x045C, 0x045C, 0x045C, 0x045C, 0x045C,   // 0x4D30 (19760)
0x045C, 0x045C, 0x045C, 0x045C, 0x045C, 0x045C, 0x045C, 0x045C, 0x045C, 0x045C, 0x045C, 0x045C, 0x045C, 0x045C, 0x045C, 0x045C,   // 0x4D40 (19776)
0x045C, 0x045C, 0x045C, 0x045C, 0x045C, 0x045C, 0x045C, 0x045C, 0x045C, 0x045C, 0x045C, 0x045C, 0x045C, 0x045C, 0x045C, 0x045C,   // 0x4D50 (19792)
0x045C, 0x045C, 0x045C, 0x045C, 0x045C, 0x045C, 0x045C, 0x045C, 0x045C, 0x045C, 0x045C, 0x045C, 0x045C, 0x045C, 0x045C, 0x045C,   // 0x4D60 (19808)
0x045C, 0x045C, 0x045C, 0x045C, 0x045C, 0x045C, 0x045C, 0x045C, 0x045C, 0x045C, 0x045C, 0x049A, 0x1556, 0x25F2, 0x2611, 0x2611,   // 0x4D70 (19824)
0x2611, 0x2611, 0x2611, 0x2611, 0x2611, 0x2611, 0x2611, 0x2611, 0x2611, 0x2611, 0x2611, 0x2611, 0x2611, 0x2611, 0x2611, 0x1DD3,   // 0x4D80 (19840)
0x045B, 0x045C, 0x045C, 0x045C, 0x045C, 0x045C, 0x045C, 0x045C, 0x045C, 0x045C, 0x045C, 0x045C, 0x045C, 0x045C, 0x045C, 0x045C,   // 0x4D90 (19856)
0x045C, 0x0CF8, 0x1575, 0x1575, 0x1575, 0x1575, 0x1575, 0x1575, 0x1575, 0x1575, 0x1575, 0x1575, 0x1595, 0x1595, 0x1595, 0x1595,   // 0x4DA0 (19872)
0x1595, 0x1595, 0x1D94, 0x1D94, 0x1D94, 0x1D94, 0x0D18, 0x045C, 0x045C, 0x045C, 0x045C, 0x045C, 0x045C, 0x045C, 0x045C, 0x045C,   // 0x4DB0 (19888)
0x045C, 0x045C, 0x045C, 0x045C, 0x045C, 0x045C, 0x045C, 0x045C, 0x045C, 0x045C, 0x045C, 0x045C, 0x045C, 0x045C, 0x045C, 0x045C,   // 0x4DC0 (19904)
0x045C, 0x045C, 0x045C, 0x045C, 0x045C, 0x045C, 0x045C, 0x045C, 0x045C, 0x045C, 0x045C, 0x045C, 0x045C, 0x045C, 0x045C, 0x045C,   // 0x4DD0 (19920)
0x045C, 0x045C, 0x045C, 0x045C, 0x045C, 0x045C, 0x045C, 0x045C, 0x045C, 0x045C, 0x045C, 0x045C, 0x045C, 0x045C, 0x045C, 0x045C,   // 0x4DE0 (19936)
0x045C, 0x045C, 0x045C, 0x045C, 0x045C, 0x045C, 0x045C, 0x045C, 0x045C, 0x0CD9, 0x1D94, 0x2611, 0x2611, 0x2611, 0x2611, 0x2611,   // 0x4DF0 (19952)
0x2611, 0x2611, 0x2611, 0x2611, 0x2611, 0x2611, 0x2611, 0x2611, 0x2611, 0x2611, 0x2611, 0x2611, 0x2611, 0x2611, 0x2611, 0x1DD3,   // 0x4E00 (19968)
0x045B, 0x045C, 0x045C, 0x045C, 0x045C, 0x045C, 0x045C, 0x045C, 0x045C, 0x045C, 0x045C, 0x045C, 0x045C, 0x045C, 0x045C, 0x047B,   // 0x4E10 (19984)
0x0D17, 0x1575, 0x1575, 0x1575, 0x1575, 0x1575, 0x1575, 0x1575, 0x1575, 0x1575, 0x1575, 0x1575, 0x1595, 0x1595, 0x1595, 0x1595,   // 0x4E20 (20000)
0x1595, 0x1595, 0x1D94, 0x1D94, 0x1D94, 0x1595, 0x047B, 0x045C, 0x045C, 0x045C, 0x045C, 0x045C, 0x045C, 0x045C, 0x045C, 0x045C,   // 0x4E30 (20016)
0x045C, 0x045C, 0x045C, 0x045C, 0x045C, 0x045C, 0x045C, 0x045C, 0x045C, 0x045C, 0x045C, 0x045C, 0x045C, 0x045C, 0x045C, 0x045C,   // 0x4E40 (20032)
0x045C, 0x045C, 0x045C, 0x045C, 0x045C, 0x045C, 0x045C, 0x045C, 0x045C, 0x045C, 0x045C, 0x045C, 0x045C, 0x045C, 0x045C, 0x045C,   // 0x4E50 (20048)
0x045C, 0x045C, 0x045C, 0x045C, 0x045C, 0x045C, 0x045C, 0x045C, 0x045C, 0x045C, 0x045C, 0x045C, 0x045C, 0x045C, 0x045C, 0x045C,   // 0x4E60 (20064)
0x045C, 0x045C, 0x045C, 0x045C, 0x045C, 0x045C, 0x045C, 0x0CD9, 0x1DB3, 0x2611, 0x2611, 0x2611, 0x2611, 0x2611, 0x2611, 0x2611,   // 0x4E70 (20080)
0x2611, 0x2611, 0x2611, 0x2611, 0x2611, 0x2611, 0x2611, 0x2611, 0x2611, 0x2611, 0x2611, 0x2611, 0x2611, 0x2611, 0x2611, 0x1DD3,   // 0x4E80 (20096)
0x045B, 0x045C, 0x045C, 0x045C, 0x045C, 0x045C, 0x045C, 0x045C, 0x045C, 0x045C, 0x045C, 0x045C, 0x045C, 0x045C, 0x047B, 0x1537,   // 0x4E90 (20112)
0x1575, 0x1575, 0x1575, 0x1575, 0x1575, 0x1575, 0x1575, 0x1575, 0x1575, 0x1575, 0x1575, 0x1575, 0x1595, 0x1595, 0x1595, 0x1595,   // 0x4EA0 (20128)
0x1595, 0x1595, 0x1D94, 0x1D94, 0x1D94, 0x0D18, 0x045C, 0x045C, 0x045C, 0x045C, 0x045C, 0x045C, 0x045C, 0x045C, 0x045C, 0x045C,   // 0x4EB0 (20144)
0x045C, 0x045C, 0x045C, 0x045C, 0x045C, 0x045C, 0x045C, 0x045C, 0x045C, 0x045C, 0x045C, 0x045C, 0x045C, 0x045C, 0x045C, 0x045C,   // 0x4EC0 (20160)
0x045C, 0x045C, 0x045C, 0x045C, 0x045C, 0x045C, 0x045C, 0x045C, 0x045C, 0x045C, 0x045C, 0x045C, 0x045C, 0x045C, 0x045C, 0x045C,   // 0x4ED0 (20176)
0x045C, 0x045C, 0x045C, 0x045C, 0x045C, 0x045C, 0x045C, 0x045C, 0x045C, 0x045C, 0x045C, 0x045C, 0x045C, 0x045C, 0x045C, 0x045C,   // 0x4EE0 (20192)
0x045C, 0x045C, 0x045C, 0x045C, 0x045C, 0x049A, 0x1D94, 0x2611, 0x2611, 0x2611, 0x2611, 0x2611, 0x2611, 0x2611, 0x2611, 0x2611,   // 0x4EF0 (20208)
0x2611, 0x2611, 0x2611, 0x2611, 0x2611, 0x2611, 0x2611, 0x2611, 0x2611, 0x2611, 0x2611, 0x2611, 0x2611, 0x2611, 0x2611, 0x1DD3,   // 0x4F00 (20224)
0x045B, 0x045C, 0x045C, 0x045C, 0x045C, 0x045C, 0x045C, 0x045C, 0x045C, 0x045C, 0x045C, 0x045C, 0x045C, 0x049B, 0x1556, 0x1575,   // 0x4F10 (20240)
0x1575, 0x1575, 0x1575, 0x1575, 0x1575, 0x1575, 0x1575, 0x1575, 0x1575, 0x1575, 0x1575, 0x1575, 0x1595, 0x1595, 0x1595, 0x1595,   // 0x4F20 (20256)
0x1595, 0x1D94, 0x1D94, 0x1D94, 0x1595, 0x047B, 0x045C, 0x045C, 0x045C, 0x045C, 0x045C, 0x045C, 0x045C, 0x045C, 0x045C, 0x045C,   // 0x4F30 (20272)
0x045C, 0x045C, 0x045C, 0x045C, 0x045C, 0x045C, 0x045C, 0x045C, 0x045C, 0x045C, 0x045C, 0x045C, 0x045C, 0x045C, 0x045C, 0x045C,   // 0x4F40 (20288)
0x045C, 0x045C, 0x045C, 0x045C, 0x045C, 0x045C, 0x045C, 0x045C, 0x045C, 0x045C, 0x045C, 0x045C, 0x045C, 0x045C, 0x045C, 0x045C,   // 0x4F50 (20304)
0x045C, 0x045C, 0x045C, 0x045C, 0x045C, 0x045C, 0x045C, 0x045C, 0x045C, 0x045C, 0x045C, 0x045C, 0x045C, 0x045C, 0x045C, 0x045C,   // 0x4F60 (20320)
0x045C, 0x045C, 0x045C, 0x045C, 0x0CF8, 0x25F2, 0x2611, 0x2611, 0x2611, 0x2611, 0x2611, 0x2611, 0x2611, 0x2611, 0x2611, 0x2611,   // 0x4F70 (20336)
0x2611, 0x2611, 0x2611, 0x2611, 0x2611, 0x2611, 0x2611, 0x2611, 0x2611, 0x2611, 0x2611, 0x2611, 0x2611, 0x2611, 0x2611, 0x1DD3,   // 0x4F80 (20352)
0x045B, 0x045B, 0x045B, 0x045B, 0x045B, 0x045B, 0x045B, 0x045B, 0x045B, 0x045B, 0x045B, 0x045B, 0x045B, 0x0CF8, 0x0D17, 0x0D17,   // 0x4F90 (20368)
0x0D17, 0x0D17, 0x0D17, 0x0D17, 0x0D17, 0x0D17, 0x0D17, 0x0D17, 0x0D17, 0x0D17, 0x0D17, 0x0D17, 0x0D17, 0x0D17, 0x0D17, 0x0D17,   // 0x4FA0 (20384)
0x0D17, 0x0D17, 0x0D17, 0x1517, 0x0CF7, 0x045B, 0x045B, 0x045B, 0x045B, 0x045B, 0x045B, 0x045B, 0x045B, 0x045B, 0x045B, 0x045B,   // 0x4FB0 (20400)
0x045B, 0x045B, 0x045B, 0x045B, 0x045B, 0x045B, 0x045B, 0x045B, 0x045B, 0x045B, 0x045B, 0x045B, 0x045B, 0x045B, 0x045B, 0x045B,   // 0x4FC0 (20416)
0x045B, 0x045B, 0x045B, 0x045B, 0x045B, 0x045B, 0x045B, 0x045B, 0x045B, 0x045B, 0x045B, 0x045B, 0x045B, 0x045B, 0x045B, 0x045B,   // 0x4FD0 (20432)
0x045B, 0x045B, 0x045B, 0x045B, 0x045B, 0x045B, 0x045B, 0x045B, 0x045B, 0x045B, 0x045B, 0x045B, 0x045B, 0x045B, 0x045B, 0x045B,   // 0x4FE0 (20448)
0x045B, 0x045B, 0x045B, 0x047B, 0x1555, 0x1576, 0x1576, 0x1576, 0x1576, 0x1576, 0x1576, 0x1576, 0x1576, 0x1576, 0x1576, 0x1576,   // 0x4FF0 (20464)
0x1576, 0x1576, 0x1576, 0x1576, 0x1576, 0x1576, 0x1576, 0x1576, 0x1576, 0x1576, 0x1576, 0x1576, 0x1576, 0x1576, 0x1576, 0x1556,   // 0x5000 (20480)
};
