// --- COLE A ARRAY DA SUA IMAGEM AQUI ---
const uint16_t Credit_liberad[] PROGMEM = {
0x7D9C, 0x7D9C, 0x7DBC, 0x7DBC, 0x7DBC, 0x7DBC, 0x7DBC, 0x7DBC, 0x7DBC, 0x7DBC, 0x7DBC, 0x7DBC, 0x7DBC, 0x7DBC, 0x7DBC, 0x7DBC,   // 0x0010 (16)
0x7DDC, 0x7DBC, 0x7DDC, 0x7DDC, 0x85DC, 0x85DC, 0x7DDC, 0x85FC, 0x85DC, 0x85DC, 0x85FC, 0x85FC, 0x85FC, 0x85FC, 0x861C, 0x861C,   // 0x0020 (32)
0x861C, 0x861C, 0x861C, 0x861C, 0x8E1C, 0x8E1C, 0x8E1C, 0x8E1C, 0x8E3C, 0x8E3C, 0x8E3C, 0x8E3C, 0x8E3C, 0x965C, 0x965C, 0x965C,   // 0x0030 (48)
0x965C, 0x965C, 0x965C, 0x965C, 0x965C, 0x967C, 0x967C, 0x967C, 0x9E7C, 0x9E7C, 0x9E7C, 0x9E7C, 0x9E7B, 0x9E9B, 0x9E9B, 0x9E9B,   // 0x0040 (64)
0x9E9B, 0x9E9B, 0x9E9B, 0x9E9B, 0x9EBB, 0x9EBB, 0xA6BB, 0xA6BB, 0xA6BB, 0xA6BB, 0xA6BB, 0xA6BB, 0xA6BB, 0xA6BB, 0xA6BB, 0xA6DB,   // 0x0050 (80)
0xA6DB, 0xA6DB, 0xA6DB, 0xA6DB, 0xA6DB, 0xA6DB, 0xA6DB, 0xA6DB, 0xA6DB, 0xA6DB, 0xA6DA, 0xA6DA, 0xA6DA, 0xA6DA, 0xA6DA, 0xA6FA,   // 0x0060 (96)
0xA6FA, 0xA6FA, 0xA6FA, 0xA6FA, 0xA6FA, 0xA6FA, 0xA6FA, 0xA6FA, 0xA6FA, 0xA6FA, 0xA6FA, 0xA6FA, 0xA6FA, 0xAF1A, 0xAF1A, 0xAF1A,   // 0x0070 (112)
0xAF1A, 0xAF1A, 0xAF1A, 0xAF1A, 0xAF1A, 0xAF1A, 0xAF3A, 0xAF3A, 0xAF3A, 0xAF3A, 0xAF3A, 0xAF3A, 0xAF3A, 0xAF39, 0xAF39, 0xAF39,   // 0x0080 (128)
0x7D9C, 0x7D9C, 0x7DBC, 0x7DBC, 0x7DBC, 0x7DBC, 0x7DBC, 0x7DBC, 0x7DBC, 0x7DBC, 0x7DBC, 0x7DBC, 0x7DBC, 0x7DBC, 0x7DBC, 0x7DBC,   // 0x0090 (144)
0x7DDC, 0x7DDC, 0x7DDC, 0x85DC, 0x85DC, 0x7DDC, 0x85FC, 0x85DC, 0x85DC, 0x85DC, 0x85FC, 0x85FC, 0x85FC, 0x85FC, 0x861C, 0x861C,   // 0x00A0 (160)
0x861C, 0x861C, 0x861C, 0x8E1C, 0x8E1C, 0x8E1C, 0x8E1C, 0x8E3C, 0x8E3C, 0x8E3C, 0x8E3C, 0x965C, 0x965C, 0x965C, 0x965C, 0x965C,   // 0x00B0 (176)
0x965C, 0x965C, 0x965C, 0x9E5C, 0x9E7C, 0x9E7C, 0x9E7C, 0x9E7C, 0x9E7C, 0x9E7C, 0x9E7C, 0x9E9B, 0x9E9B, 0x9E9B, 0x9E9B, 0x9E9B,   // 0x00C0 (192)
0x9E9B, 0x9E9C, 0xA69B, 0xA6BB, 0xA6BB, 0xA6BB, 0xA6BB, 0xA6BB, 0xA6BB, 0xA6BB, 0xA6DB, 0xA6DB, 0xA6DB, 0xA6DB, 0xA6DB, 0xA6DB,   // 0x00D0 (208)
0xA6DB, 0xA6DB, 0xA6DB, 0xA6DB, 0xA6DB, 0xA6DB, 0xA6DB, 0xA6DB, 0xA6DB, 0xA6DB, 0xA6DB, 0xA6DB, 0xA6DA, 0xA6DA, 0xA6FA, 0xA6FA,   // 0x00E0 (224)
0xA6FA, 0xA6FA, 0xA6FA, 0xA6FA, 0xA6FA, 0xA6FA, 0xA6FA, 0xA71A, 0xA71A, 0xA6FA, 0xA6FA, 0xA6FA, 0xAF1A, 0xAF1A, 0xAF1A, 0xAF1A,   // 0x00F0 (240)
0xAF1A, 0xAF1A, 0xAF1A, 0xAF1A, 0xAF1A, 0xAF3A, 0xAF3A, 0xAF3A, 0xAF3A, 0xAF3A, 0xAF3A, 0xAF3A, 0xAF39, 0xAF39, 0xAF39, 0xB739,   // 0x0100 (256)
0x7D9C, 0x7DBC, 0x7DBC, 0x7DBC, 0x7DBC, 0x7DBC, 0x7DBC, 0x7DBC, 0x7DBC, 0x7DBC, 0x7DBC, 0x7DBC, 0x7DBC, 0x7DBC, 0x7DBC, 0x7DBC,   // 0x0110 (272)
0x7DBC, 0x7DDC, 0x7DDC, 0x85DC, 0x7DDC, 0x85DC, 0x85FC, 0x85DC, 0x85DC, 0x85FC, 0x85FC, 0x85FC, 0x85FC, 0x861C, 0x861C, 0x861C,   // 0x0120 (288)
0x861C, 0x861C, 0x8E1C, 0x8E1C, 0x8E1C, 0x8E3C, 0x8E3C, 0x8E3C, 0x8E3C, 0x8E3C, 0x965C, 0x965C, 0x965C, 0x965C, 0x965C, 0x965C,   // 0x0130 (304)
0x9E5C, 0x9E7C, 0x9E7C, 0x9E7C, 0x9E7C, 0x9E7C, 0x9E7C, 0x9E9C, 0x9E9C, 0x9E9C, 0x9E9C, 0x9E9C, 0x9E9C, 0xA69C, 0xA69C, 0xA69C,   // 0x0140 (320)
0xA69C, 0xA6BC, 0xA6BC, 0xA6BB, 0xA6BB, 0xA6BC, 0xA6DB, 0xAEDB, 0xAEDB, 0xAEDB, 0xAEDB, 0xAEDB, 0xAEDB, 0xAEDB, 0xAEDB, 0xAEDB,   // 0x0150 (336)
0xAEDB, 0xAEDB, 0xAEDB, 0xAEDB, 0xA6DB, 0xA6DB, 0xA6DB, 0xA6DB, 0xA6FB, 0xA6DB, 0xA6DB, 0xA6FA, 0xA6FA, 0xA6FA, 0xA6FA, 0xA6FA,   // 0x0160 (352)
0xA6FA, 0xA6FA, 0xA6FA, 0xA6FA, 0xA6FA, 0xA6FA, 0xA6FA, 0xA71A, 0xA71A, 0xA6FA, 0xA6FA, 0xA6FA, 0xAF1A, 0xAF1A, 0xAF1A, 0xAF1A,   // 0x0170 (368)
0xAF1A, 0xAF1A, 0xAF1A, 0xAF1A, 0xAF3A, 0xAF3A, 0xAF3A, 0xAF3A, 0xAF3A, 0xAF3A, 0xAF3A, 0xAF3A, 0xAF39, 0xAF39, 0xAF39, 0xB759,   // 0x0180 (384)
0x7DBC, 0x7DBC, 0x7DBC, 0x7DBC, 0x7DBC, 0x7DBC, 0x7DBC, 0x7DBC, 0x7DBC, 0x7DBC, 0x7DBC, 0x7DBC, 0x7DBC, 0x7DBC, 0x7DBC, 0x7DDC,   // 0x0190 (400)
0x7DBC, 0x7DDC, 0x7DDC, 0x85DC, 0x85DC, 0x85FC, 0x85DC, 0x85DC, 0x85FC, 0x85FC, 0x85FC, 0x85FC, 0x85FC, 0x861C, 0x861C, 0x861C,   // 0x01A0 (416)
0x861C, 0x861C, 0x8E1C, 0x8E1C, 0x8E3C, 0x8E3C, 0x8E3C, 0x8E3C, 0x8E3C, 0x963C, 0x965C, 0x965C, 0x965C, 0x965C, 0x9E5C, 0x9E7C,   // 0x01B0 (432)
0x9E7C, 0x9E7C, 0x9E7C, 0x9E7C, 0xA69C, 0xA69C, 0xA69C, 0xA69C, 0xA69C, 0xA69C, 0xA69C, 0xA69C, 0xA6BC, 0xA6BC, 0xA6BC, 0xA6BC,   // 0x01C0 (448)
0xA6BC, 0xA6BC, 0xA6BB, 0xA6BC, 0xAEDC, 0xAEDC, 0xAEDC, 0xAEDB, 0xAEDC, 0xAEDC, 0xAEDC, 0xAEDC, 0xAEFC, 0xAEDB, 0xAEFC, 0xAEFB,   // 0x01D0 (464)
0xAEDB, 0xAEFB, 0xAEFB, 0xAEDB, 0xAEDB, 0xAEDB, 0xA6DB, 0xA6FB, 0xA6FB, 0xA6FB, 0xA6DB, 0xA6FA, 0xA6FA, 0xA6FA, 0xA6FA, 0xA6FA,   // 0x01E0 (480)
0xA6FA, 0xA6FA, 0xA6FA, 0xA6FA, 0xA6FA, 0xA6FA, 0xA71A, 0xA71A, 0xA6FA, 0xA6FA, 0xA6FA, 0xAF1A, 0xAF1A, 0xAF1A, 0xAF1A, 0xAF1A,   // 0x01F0 (496)
0xAF1A, 0xAF1A, 0xAF1A, 0xAF1A, 0xAF3A, 0xAF3A, 0xAF3A, 0xAF3A, 0xAF3A, 0xAF3A, 0xAF3A, 0xAF3A, 0xAF39, 0xAF39, 0xB739, 0xB759,   // 0x0200 (512)
0x7DBC, 0x7DBC, 0x7DBC, 0x7DBC, 0x7DBC, 0x7DBC, 0x7DBC, 0x7DBC, 0x7DBC, 0x7DBC, 0x7DBC, 0x7DBC, 0x7DBC, 0x7DBC, 0x7DBC, 0x7DDC,   // 0x0210 (528)
0x7DDC, 0x7DDC, 0x85DC, 0x85DC, 0x85FC, 0x85DC, 0x85DC, 0x85DC, 0x85FC, 0x85FC, 0x85FC, 0x85FC, 0x85FC, 0x861C, 0x861C, 0x861C,   // 0x0220 (544)
0x861C, 0x861C, 0x8E1C, 0x8E1C, 0x8E3C, 0x8E3C, 0x8E3C, 0x8E3C, 0x965C, 0x965C, 0x965C, 0x965C, 0x965C, 0x9E5C, 0x9E7C, 0x9E7C,   // 0x0230 (560)
0x9E7C, 0xA69C, 0xA69C, 0xA69C, 0xA69C, 0xA69C, 0xA6BC, 0xA6BC, 0xA6BC, 0xA6BC, 0xA6BC, 0xA6BC, 0xA6BC, 0xA6BC, 0xAEBC, 0xAEDC,   // 0x0240 (576)
0xAEDC, 0xAEDC, 0xAEDC, 0xAEDC, 0xAEDC, 0xAEDC, 0xB6DC, 0xB6DC, 0xB6FC, 0xB6FC, 0xB6FC, 0xB6FC, 0xB6FC, 0xB6FC, 0xB6FC, 0xB6FC,   // 0x0250 (592)
0xB6FC, 0xAEFC, 0xAEFB, 0xAEFB, 0xAEFB, 0xAEFB, 0xAEFB, 0xAEFB, 0xA6FB, 0xA6FB, 0xA6FA, 0xA6FA, 0xA6FA, 0xA6FA, 0xA6FA, 0xA6FA,   // 0x0260 (608)
0xA6FA, 0xA6FA, 0xA6FA, 0xA6FA, 0xA6FA, 0xA6FA, 0x9EFA, 0x96BA, 0x9EBA, 0xA6FA, 0xA71A, 0xAF1A, 0xAF1A, 0xAF1A, 0xAF1A, 0xAF1A,   // 0x0270 (624)
0xAF1A, 0xAF1A, 0xAF1A, 0xAF3A, 0xAF3A, 0xAF3A, 0xAF3A, 0xAF3A, 0xAF3A, 0xAF3A, 0xAF3A, 0xAF39, 0xAF39, 0xAF39, 0xB759, 0xB75A,   // 0x0280 (640)
0x7DBC, 0x7DBC, 0x7DBC, 0x7DBC, 0x7DBC, 0x7DBC, 0x7DBC, 0x7DBC, 0x7DBC, 0x7DBC, 0x7DBC, 0x7DBC, 0x7DBC, 0x7DBC, 0x7DDC, 0x7DDC,   // 0x0290 (656)
0x7DDC, 0x85DC, 0x85DC, 0x85DC, 0x85FC, 0x85DC, 0x85DC, 0x85FC, 0x85FC, 0x85FC, 0x85FC, 0x85FC, 0x85FC, 0x861C, 0x861C, 0x861C,   // 0x02A0 (672)
0x861B, 0x8E1C, 0x8E1C, 0x8E3C, 0x8E3C, 0x8E3C, 0x8E3C, 0x963C, 0x965C, 0x965C, 0x965C, 0x965C, 0x9E7C, 0x9E7C, 0x9E7C, 0xA69C,   // 0x02B0 (688)
0xA69C, 0xA69C, 0xA69C, 0xA69C, 0xAEBC, 0xAEBC, 0xAEBC, 0xAEBC, 0xAEBC, 0xAEBC, 0xAEBC, 0xAEBC, 0xAEBC, 0xAEDC, 0xAEDC, 0xAEDC,   // 0x02C0 (704)
0xAEDC, 0xAEDC, 0xB6DC, 0xB6FC, 0xB6FC, 0xB6FC, 0xB6FC, 0xB6FC, 0xB6FC, 0xB6FC, 0xB6FC, 0xB71C, 0xB6FC, 0xB6FC, 0xB6FC, 0xB6FC,   // 0x02D0 (720)
0xB6FC, 0xB6FC, 0xB6FB, 0xAEFB, 0xAEFB, 0xAEFB, 0xAEFB, 0xAEFB, 0xAEFB, 0xA6FB, 0xA6FB, 0xA6FB, 0xA6FA, 0xA6FA, 0xA6FA, 0xA6FA,   // 0x02E0 (736)
0xA6FA, 0xA6FA, 0xA6FA, 0xA6FA, 0x9EDA, 0x7DF8, 0x6D98, 0x6D98, 0x6598, 0x6DB8, 0x8E79, 0xAF1A, 0xAF1A, 0xAF1A, 0xAF1A, 0xAF1A,   // 0x02F0 (752)
0xAF1A, 0xAF3A, 0xAF1A, 0xAF3A, 0xAF3A, 0xAF3A, 0xAF1A, 0xAF3A, 0xAF3A, 0xAF3A, 0xAF3A, 0xAF39, 0xB739, 0xB739, 0xB739, 0xB739,   // 0x0300 (768)
0x7DBC, 0x7DBC, 0x7DBC, 0x7DBC, 0x7DBC, 0x7DBC, 0x7DBC, 0x7DBC, 0x7DBC, 0x7DBC, 0x7DBC, 0x7DBC, 0x7DBC, 0x7DDC, 0x7DDC, 0x7DDC,   // 0x0310 (784)
0x7DDC, 0x85DC, 0x7DDC, 0x85DC, 0x85DC, 0x85DC, 0x85FC, 0x85FC, 0x85FC, 0x85FC, 0x8E1B, 0x9E9A, 0x9EB9, 0x967A, 0x861B, 0x861C,   // 0x0320 (800)
0x861B, 0x8E1C, 0x8E1C, 0x8E3C, 0x8E3C, 0x8E3C, 0x965C, 0x965C, 0x965C, 0x965C, 0x9E5C, 0x9E7C, 0x9E7C, 0xA67C, 0xA69C, 0xA69C,   // 0x0330 (816)
0xA69C, 0xA6BC, 0xAEBC, 0xAEBC, 0xAEBC, 0xAEBC, 0xAEDC, 0xAEDC, 0xAEDC, 0xAEDC, 0xAEDC, 0xAEDC, 0xB6DC, 0xB6DC, 0xB6DC, 0xB6DC,   // 0x0340 (832)
0xB6FC, 0xB6FC, 0xB6FC, 0xB6FC, 0xB6FC, 0xB6FC, 0xBEFC, 0xBEFC, 0xBF1C, 0xBF1C, 0xBF1C, 0xBF1C, 0xBF1C, 0xBF1C, 0xBF1C, 0xBF1C,   // 0x0350 (848)
0xBF1C, 0xB71C, 0xB6FB, 0xB6FB, 0xB6FB, 0xAEFB, 0xAEFB, 0xAEFB, 0xAEFB, 0xAEFB, 0xA6FB, 0xA6FB, 0xA6FA, 0xA6FA, 0xA6FA, 0xA6FA,   // 0x0360 (864)
0xA6FA, 0xA6FA, 0xA6FA, 0x9EDA, 0x6DB8, 0x6598, 0x6598, 0x6D98, 0x6DB8, 0x6598, 0x6DB8, 0x8638, 0xAF1A, 0xAF1A, 0xAF1A, 0xAF1A,   // 0x0370 (880)
0xAF3A, 0xAF3A, 0xAF3A, 0xAF3A, 0xAF3A, 0xAF3A, 0xAF1A, 0xAF3A, 0xAF3A, 0xB73A, 0xAF39, 0xAF39, 0xB739, 0xB739, 0xB739, 0xB739,   // 0x0380 (896)
0x7DBC, 0x7DBC, 0x7DBC, 0x7DBC, 0x7DBC, 0x7DBC, 0x7DBC, 0x7DBC, 0x7DBC, 0x7DBC, 0x7DBC, 0x7DBC, 0x7DBC, 0x7DBC, 0x7DDC, 0x7DDC,   // 0x0390 (912)
0x7DDC, 0x7DDC, 0x85DC, 0x85DC, 0x85DC, 0x85DC, 0x85FC, 0x85FC, 0x85FC, 0x8E1B, 0xAEF9, 0x9E99, 0x967A, 0xA6D9, 0x9EBA, 0x861B,   // 0x03A0 (928)
0x861B, 0x8E1C, 0x8E3C, 0x8E3C, 0x8E3C, 0x8E3C, 0x965C, 0x965C, 0x965C, 0x9E5C, 0x9E7C, 0x9E7C, 0xA67C, 0xA69C, 0xA69C, 0xA69C,   // 0x03B0 (944)
0xAEBC, 0xAEBC, 0xAEBC, 0xAEDD, 0xB6DC, 0xB6DD, 0xB6DC, 0xB6DC, 0xB6DC, 0xB6DC, 0xB6DC, 0xB6FC, 0xB6DC, 0xB6FC, 0xB6FC, 0xB6FC,   // 0x03C0 (960)
0xB6FC, 0xB6FC, 0xBEFC, 0xBEFC, 0xBEFC, 0xBF1C, 0xBF1C, 0xBF1C, 0xBF1C, 0xC71C, 0xC71C, 0xBF1C, 0xBF1C, 0xBF1C, 0xBF1C, 0xBF1C,   // 0x03D0 (976)
0xBF1C, 0xBF1C, 0xBF1C, 0xB71B, 0xB71B, 0xB6FB, 0xAEFB, 0xAEFB, 0xAEFB, 0xAEFB, 0xAEFB, 0xA6FB, 0xA6FA, 0xA6FA, 0xA6FA, 0xA6FA,   // 0x03E0 (992)
0xA6FA, 0xA6FA, 0xA6FA, 0x7DF8, 0x6D98, 0x6D98, 0x6598, 0x6598, 0x6D98, 0x6DB8, 0x75D8, 0x6DB8, 0x96B9, 0xAF1A, 0xAF1A, 0xAF1A,   // 0x03F0 (1008)
0xAF1A, 0xAF1A, 0xAF3A, 0xAF3A, 0xAF3A, 0xAF3A, 0xAF3A, 0xAF3A, 0xAF3A, 0xAF39, 0xAF39, 0xAF39, 0xB739, 0xB739, 0xB739, 0xB739,   // 0x0400 (1024)
0x7DBC, 0x7D9C, 0x7D9C, 0x7DBC, 0x7DBC, 0x7DBC, 0x7DBC, 0x7DBC, 0x7DBC, 0x7DBC, 0x7DBC, 0x7DBC, 0x7DBC, 0x7DBC, 0x7DDC, 0x7DDC,   // 0x0410 (1040)
0x85DC, 0x7DDC, 0x85DC, 0x85DC, 0x85DC, 0x85FC, 0x85FC, 0x85FC, 0x85FC, 0x9E9A, 0x9E99, 0x85FB, 0x85FB, 0x861A, 0xA719, 0x8E3B,   // 0x0420 (1056)
0x8E1C, 0x8E1C, 0x8E3C, 0x8E3C, 0x8E3C, 0x965C, 0x965C, 0x965C, 0x9E7C, 0x9E7C, 0x9E7C, 0xA69C, 0xA69C, 0xA69C, 0xAEBC, 0xAEBC,   // 0x0430 (1072)
0xAEBD, 0xB6BD, 0xB6DD, 0xB6DD, 0xB6DD, 0xB6FD, 0xB6FD, 0xB6FD, 0xBEFC, 0xBEFC, 0xBEFC, 0xBEFC, 0xBEFC, 0xBEFC, 0xBEFC, 0xBF1D,   // 0x0440 (1088)
0xBF1D, 0xBF1C, 0xBF1D, 0xC71D, 0xC71C, 0xC71C, 0xC71C, 0xC73C, 0xC73C, 0xC73C, 0xC73C, 0xC73D, 0xC73D, 0xC73C, 0xC73C, 0xC73C,   // 0x0450 (1104)
0xC73C, 0xBF1C, 0xBF1C, 0xBF1C, 0xB71C, 0xB71B, 0xB71B, 0xAF1B, 0xAEFB, 0xAEFB, 0xAEFB, 0xAEFB, 0xA6FB, 0xA6FA, 0xA6FA, 0xA6FA,   // 0x0460 (1120)
0xA6FA, 0xA6FA, 0x9EDA, 0x6597, 0x6598, 0x6D98, 0x6598, 0x6598, 0x6DB7, 0x96B9, 0x8658, 0x6DB8, 0x7E38, 0xAF1A, 0xAF1A, 0xAF1A,   // 0x0470 (1136)
0xAF1A, 0xAF3A, 0xAF3A, 0xAF3A, 0xAF3A, 0xAF3A, 0xAF3A, 0xAF3A, 0xB73A, 0xAF39, 0xAF39, 0xB739, 0xB739, 0xB739, 0xB739, 0xB739,   // 0x0480 (1152)
0x7D9C, 0x7D9C, 0x7D9C, 0x7DBC, 0x7DBC, 0x7DBC, 0x7DBC, 0x7DBC, 0x7DBC, 0x7DBC, 0x7DBC, 0x7DBC, 0x7DBC, 0x7DDC, 0x7DDC, 0x85DC,   // 0x0490 (1168)
0x7DDC, 0x85DC, 0x85DC, 0x85DC, 0x85DC, 0x85DC, 0x85FC, 0x85FC, 0x85FB, 0x9EB9, 0x8E5A, 0x85FB, 0x85FB, 0x85FB, 0xA6F9, 0x8E5A,   // 0x04A0 (1184)
0x8E1B, 0x8E3C, 0x8E3C, 0x8E3C, 0x965C, 0x965C, 0x965C, 0x965C, 0x9E7C, 0x9E7C, 0xA67C, 0xA69C, 0xA69C, 0xAEBC, 0xAEBC, 0xB6BD,   // 0x04B0 (1200)
0xB6DD, 0xB6DD, 0xB6FD, 0xBEFD, 0xBEFD, 0xBEFD, 0xBEFD, 0xBEFD, 0xBEFD, 0xBF1D, 0xBF1D, 0xBF1D, 0xBF1D, 0xBF1D, 0xC71D, 0xC71D,   // 0x04C0 (1216)
0xC71D, 0xC71D, 0xC71D, 0xC73D, 0xC73D, 0xCF3D, 0xCF3D, 0xCF3D, 0xCF3D, 0xCF5D, 0xCF5D, 0xCF5D, 0xCF5D, 0xCF5D, 0xC75D, 0xC73C,   // 0x04D0 (1232)
0xC73C, 0xC73C, 0xBF3C, 0xBF3C, 0xBF1C, 0xB71C, 0xB71B, 0xB71B, 0xAF1B, 0xAF1B, 0xAEFB, 0xAEFB, 0xAEFB, 0xA6FA, 0xA6FA, 0xA6FA,   // 0x04E0 (1248)
0xA6FA, 0xA6FA, 0x9699, 0x6598, 0x6597, 0x8639, 0x6DB8, 0x6DB8, 0x8E98, 0x8E78, 0x6DB7, 0x65B8, 0x75F8, 0xAF1A, 0xAF1A, 0xAF1A,   // 0x04F0 (1264)
0xAF1A, 0xAF3A, 0xAF3A, 0xAF3A, 0xAF3A, 0xAF1A, 0xAF3A, 0xB73A, 0xAF39, 0xAF39, 0xAF39, 0xB739, 0xB739, 0xB739, 0xB739, 0xB739,   // 0x0500 (1280)
0x7D9C, 0x7D9C, 0x7DBC, 0x7DBC, 0x7DBC, 0x7DBC, 0x7DBC, 0x7DBC, 0x7DBC, 0x7DBC, 0x7DBC, 0x7DBC, 0x7DBC, 0x7DDC, 0x85DC, 0x85DC,   // 0x0510 (1296)
0x85DC, 0x85DC, 0x85DC, 0x85DC, 0x85FC, 0x85FC, 0x85FC, 0x85FC, 0x85FC, 0x967A, 0x9EB9, 0x85FB, 0x85FB, 0x8E3A, 0xAEF9, 0x8E1B,   // 0x0520 (1312)
0x8E1B, 0x8E3C, 0x8E3C, 0x8E3C, 0x965C, 0x965C, 0x965C, 0x9E5C, 0x9E7C, 0xA67C, 0xA69C, 0xA69C, 0xAEBC, 0xAEBC, 0xB6DD, 0xB6DD,   // 0x0530 (1328)
0xB6DD, 0xBEFD, 0xBEFD, 0xBEFD, 0xBEFD, 0xC71D, 0xC71D, 0xC71D, 0xC71D, 0xC71D, 0xC71D, 0xC71D, 0xC71D, 0xC71D, 0xC73D, 0xC73D,   // 0x0540 (1344)
0xCF3D, 0xCF3D, 0xCF3D, 0xCF3D, 0xCF3D, 0xCF3D, 0xCF5D, 0xCF5D, 0xCF5D, 0xCF5D, 0xCF7D, 0xBF1C, 0xAEDB, 0xB6FC, 0xCF5D, 0xC75D,   // 0x0550 (1360)
0xC73D, 0xC73C, 0xC73C, 0xC73C, 0xBF3C, 0xBF1C, 0xB71C, 0xB71B, 0xAF1B, 0xAEFB, 0xAEFB, 0xAEFB, 0xAEFB, 0xA6FA, 0xA6FA, 0xA6FA,   // 0x0560 (1376)
0xA6FA, 0xA6FA, 0x96B9, 0x6598, 0x6598, 0x9699, 0x96B9, 0x96B9, 0x8E98, 0x6597, 0x6598, 0x6DB8, 0x75F8, 0xAF1A, 0xAF1A, 0xAF1A,   // 0x0570 (1392)
0xAF1A, 0xAF1A, 0xAF3A, 0xAF3A, 0xAF1A, 0xAF1A, 0xAF3A, 0xB73A, 0xAF39, 0xAF39, 0xB739, 0xB739, 0xB739, 0xB739, 0xB739, 0xB739,   // 0x0580 (1408)
0x7D9C, 0x7DBC, 0x7DBC, 0x7DBC, 0x7DBC, 0x7DBC, 0x7DBC, 0x7DBC, 0x7DBC, 0x7DBC, 0x7DBC, 0x7DBC, 0x7DDC, 0x7DDC, 0x85DC, 0x7DDC,   // 0x0590 (1424)
0x7DDC, 0x85DC, 0x85DC, 0x85DC, 0x85FC, 0x85FC, 0x85FC, 0x85FC, 0x85FC, 0x85FB, 0xA6D9, 0xA6F9, 0xA6B9, 0xAEF9, 0x967A, 0x861B,   // 0x05A0 (1440)
0x8E1C, 0x8E3C, 0x8E3C, 0x8E3C, 0x965C, 0x965C, 0x9E5C, 0x9E7C, 0x9E7C, 0xA69C, 0xA69C, 0xAEBC, 0xAEBD, 0xB6DD, 0xB6DD, 0xBEFD,   // 0x05B0 (1456)
0xBEFD, 0xBEFD, 0xC71D, 0xC71D, 0xC71D, 0xC71D, 0xCF3D, 0xCF3D, 0xCF3D, 0xCF3D, 0xCF3D, 0xCF3D, 0xCF3D, 0xCF3D, 0xCF3D, 0xCF3D,   // 0x05C0 (1472)
0xCF3D, 0xCF3D, 0xD75D, 0xD75D, 0xD75D, 0xD75D, 0xD77D, 0xD77D, 0xCF5D, 0x8DF8, 0x4492, 0x3470, 0x44B0, 0x3C90, 0x3430, 0x6D75,   // 0x05D0 (1488)
0xBF1C, 0xCF5D, 0xC73C, 0xC73C, 0xBF3C, 0xBF3C, 0xBF1C, 0xB71B, 0xB71B, 0xAF1B, 0xAF1B, 0xAF1B, 0xAEFB, 0xAF1A, 0xA6FA, 0xA6FA,   // 0x05E0 (1504)
0xA6FA, 0xA71A, 0xA6FA, 0x6597, 0x6598, 0x6DB8, 0x8E78, 0x9699, 0x6DB8, 0x6598, 0x6598, 0x6598, 0x8658, 0xAF1A, 0xAF1A, 0xAF1A,   // 0x05F0 (1520)
0xAF1A, 0xAF3A, 0xAF3A, 0xAF1A, 0xAF1A, 0xAF3A, 0xB73A, 0xAF39, 0xAF39, 0xB739, 0xB739, 0xB739, 0xB739, 0xB739, 0xB739, 0xB739,   // 0x0600 (1536)
0x7D9C, 0x7DBC, 0x7DBC, 0x7DBC, 0x7DBC, 0x7DBC, 0x7DBC, 0x7DBC, 0x7DBC, 0x7DBC, 0x7DBC, 0x7DBC, 0x7DDC, 0x7DDC, 0x85DC, 0x7DDC,   // 0x0610 (1552)
0x85DC, 0x85DC, 0x85DC, 0x85DC, 0x85FC, 0x85DC, 0x85FC, 0x85FC, 0x85FC, 0x85FC, 0x861B, 0x8E5A, 0x967A, 0x8E3B, 0x861B, 0x8E1C,   // 0x0620 (1568)
0x8E3C, 0x8E3C, 0x8E3C, 0x965C, 0x965C, 0x965C, 0x9E5C, 0x9E7C, 0xA67C, 0xA69C, 0xAE9C, 0xAEBC, 0xB6BD, 0xB6DD, 0xBEDD, 0xBEFD,   // 0x0630 (1584)
0xBF1D, 0xBF1D, 0x965A, 0x7597, 0x6D56, 0x7DB7, 0xAEBB, 0xCF5E, 0xCF3D, 0xD73D, 0xD75D, 0xCF5D, 0xCF5D, 0xD75D, 0xD75D, 0xD75D,   // 0x0640 (1600)
0xD75D, 0xD75D, 0xD75D, 0xD75D, 0xD77E, 0xDF7E, 0xDF7E, 0xCF5D, 0x54D3, 0x3C8F, 0x6E11, 0x86B2, 0x86B2, 0x8EB2, 0x7E52, 0x5551,   // 0x0650 (1616)
0x3C71, 0xAEDB, 0xCF5D, 0xC73C, 0xC73C, 0xBF3C, 0xBF3C, 0xBF1B, 0xB71B, 0xB71B, 0xAF1B, 0xAF1B, 0xAF1B, 0xAF1B, 0xA6FA, 0xA6FA,   // 0x0660 (1632)
0xA71A, 0xA6FA, 0xA6FA, 0x7E18, 0x6D98, 0x6D98, 0x6D98, 0x6D98, 0x6D98, 0x65B8, 0x6598, 0x6597, 0x9EDA, 0xAF1A, 0xAF1A, 0xAF1A,   // 0x0670 (1648)
0xAF1A, 0xAF3A, 0xAF1A, 0xAF1A, 0xAF1A, 0xAF3A, 0xAF39, 0xAF39, 0xAF39, 0xB739, 0xB739, 0xB739, 0xB739, 0xB739, 0xB739, 0xB739,   // 0x0680 (1664)
0x7D9C, 0x7DBC, 0x7DBC, 0x7DBC, 0x7DBC, 0x7DBC, 0x7DBC, 0x7DBC, 0x7DBC, 0x7DBC, 0x7DBC, 0x7DDC, 0x7DDC, 0x85DC, 0x7DDC, 0x85DC,   // 0x0690 (1680)
0x85DC, 0x85DC, 0x85DC, 0x85DC, 0x85FC, 0x85FC, 0x85FC, 0x85FC, 0x85FC, 0x861C, 0x85FB, 0x85FB, 0x861C, 0x861C, 0x861B, 0x8E1C,   // 0x06A0 (1696)
0x8E3C, 0x8E3C, 0x8E3C, 0x965C, 0x965C, 0x965C, 0x9E7C, 0x9E7C, 0xA69C, 0xA69C, 0xAEBC, 0xB6BD, 0xB6DD, 0xBEDD, 0xBEFD, 0xC71D,   // 0x06B0 (1712)
0x9639, 0x3431, 0x3CB0, 0x5D71, 0x65B1, 0x5D71, 0x3C90, 0x54D3, 0xD75D, 0xD75E, 0xD75D, 0xD75E, 0xD75E, 0xD75E, 0xD77E, 0xD75E,   // 0x06C0 (1728)
0xDF7E, 0xDF7E, 0xDF7E, 0xDF7E, 0xDF7E, 0xDF9E, 0xDF9E, 0x6514, 0x44F0, 0x7652, 0x7671, 0x7E91, 0x8691, 0x8691, 0x86B1, 0x8EB1,   // 0x06D0 (1744)
0x7612, 0x3C71, 0xB6FB, 0xCF5C, 0xC73C, 0xC73C, 0xBF3C, 0xBF3C, 0xB71B, 0xB71B, 0xB71B, 0xAF1B, 0xAF1B, 0xAF1B, 0xA6FA, 0xA71A,   // 0x06E0 (1760)
0xA71A, 0xA6FA, 0xA6FA, 0xA6FA, 0x75F8, 0x6598, 0x6598, 0x6D98, 0x6D98, 0x6D98, 0x6DB8, 0x9699, 0xAF1A, 0xAF1A, 0xAF1A, 0xAF1A,   // 0x06F0 (1776)
0xAF3A, 0xAF3A, 0xAF1A, 0xAF1A, 0xAF3A, 0xAF3A, 0xAF39, 0xAF39, 0xAF39, 0xAF39, 0xB739, 0xB739, 0xB739, 0xB739, 0xB759, 0xB759,   // 0x0700 (1792)
0x7DBC, 0x7DBC, 0x7DBC, 0x7DBC, 0x7DBC, 0x7DBC, 0x7DBC, 0x7DBC, 0x7DBC, 0x7DBC, 0x7DBC, 0x7DDC, 0x7DDC, 0x7DDC, 0x7DDC, 0x85DC,   // 0x0710 (1808)
0x85DC, 0x85DC, 0x85DC, 0x85DC, 0x85FC, 0x85FC, 0x85FC, 0x85FC, 0x85FC, 0x85FC, 0x85FB, 0x861C, 0x861C, 0x861C, 0x861B, 0x8E1C,   // 0x0720 (1824)
0x8E3C, 0x8E3C, 0x8E3C, 0x965C, 0x965C, 0x9E5C, 0x9E7C, 0xA67C, 0xA69C, 0xAEBC, 0xAEBC, 0xB6DD, 0xB6DD, 0xBEFD, 0xBEFD, 0x85F8,   // 0x0730 (1840)
0x3470, 0x6DF2, 0x7E71, 0x7E91, 0x8692, 0x86B2, 0x86B2, 0x7E52, 0xAF17, 0xCF3D, 0xDF7E, 0xDF7E, 0xDF7E, 0xDF7E, 0xDF7E, 0xDF7E,   // 0x0740 (1856)
0xDF7E, 0xDF7E, 0xDF9E, 0xDF9E, 0xE79E, 0xE7BE, 0xA67A, 0x3C91, 0x6E32, 0x6E51, 0x7651, 0x7671, 0x7E71, 0x7E91, 0x8671, 0xA6F4,   // 0x0750 (1872)
0x8E91, 0x5D71, 0x6534, 0xCF5C, 0xC75C, 0xC73C, 0xBF3C, 0xBF3C, 0xBF1B, 0xB71B, 0xB71B, 0xAF1B, 0xAF1B, 0xAF1B, 0xA71A, 0xA6FA,   // 0x0760 (1888)
0xA6FA, 0xA6FA, 0xA6FA, 0xA6FA, 0xA6FA, 0x8E59, 0x75D8, 0x6D97, 0x6DB7, 0x8638, 0x9EDA, 0xAF1A, 0xAF1A, 0xAF1A, 0xAF1A, 0xAF1A,   // 0x0770 (1904)
0xAF3A, 0xAF1A, 0xAF1A, 0xAF1A, 0xAF3A, 0xAF39, 0xAF39, 0xAF39, 0xAF39, 0xAF39, 0xB739, 0xB739, 0xB739, 0xB739, 0xB75A, 0xAF39,   // 0x0780 (1920)
0x75BA, 0x7DBC, 0x7DBC, 0x7DBC, 0x7DBC, 0x7DBC, 0x7DBC, 0x7DBC, 0x7DBC, 0x7DBC, 0x7DDC, 0x7DDC, 0x85DC, 0x7DDC, 0x85DC, 0x85DC,   // 0x0790 (1936)
0x85FC, 0x85DC, 0x85FC, 0x85FC, 0x85FC, 0x85FC, 0x85FC, 0x85FC, 0x85FC, 0x85FB, 0x861B, 0x861C, 0x861C, 0x861C, 0x861C, 0x8E3C,   // 0x07A0 (1952)
0x8E3C, 0x8E3C, 0x8E3C, 0x965C, 0x965C, 0x9E5C, 0x9E7C, 0xA69C, 0xA69C, 0xAEBC, 0xAEBD, 0xB6DD, 0xBEFD, 0xBEFD, 0x9E7A, 0x2C50,   // 0x07B0 (1968)
0x6E33, 0x7671, 0x7671, 0x7E71, 0xBF59, 0x7E71, 0x8691, 0x86B2, 0x7E52, 0x3C30, 0xD75D, 0xE79E, 0xE79E, 0xE79E, 0xE79E, 0xE79E,   // 0x07C0 (1984)
0xE79E, 0xDF9E, 0xB6DB, 0x9E59, 0x9618, 0x9E59, 0x4CD3, 0x55B2, 0x6632, 0x6632, 0x6E51, 0x6E51, 0x7651, 0x7E72, 0xCF5A, 0xF7FE,   // 0x07D0 (2000)
0x8E92, 0x7E71, 0x342F, 0xC75C, 0xCF5C, 0xC73C, 0xBF3C, 0xBF3C, 0xBF3B, 0xB71B, 0xB71B, 0xAF1B, 0xAF1B, 0xAF1B, 0xAF1A, 0xA6FA,   // 0x07E0 (2016)
0xAEFA, 0xA6FA, 0xAEFA, 0xA6FA, 0xA6FA, 0xA6FA, 0xA6FA, 0xA71A, 0xA71A, 0xAF1A, 0xAF1A, 0xAF1A, 0xAF1A, 0xAF1A, 0xAF1A, 0xAF3A,   // 0x07F0 (2032)
0xAF1A, 0xAF19, 0xAF1A, 0xAF3A, 0xAF3A, 0xAF39, 0xAF39, 0xAF39, 0xAF39, 0xB739, 0xAF39, 0xAF3A, 0xA6F9, 0x8E79, 0x7E18, 0x6DB7,   // 0x0800 (2048)
0x75BA, 0x7DBC, 0x7DBC, 0x7DBC, 0x7DBC, 0x7DBC, 0x7DBC, 0x7DBC, 0x7DBC, 0x7DBC, 0x7DDC, 0x7DDC, 0x85DC, 0x85DC, 0x85DC, 0x85DC,   // 0x0810 (2064)
0x85DC, 0x85DC, 0x85FC, 0x85FC, 0x85FC, 0x85FC, 0x85FC, 0x85FC, 0x861C, 0x85FB, 0x861C, 0x861C, 0x861B, 0x861C, 0x8E1C, 0x8E1C,   // 0x0820 (2080)
0x8E3C, 0x8E3C, 0x963C, 0x965C, 0x965C, 0x9E7C, 0x9E7C, 0xA69C, 0xA69C, 0xAEBC, 0xB6BD, 0xB6DD, 0xBEFD, 0xBF1D, 0x54D3, 0x4D51,   // 0x0830 (2096)
0x6E52, 0x6E52, 0x7E72, 0xC739, 0xF7FE, 0xC75A, 0x8E93, 0x7E91, 0x8691, 0x44D0, 0x54F4, 0x7576, 0x7576, 0x7D97, 0x9618, 0xC71C,   // 0x0840 (2112)
0xB6DB, 0x4471, 0x3C70, 0x4D10, 0x4D10, 0x4D31, 0x2C50, 0x5E13, 0x6612, 0x7633, 0x6E32, 0x6632, 0x6E31, 0xBF39, 0xFFFF, 0xB718,   // 0x0850 (2128)
0x7E71, 0x7E71, 0x3CB0, 0xA699, 0xCF5C, 0xC73C, 0xC73C, 0xBF3C, 0xBF3B, 0xB73B, 0xB71B, 0xAF1B, 0xAF1B, 0xAF1A, 0xAF1A, 0xAEFA,   // 0x0860 (2144)
0xA71A, 0xA6FA, 0xA6FA, 0xA6FA, 0xA6FA, 0xA6FA, 0xAF1A, 0xAF1A, 0xAF1A, 0xAF1A, 0xAF1A, 0xAF1A, 0xAF1A, 0xAF1A, 0xAF1A, 0xAF3A,   // 0x0870 (2160)
0xAF19, 0xAF19, 0xAF3A, 0xAF3A, 0xAF39, 0xAF39, 0xAF39, 0xB739, 0xAF19, 0x9699, 0x7E38, 0x6DD8, 0x6DB8, 0x6DB8, 0x6DB8, 0x6DB8,   // 0x0880 (2176)
0x7DBC, 0x7DBC, 0x7DBC, 0x7DBC, 0x7DBC, 0x7DBC, 0x7DBC, 0x7DBC, 0x7DBC, 0x7DDC, 0x7DDC, 0x7DDC, 0x7DDC, 0x85DC, 0x85DC, 0x85DC,   // 0x0890 (2192)
0x85DC, 0x85DC, 0x85FC, 0x85FC, 0x85FC, 0x85FC, 0x85FC, 0x85FC, 0x85FB, 0x85FB, 0x861C, 0x861B, 0x861B, 0x861B, 0x8E1B, 0x8E3C,   // 0x08A0 (2208)
0x8E3C, 0x8E3C, 0x965C, 0x965C, 0x965C, 0x9E7C, 0x9E7C, 0xA69C, 0xA69C, 0xAEBC, 0xB6DD, 0xB6DD, 0xBEFD, 0xBF1D, 0x2C10, 0x5DF2,   // 0x08B0 (2224)
0x6632, 0x6E32, 0xC73A, 0xD77B, 0x96B5, 0xAF18, 0x8EB4, 0x7E91, 0x7E91, 0x7651, 0x7DF4, 0xA679, 0xAE7A, 0xA659, 0x85D7, 0x3452,   // 0x08C0 (2240)
0x2C50, 0x6DF2, 0x8692, 0x7E91, 0x7E91, 0x7E72, 0x2C4F, 0x5613, 0x5DF3, 0xCF7C, 0xD79C, 0x6E12, 0xAEF8, 0xF7FF, 0xB719, 0x7652,   // 0x08D0 (2256)
0x7671, 0x7651, 0x44D0, 0x9638, 0xCF5C, 0xC75C, 0xC73C, 0xBF3C, 0xBF3B, 0xB71B, 0xB71B, 0xB71B, 0xAF1B, 0xAF1B, 0xAF1A, 0xAF1A,   // 0x08E0 (2272)
0xAF1A, 0xAEFA, 0xAEFA, 0xA6FA, 0xA6FA, 0xAF1A, 0xAF1A, 0xAF1A, 0xA71A, 0xAF1A, 0xAF1A, 0xAF1A, 0xAF1A, 0xAF1A, 0x9ED9, 0x7E38,   // 0x08F0 (2288)
0xA6D9, 0xAF19, 0xAF39, 0xAF39, 0xAF39, 0xAF39, 0xAF39, 0xB739, 0x9698, 0x6DB8, 0x6DB8, 0x6DB8, 0x6DB8, 0x6DB8, 0x6DB8, 0x6DB8,   // 0x0900 (2304)
0x7DBC, 0x7DBC, 0x7DBC, 0x7DBC, 0x7DBC, 0x7DBC, 0x7DBC, 0x7DBC, 0x7DDC, 0x7DDC, 0x85DC, 0x7DDC, 0x7DDC, 0x85DC, 0x85DC, 0x85DC,   // 0x0910 (2320)
0x85DC, 0x85FC, 0x85FC, 0x85FC, 0x85FC, 0x85FC, 0x85FC, 0x85FC, 0x85FB, 0x861B, 0x861B, 0x861B, 0x861B, 0x861B, 0x8E1C, 0x8E3C,   // 0x0920 (2336)
0x8E3C, 0x8E3C, 0x965C, 0x965C, 0x965C, 0x9E7C, 0x9E7C, 0xA69C, 0xAE9C, 0xAEBC, 0xB6DD, 0xB6DD, 0xBEFD, 0xA69B, 0x2C91, 0x55F3,   // 0x0930 (2352)
0x5E12, 0x6612, 0xBF19, 0xEFBD, 0xAEF8, 0x8E94, 0x7651, 0x7671, 0x7671, 0x7671, 0xAEF7, 0xE7DE, 0xEFDE, 0xEFDF, 0x9618, 0x3470,   // 0x0940 (2368)
0x7632, 0x7E91, 0x7E91, 0x7E91, 0x7E91, 0x7E92, 0x2C2F, 0x4DD3, 0x4DF3, 0x7E35, 0xEFDF, 0xE7BD, 0xF7FF, 0xAEF9, 0x6611, 0x6652,   // 0x0950 (2384)
0x6652, 0x6E52, 0x3CB1, 0xA699, 0xCF5C, 0xC75C, 0xC73C, 0xBF3C, 0xBF3B, 0xB73B, 0xB71B, 0xAF1B, 0xAF1B, 0xAF1A, 0xAF1A, 0xAF1A,   // 0x0960 (2400)
0xAF1A, 0xA6FA, 0xA6FA, 0xA6FA, 0xA71A, 0xAF1A, 0xAF1A, 0xAF1A, 0xAF1A, 0xAF1A, 0xAF1A, 0xAF1A, 0xAF1A, 0xAF1A, 0x8E79, 0x75F8,   // 0x0970 (2416)
0x8E78, 0xAF39, 0xAF39, 0xAF39, 0xAF39, 0xAF39, 0xAF39, 0xB739, 0xB73A, 0x9699, 0x6DB8, 0x6DB8, 0x6DB8, 0x6DB8, 0x6DB8, 0x75D8,   // 0x0980 (2432)
0x7DBC, 0x7DBC, 0x7DBC, 0x7DBC, 0x7DBC, 0x7DBC, 0x7DBC, 0x7DBC, 0x7DDC, 0x7DDC, 0x7DDC, 0x7DDC, 0x85DC, 0x85DC, 0x85DC, 0x85DC,   // 0x0990 (2448)
0x85FC, 0x85FC, 0x85FC, 0x85FC, 0x85FC, 0x85FB, 0x85FC, 0x85FB, 0x861B, 0x861B, 0x861B, 0x861B, 0x8E1B, 0x861B, 0x8E1C, 0x8E3C,   // 0x09A0 (2464)
0x8E3C, 0x8E3C, 0x965C, 0x965C, 0x965C, 0x9E7C, 0x9E7C, 0xA69C, 0xA69C, 0xAEBC, 0xB6DD, 0xB6FD, 0xBEFD, 0xA67A, 0x2C50, 0x4DF3,   // 0x09B0 (2480)
0x5612, 0x5E12, 0x6E13, 0xAED8, 0xCF5B, 0xF7FE, 0x96B5, 0x6E51, 0x6E52, 0x6E52, 0x54B1, 0xDFBD, 0xE7BD, 0x7D96, 0x3C91, 0x7652,   // 0x09C0 (2496)
0x7E71, 0x7E71, 0x7E71, 0x7E71, 0x7671, 0x7E71, 0x3CD0, 0x3D73, 0x45D3, 0x4DD3, 0x8656, 0xEFDF, 0xB71A, 0x55F2, 0x5612, 0x5E32,   // 0x09D0 (2512)
0x6632, 0x6633, 0x3451, 0xC75C, 0xCF5C, 0xC75C, 0xC73C, 0xBF3C, 0xBF3B, 0xB73B, 0xB71B, 0xAF1B, 0xAF1B, 0xAF1A, 0xAF1A, 0xA71A,   // 0x09E0 (2528)
0xAF1A, 0xAEFA, 0xA6FA, 0xA6FA, 0xAF1A, 0xAF1A, 0xAF1A, 0xAF1A, 0xAF1A, 0xAF1A, 0xAF1A, 0xAF1A, 0xAF19, 0xAF19, 0xAF1A, 0x96B9,   // 0x09F0 (2544)
0xAF1A, 0xAF39, 0xAF39, 0xAF39, 0xAF39, 0xAF39, 0xAF39, 0xB739, 0xB739, 0xAF1A, 0x75D8, 0x6DB8, 0x6DB8, 0x65B8, 0x6DB8, 0x7E18,   // 0x0A00 (2560)
0x7DBC, 0x7DBC, 0x7DBC, 0x7DBC, 0x7DBC, 0x7DBC, 0x7DBC, 0x7DDC, 0x7DDC, 0x7DDC, 0x7DDC, 0x85DC, 0x85DC, 0x85DC, 0x85DC, 0x85DC,   // 0x0A10 (2576)
0x85FC, 0x85FC, 0x85FC, 0x85FC, 0x85FB, 0x85FB, 0x861C, 0x861B, 0x861B, 0x861B, 0x861B, 0x861B, 0x8E1B, 0x861C, 0x8E3C, 0x8E3C,   // 0x0A20 (2592)
0x8E3C, 0x8E3C, 0x965C, 0x965C, 0x965C, 0x9E7C, 0x9E7C, 0xA69C, 0xA69C, 0xAEBC, 0xB6DD, 0xB6FD, 0xBEFD, 0xB6FC, 0x23F0, 0x4DD3,   // 0x0A30 (2608)
0x4DF3, 0x55F3, 0x8E96, 0x9696, 0x8655, 0xDF9D, 0xA6D7, 0x6632, 0x6E52, 0x5DD2, 0x54D3, 0xD7BD, 0x6514, 0x3CB0, 0x7652, 0x7E72,   // 0x0A40 (2624)
0x7E72, 0x5DB1, 0x3CD0, 0x6E32, 0x7671, 0x7671, 0x5DD1, 0x2C91, 0x45B3, 0x45D3, 0x4DF3, 0x5DF4, 0x55F3, 0x4DF2, 0x55F2, 0x55F2,   // 0x0A50 (2640)
0x5612, 0x4532, 0x6D96, 0xCF7D, 0xCF5C, 0xC75C, 0xBF3C, 0xBF3C, 0xBF3B, 0xB73B, 0xB73B, 0xAF1B, 0xAF1A, 0xAF1A, 0xAF1A, 0xAF1A,   // 0x0A60 (2656)
0xAF1A, 0xA6FA, 0xA71A, 0xA71A, 0xAF1A, 0xAF1A, 0xAF1A, 0xAF1A, 0xAF1A, 0xAF1A, 0xAF19, 0xAF19, 0xAF19, 0xAF19, 0xAF39, 0xAF39,   // 0x0A70 (2672)
0xAF39, 0xAF39, 0xAF39, 0xAF39, 0xAF39, 0xAF39, 0xAF39, 0xAF39, 0xAF39, 0x7E18, 0x6DB8, 0x65B8, 0x6DB8, 0x65B8, 0x65B8, 0x8E58,   // 0x0A80 (2688)
0x7DBC, 0x7DBC, 0x7DBC, 0x7DBC, 0x7DBC, 0x7DBC, 0x7DBC, 0x7DDC, 0x85DC, 0x85DC, 0x85DC, 0x85DC, 0x85DC, 0x85DC, 0x85DC, 0x85DC,   // 0x0A90 (2704)
0x85DC, 0x85FC, 0x85FC, 0x85FC, 0x85FB, 0x85FC, 0x861B, 0x861C, 0x861C, 0x861B, 0x861B, 0x861B, 0x861B, 0x861B, 0x8E3C, 0x8E3C,   // 0x0AA0 (2720)
0x8E3C, 0x8E3C, 0x8E5C, 0x965C, 0x965C, 0x9E7C, 0x9E7C, 0xA69C, 0xA69C, 0xAEBC, 0xB6DD, 0xB6DD, 0xBEFD, 0xBF1D, 0x4493, 0x3D73,   // 0x0AB0 (2736)
0x4DF3, 0x4DF3, 0x9698, 0xE7BD, 0xF7FF, 0xBF3A, 0x6613, 0x5E12, 0x6632, 0x4532, 0x85F7, 0xAEB9, 0x2C50, 0x6E32, 0x7652, 0x7652,   // 0x0AC0 (2752)
0x4511, 0x4C92, 0x8E18, 0x3450, 0x6612, 0x7672, 0x7672, 0x3CB0, 0x2C91, 0x45B3, 0x45D3, 0x45D3, 0x45D3, 0x4DF3, 0x4DF2, 0x4DF2,   // 0x0AD0 (2768)
0x4552, 0x3C71, 0xC73C, 0xCF7D, 0xCF5C, 0xC75C, 0xBF3C, 0xBF3B, 0xB73B, 0xB73B, 0xB71B, 0xAF1B, 0xAF1B, 0xAF1A, 0xAF1A, 0xAF1A,   // 0x0AE0 (2784)
0xA71A, 0xAF1A, 0xA6FA, 0xA71A, 0xAF1A, 0xAF1A, 0xAF1A, 0xAF1A, 0xAF1A, 0xAF19, 0xAF19, 0xAF19, 0xAF19, 0xAF19, 0xAF19, 0xAF39,   // 0x0AF0 (2800)
0xAF39, 0xAF39, 0xAF39, 0xAF39, 0xAF39, 0xAF39, 0xAF39, 0xAF39, 0x8638, 0x6DB8, 0x6DB8, 0x6DB7, 0x8659, 0x6DB7, 0x65B8, 0x96B8,   // 0x0B00 (2816)
0x7DBC, 0x7DBC, 0x7DBC, 0x7DBC, 0x7DBC, 0x7DBC, 0x7DDC, 0x7DDC, 0x85DC, 0x7DDC, 0x85DC, 0x85DC, 0x85DC, 0x8DFB, 0x9E3C, 0x9E5C,   // 0x0B10 (2832)
0x9E5C, 0x9E7C, 0x9E7C, 0xA67C, 0xA67C, 0x9E7C, 0xA67C, 0xA67C, 0xA67C, 0xA69C, 0xA69C, 0xA69C, 0xA69C, 0xA69C, 0xA69C, 0xA69C,   // 0x0B20 (2848)
0xA69C, 0xAEBC, 0xAEBC, 0xAEBC, 0xAEBC, 0xB6DD, 0xB6DD, 0xB6FD, 0xBEFD, 0xBF1D, 0xC71D, 0xC71D, 0xCF3D, 0xCF3D, 0x9E5A, 0x2C91,   // 0x0B30 (2864)
0x45D4, 0x45D3, 0x4DF3, 0x5DD3, 0xB73A, 0x55D2, 0x5612, 0x5E13, 0x55D3, 0x3471, 0xCF7C, 0xB6FA, 0x2C50, 0x5DD2, 0x5592, 0x3470,   // 0x0B40 (2880)
0x7595, 0xDF9D, 0xE7BD, 0xA679, 0x3470, 0x65F2, 0x6E52, 0x6632, 0x3490, 0x2C91, 0x3D94, 0x45D4, 0x45D4, 0x45F4, 0x45B3, 0x34D1,   // 0x0B50 (2896)
0x3C31, 0xBEFB, 0xDF9D, 0xDF9D, 0xD77D, 0xD77D, 0xCF7D, 0xCF7C, 0xC77C, 0xC75C, 0xC75C, 0xC75C, 0xBF5C, 0xBF5B, 0xBF5B, 0xBF5B,   // 0x0B60 (2912)
0xBF5B, 0xBF5B, 0xBF5B, 0xBF5B, 0xBF5B, 0xBF5B, 0xBF5B, 0xBF5B, 0xBF5B, 0xBF5B, 0xBF5B, 0xBF5B, 0xBF5B, 0xBF5A, 0xBF5B, 0xBF5B,   // 0x0B70 (2928)
0xBF5B, 0xC75B, 0xBF5A, 0xB73A, 0xB73A, 0xB73A, 0xAF3A, 0x8658, 0x6DB8, 0x6DB8, 0x75D8, 0x9699, 0xB759, 0x9EF9, 0x6DB7, 0xA6F9,   // 0x0B80 (2944)
0x7DBC, 0x7DBC, 0x7DBC, 0x7DBC, 0x7DBC, 0x7DBC, 0x7DDC, 0x85DC, 0x85DC, 0x7DDC, 0x7DDC, 0x8DFC, 0xBEDD, 0xD75E, 0xCF3E, 0xCF3E,   // 0x0B90 (2960)
0xCF1E, 0xCF1E, 0xCF1E, 0xCF1E, 0xCF1E, 0xCF3E, 0xCF3E, 0xCF3E, 0xCF3E, 0xCF3E, 0xCF3E, 0xCF3E, 0xCF3E, 0xCF3E, 0xCF3E, 0xD73E,   // 0x0BA0 (2976)
0xCF3E, 0xD75E, 0xD75E, 0xD75E, 0xD75E, 0xD75E, 0xD75E, 0xDF7E, 0xDF7E, 0xDF7E, 0xDF7E, 0xE79E, 0xE79E, 0xE79E, 0xEFBF, 0x7DB7,   // 0x0BB0 (2992)
0x2CB2, 0x45B4, 0x45D3, 0x45B3, 0x4DB2, 0x4DD3, 0x55F3, 0x4DB3, 0x2C71, 0xA699, 0xD79C, 0xD79C, 0x8E17, 0x4CB2, 0x54F3, 0xA699,   // 0x0BC0 (3008)
0xDFBD, 0xDFBD, 0xDFBC, 0xDFBD, 0xAEBA, 0x3470, 0x55B2, 0x6632, 0x6632, 0x4D71, 0x2C90, 0x2C51, 0x2C92, 0x2C71, 0x4492, 0x85B7,   // 0x0BD0 (3024)
0xDF9E, 0xEFDF, 0xEFDF, 0xEFDF, 0xEFBE, 0xE7BE, 0xE7BE, 0xE7BE, 0xE7BE, 0xE7BE, 0xDFBE, 0xDFBE, 0xDF9D, 0xDF9D, 0xDF9D, 0xDF9D,   // 0x0BE0 (3040)
0xDF9D, 0xDFBD, 0xDF9D, 0xDFBD, 0xDF9D, 0xDF9D, 0xDF9D, 0xDFBD, 0xDFBD, 0xDFBD, 0xDFBD, 0xDFBD, 0xDFBD, 0xDFBD, 0xDFBD, 0xDFBD,   // 0x0BF0 (3056)
0xDFBD, 0xDFBD, 0xDFBD, 0xDFBD, 0xD79C, 0xBF3A, 0x8E58, 0x6DB8, 0x6DB8, 0x6DB7, 0x9EB9, 0xB759, 0xB759, 0xB759, 0xAF39, 0xB759,   // 0x0C00 (3072)
0x7DBC, 0x7DBC, 0x7DDC, 0x7DBC, 0x7DBC, 0x7DDC, 0x7DDC, 0x7DDC, 0x7DDC, 0x7DDC, 0x961C, 0xCF3E, 0xCF1E, 0xC6FE, 0xC6FE, 0xC6FE,   // 0x0C10 (3088)
0xC6FE, 0xC6FE, 0xC6FE, 0xC6FE, 0xC6FE, 0xC6FE, 0xC6FE, 0xC6FE, 0xC6FE, 0xC6FE, 0xC71E, 0xC71E, 0xC71D, 0xC71D, 0xC71E, 0xC71D,   // 0x0C20 (3104)
0xC71D, 0xCF1D, 0xCF1D, 0xCF3E, 0xCF3E, 0xCF3E, 0xD73E, 0xD75E, 0xD75E, 0xD75E, 0xDF7E, 0xDF7E, 0xDF7E, 0xE79E, 0xE79E, 0xEFBF,   // 0x0C30 (3120)
0x8DF7, 0x2C51, 0x2CD2, 0x3D12, 0x3D52, 0x3D32, 0x34D2, 0x3471, 0x9E98, 0xCF7B, 0xCF7B, 0xCF7B, 0xCF7B, 0xD79B, 0xD79C, 0xD79C,   // 0x0C40 (3136)
0xD79C, 0xD79C, 0xD79C, 0xDF9C, 0xDF9C, 0xAEB9, 0x3430, 0x4D92, 0x6632, 0x5E32, 0x55B2, 0x3430, 0xB6BA, 0xD77D, 0xEFDF, 0xF7DF,   // 0x0C50 (3152)
0xEFDE, 0xEFBE, 0xEFBE, 0xE7BE, 0xE7BE, 0xE7BE, 0xE7BE, 0xDFBE, 0xDF9D, 0xDF9D, 0xDF9D, 0xD79D, 0xD79D, 0xD79D, 0xD79D, 0xD79D,   // 0x0C60 (3168)
0xD79D, 0xD79D, 0xD79D, 0xD79D, 0xD79D, 0xD79C, 0xD79C, 0xD79C, 0xD79C, 0xD79C, 0xD79C, 0xD79C, 0xD79C, 0xD79C, 0xD79C, 0xD79C,   // 0x0C70 (3184)
0xD79C, 0xD79C, 0xD79C, 0xCF7C, 0xCF7C, 0xCF7D, 0x8E19, 0x75D8, 0x75D7, 0x9ED9, 0xB759, 0xB759, 0xB759, 0xB759, 0xB759, 0xB759,   // 0x0C80 (3200)
0x7DBC, 0x7DDC, 0x7DDC, 0x7DBC, 0x7DDC, 0x7DDC, 0x7DDC, 0x7DDC, 0x7DDC, 0x8DDB, 0xCF3E, 0xC6FE, 0xC6FE, 0xC6FE, 0xC6FE, 0xBEFE,   // 0x0C90 (3216)
0xC6FE, 0xBEFE, 0xBEFE, 0xC6FE, 0xC6FE, 0xC6FE, 0xC6FE, 0xC6FE, 0xC6FE, 0xC6FD, 0xC6FE, 0xC6FD, 0xC6FD, 0xC71E, 0xC6FE, 0xC71D,   // 0x0CA0 (3232)
0xC71D, 0xC71D, 0xC71D, 0xC71D, 0xCF1D, 0xCF3E, 0xCF3E, 0xCF3E, 0xD75E, 0xD75E, 0xD75E, 0xDF7E, 0xDF7E, 0xDF7E, 0xE79E, 0xE79E,   // 0x0CB0 (3248)
0xEFBF, 0xCF5D, 0x85D7, 0x5CF4, 0x54D3, 0x2C31, 0x6555, 0xC75B, 0xCF9B, 0xC77A, 0xC77A, 0xCF7A, 0xCF7A, 0xCF7B, 0xD77B, 0xCF7B,   // 0x0CC0 (3264)
0xCF7B, 0xCF7B, 0xD79B, 0xD79B, 0xD79B, 0xCF7B, 0xAED9, 0x3451, 0x4D92, 0x4DB2, 0x3410, 0xBEDB, 0xEFDF, 0xF7DF, 0xF7DF, 0xEFDF,   // 0x0CD0 (3280)
0xEFBF, 0xE7BE, 0xE7BE, 0xE7BE, 0xE7BE, 0xE79E, 0xDF9E, 0xDF9D, 0xDF9D, 0xD79D, 0xD79D, 0xD79D, 0xD79D, 0xD79D, 0xD79D, 0xD79D,   // 0x0CE0 (3296)
0xD79D, 0xD79C, 0xD79C, 0xD79C, 0xD79C, 0xD79C, 0xD79C, 0xD79C, 0xD79C, 0xD79C, 0xD79C, 0xD79C, 0xD79C, 0xD79C, 0xD79C, 0xD79C,   // 0x0CF0 (3312)
0xD79C, 0xCF7C, 0xCF7C, 0xC75C, 0xC73C, 0xBF3C, 0xCF5D, 0x8E18, 0xA6F9, 0xB759, 0xB759, 0xB759, 0xB759, 0xB759, 0xB759, 0xB759,   // 0x0D00 (3328)
0x7DBC, 0x7DDC, 0x7DBC, 0x7DBC, 0x7DBC, 0x7DBC, 0x7DDC, 0x7DDC, 0x7DDC, 0xB6BD, 0xCF1E, 0xC6FE, 0xC6FE, 0xC6FE, 0xBEFE, 0xBEFE,   // 0x0D10 (3344)
0xBEDD, 0xBEDE, 0xBEDD, 0xBEDE, 0xBEDD, 0xBEDD, 0xBEFD, 0xBEFD, 0xBEFD, 0xBEFD, 0xBEFD, 0xBEFD, 0xBEFD, 0xC6FD, 0xC6FD, 0xC6FD,   // 0x0D20 (3360)
0xC6FD, 0xC6FD, 0xC71D, 0xC71D, 0xC71D, 0xCF3D, 0xCF3E, 0xCF3E, 0xCF3D, 0xCF5E, 0xD75E, 0xD75E, 0xDF5E, 0xDF7E, 0xDF7E, 0xE79E,   // 0x0D30 (3376)
0xE79E, 0xE79E, 0xEFBE, 0xEFBF, 0xEFDF, 0xB69A, 0x3C51, 0xA6D9, 0x6D95, 0x2C10, 0x54F2, 0xBF5A, 0xC75A, 0xCF7A, 0xCF7A, 0xCF7A,   // 0x0D40 (3392)
0xCF7A, 0xCF7A, 0xCF7A, 0xCF7B, 0x8E16, 0xB71A, 0xCF7B, 0xAEFA, 0x3471, 0x2C31, 0xBEDB, 0xEFDF, 0xEFDF, 0xEFDF, 0xEFBF, 0xEFBE,   // 0x0D50 (3408)
0xE7BE, 0xE7BE, 0xE7BE, 0xDF9E, 0xDF9E, 0xDF9D, 0xDF9D, 0xDF9D, 0xD79D, 0xD79D, 0xD77D, 0xD77D, 0xD79D, 0xD79D, 0xD79C, 0xD79C,   // 0x0D60 (3424)
0xD79C, 0xD77C, 0xD79C, 0xD79C, 0xD79C, 0xD79C, 0xD79C, 0xD79C, 0xD79C, 0xD79C, 0xD79C, 0xD79C, 0xD79C, 0xD79C, 0xD79C, 0xD79C,   // 0x0D70 (3440)
0xCF7C, 0xCF5C, 0xC73C, 0xBF1B, 0xBF1B, 0xBF3C, 0xCF7C, 0xCF7C, 0xB739, 0xB739, 0xB759, 0xB759, 0xB759, 0xB759, 0xB759, 0xB759,   // 0x0D80 (3456)
0x7DBC, 0x7DDC, 0x7DBC, 0x7DBC, 0x7DBC, 0x7DDC, 0x7DDC, 0x7DDC, 0x85BB, 0xD75E, 0xC71E, 0xC6FE, 0xC6FE, 0xBEDD, 0xBEDD, 0xBEDD,   // 0x0D90 (3472)
0xBEDD, 0xBEDD, 0xBEDD, 0xBEDD, 0xBEDD, 0xBEDD, 0xBEFE, 0xBEFD, 0xBEFD, 0xBEFD, 0xBEFD, 0xBEFD, 0xBEFD, 0xBEFD, 0xBEFE, 0xBEFD,   // 0x0DA0 (3488)
0xBEFD, 0xBEFD, 0xC6FD, 0xC71D, 0xC71D, 0xC71D, 0xC71D, 0xCF3D, 0xCF3D, 0xCF3E, 0xD73E, 0xD75E, 0xD75E, 0xDF5E, 0xDF7E, 0xDF7E,   // 0x0DB0 (3504)
0xE79E, 0xE79E, 0xE79E, 0xEFBE, 0xEFBF, 0xEFDF, 0xAE9A, 0x2411, 0x34D1, 0x5DF2, 0x3490, 0x6574, 0x8E57, 0xC77A, 0xC77A, 0xC77A,   // 0x0DC0 (3520)
0xC77A, 0xC77A, 0xC77A, 0xC77A, 0x8616, 0x4471, 0xAEF9, 0xC77A, 0xAF19, 0x3C31, 0xC71C, 0xEFDF, 0xEFDF, 0xEFBE, 0xEFBE, 0xE7BE,   // 0x0DD0 (3536)
0xE7BE, 0xE7BE, 0xE79E, 0xDF9E, 0xDF9D, 0xDF9D, 0xDF9D, 0xD79D, 0xD79D, 0xD77D, 0xD77D, 0xD77D, 0xD77D, 0xD77C, 0xD77C, 0xD77C,   // 0x0DE0 (3552)
0xCF7C, 0xCF7C, 0xCF7C, 0xCF7C, 0xCF7C, 0xD79C, 0xD79C, 0xD79C, 0xD77C, 0xD79C, 0xD79C, 0xD79C, 0xD79C, 0xD79C, 0xCF7C, 0xCF7C,   // 0x0DF0 (3568)
0xCF5C, 0xC73B, 0xBF1B, 0xBF1B, 0xBF3B, 0xC75C, 0xCF7C, 0xDFBD, 0xB739, 0xB739, 0xB759, 0xB759, 0xB759, 0xB759, 0xB759, 0xBF59,   // 0x0E00 (3584)
0x7DBC, 0x7DBC, 0x7DBC, 0x7DDC, 0x7DBC, 0x7DDC, 0x7DBC, 0x7DDC, 0x8DFB, 0xD75E, 0xC6FE, 0xC6FE, 0xBEDD, 0xBEDD, 0xBEDD, 0xBEDD,   // 0x0E10 (3600)
0xBEDD, 0xBEDD, 0xBEDD, 0xBEDD, 0xBEDD, 0xBEDD, 0xBEDD, 0xBEDD, 0xBEDD, 0xBEFD, 0xBEFD, 0xBEFD, 0xBEFD, 0xBEFD, 0xBEFD, 0xBEFD,   // 0x0E20 (3616)
0xBEFD, 0xBEFD, 0xBEFD, 0xC71D, 0xC71D, 0xC71D, 0xC71D, 0xC71D, 0xCF3D, 0xCF3D, 0xCF3E, 0xD75E, 0xD75E, 0xD75E, 0xDF7E, 0xDF7E,   // 0x0E30 (3632)
0xDF7E, 0xE79E, 0xE79E, 0xEF9E, 0xEFBE, 0xEFBF, 0xAE5A, 0x2C91, 0x5DF2, 0x55D2, 0x2C70, 0x3CD1, 0x34B1, 0x7E16, 0xC77A, 0xC779,   // 0x0E40 (3648)
0xBF79, 0xBF79, 0x6D74, 0xAEF9, 0xBF7A, 0x8E57, 0x3C71, 0xA6D8, 0xBF7A, 0x5D34, 0xAE59, 0xEFDF, 0xEFBE, 0xEFBE, 0xE7BE, 0xE7BE,   // 0x0E50 (3664)
0xE7BE, 0xDF9E, 0xDF9E, 0xDF9D, 0xDF9D, 0xD79D, 0xD79D, 0xD79D, 0xD77D, 0xD77D, 0xD77D, 0xD77D, 0xCF7C, 0xCF7C, 0xCF7C, 0xCF7C,   // 0x0E60 (3680)
0xCF7C, 0xCF7C, 0xCF7C, 0xCF7C, 0xCF7C, 0xD77C, 0xCF9C, 0xD79C, 0xD79C, 0xD79C, 0xD79C, 0xD79C, 0xCF7C, 0xCF7C, 0xCF7B, 0xC75C,   // 0x0E70 (3696)
0xC73B, 0xBF3B, 0xBF1B, 0xBF3B, 0xC75B, 0xCF7C, 0xD79C, 0xE7DD, 0xBF5A, 0xB759, 0xB759, 0xB759, 0xB759, 0x8E57, 0x8657, 0x8E57,   // 0x0E80 (3712)
0x7DBC, 0x7DBC, 0x7DDC, 0x7DDC, 0x7DDC, 0x7DDC, 0x7DDC, 0x7DBB, 0x8DFC, 0xD73E, 0xC6FE, 0xC6FE, 0xBEFD, 0xBEDD, 0xBEDD, 0xBEDD,   // 0x0E90 (3728)
0xBEDD, 0xBEDD, 0xBEDD, 0xBEDD, 0xBEDD, 0xBEDD, 0xBEDD, 0xBEDD, 0xBEFD, 0xBEFD, 0xBEFD, 0xBEFD, 0xBEFD, 0xBEFD, 0xBEFD, 0xBEFD,   // 0x0EA0 (3744)
0xBEFD, 0xBEFD, 0xBEFD, 0xC71D, 0xC71D, 0xC71D, 0xC71D, 0xC71D, 0xCF3D, 0xCF3D, 0xCF3D, 0xCF5E, 0xD75E, 0xD75E, 0xD75E, 0xDF7E,   // 0x0EB0 (3760)
0xDF7E, 0xDF7E, 0xE79E, 0xE79E, 0xEF9E, 0xEFBE, 0x9E18, 0x34D1, 0x4DB2, 0x2C71, 0x3CF1, 0x6632, 0x55B2, 0x4513, 0xAF19, 0xBF59,   // 0x0EC0 (3776)
0xBF59, 0xBF59, 0x75B4, 0x3C50, 0xA6F8, 0xBF79, 0x9677, 0x3471, 0x5D34, 0x4471, 0xDF9E, 0xEFBE, 0xEFBE, 0xE7BE, 0xE7BE, 0xE79E,   // 0x0ED0 (3792)
0xE79E, 0xDF9E, 0xDF9D, 0xDF9D, 0xD79D, 0xD79D, 0xD79D, 0xD77D, 0xD77D, 0xD77D, 0xD77D, 0xCF7C, 0xCF7C, 0xCF7C, 0xCF7C, 0xCF7C,   // 0x0EE0 (3808)
0xCF7C, 0xCF7C, 0xCF7C, 0xCF7C, 0xCF7C, 0xD77C, 0xD79C, 0xD79C, 0xCF9C, 0xCF7C, 0xCF7B, 0xCF7C, 0xCF7B, 0xC75B, 0xC75B, 0xC73B,   // 0x0EF0 (3824)
0xBF3B, 0xBF3B, 0xC73B, 0xCF5B, 0xCF7B, 0xD79C, 0xDF9C, 0xE7BD, 0xBF5A, 0xB739, 0xB759, 0xB759, 0x8656, 0x4D15, 0x5D77, 0x5D77,   // 0x0F00 (3840)
0x7DBC, 0x7DBC, 0x7DDC, 0x7DDC, 0x7DDC, 0x7DDC, 0x7DDC, 0x7DBC, 0x8DFC, 0xD73E, 0xC6FE, 0xC6FE, 0xBEDD, 0xBEDD, 0xBEDD, 0xBEDD,   // 0x0F10 (3856)
0xBEDD, 0xBEDD, 0xBEDD, 0xBEDD, 0xBEDD, 0xBEDD, 0xBEDD, 0xBEDD, 0xBEFD, 0xBEFD, 0xBEFD, 0xBEFD, 0xBEFD, 0xBEFD, 0xBEFD, 0xBEFD,   // 0x0F20 (3872)
0xBEFD, 0xBEFD, 0xBEFD, 0xBEFD, 0xC71D, 0xC71D, 0xC71D, 0xC71D, 0xC71D, 0xCF3E, 0xCF3D, 0xCF3D, 0xCF5E, 0xD75E, 0xD75E, 0xDF5E,   // 0x0F30 (3888)
0xDF7E, 0xDF7E, 0xE79E, 0xE79E, 0xE79E, 0xEF9E, 0xDF7E, 0x54B3, 0x23F0, 0x34D1, 0x5612, 0x5DF3, 0x2C91, 0x34D2, 0x2C70, 0x9ED7,   // 0x0F40 (3904)
0x9ED7, 0xAF18, 0xB759, 0x7DF5, 0x3C50, 0x9ED8, 0xBF59, 0x5D54, 0x85B7, 0xDF9E, 0xEFBF, 0xEFBE, 0xE7BE, 0xE7BE, 0xE79E, 0xE79E,   // 0x0F50 (3920)
0xDF9E, 0xDF9D, 0xDF9D, 0xDF9D, 0xD79D, 0xD77D, 0xD77D, 0xD77D, 0xD77D, 0xD77D, 0xCF7D, 0xCF7D, 0xCF7C, 0xCF7C, 0xCF7C, 0xCF7C,   // 0x0F60 (3936)
0xCF7C, 0xCF7C, 0xCF7C, 0xCF7C, 0xD77C, 0xCF9C, 0xCF9C, 0xCF7C, 0xCF7C, 0xCF7C, 0xCF7C, 0xCF7B, 0xC75B, 0xC75B, 0xC73B, 0xC73B,   // 0x0F70 (3952)
0xC75B, 0xC75B, 0xCF7B, 0xCF7B, 0xD79C, 0xD79C, 0xDF9C, 0xE7BD, 0xBF59, 0xB739, 0xB759, 0xB759, 0x8636, 0x5536, 0x65B8, 0x6DB8,   // 0x0F80 (3968)
0x7DBC, 0x7DBC, 0x7DBC, 0x7DDC, 0x7DDC, 0x7DDC, 0x7DDC, 0x7DBB, 0x8DFC, 0xD73E, 0xC6FE, 0xC6FE, 0xBEFD, 0xBEDD, 0xBEDD, 0xBEDD,   // 0x0F90 (3984)
0xBEDD, 0xBEDD, 0xBEDD, 0xBEDD, 0xBEDD, 0xBEDD, 0xBEDD, 0xBEFD, 0xBEFD, 0xBEFD, 0xBEFD, 0xBEFD, 0xBEFD, 0xBEFD, 0xBEFD, 0xBEFD,   // 0x0FA0 (4000)
0xBEFD, 0xBEFD, 0xBEFD, 0xBF1D, 0xC71D, 0xC71D, 0xC71D, 0xC71D, 0xC71D, 0xC73D, 0xCF3D, 0xCF3D, 0xCF3D, 0xD75D, 0xD75E, 0xD75E,   // 0x0FB0 (4016)
0xDF7E, 0xDF7E, 0xDF7E, 0xDF9E, 0xE79E, 0xE79E, 0xEFBE, 0xE7BE, 0x6514, 0x3D32, 0x4DF3, 0x2C91, 0x4532, 0x5E12, 0x3CF1, 0x6DB4,   // 0x0FC0 (4032)
0x7DD4, 0x4491, 0xAF39, 0xB779, 0x8656, 0x3430, 0x5D54, 0x4451, 0xDF7D, 0xEFBE, 0xEFBE, 0xE7BE, 0xE7BE, 0xE79E, 0xE79E, 0xDF9E,   // 0x0FD0 (4048)
0xDF9D, 0xDF9D, 0xDF9D, 0xD79D, 0xD79D, 0xD77D, 0xD77D, 0xD77D, 0xD77D, 0xCF7D, 0xCF7D, 0xCF7D, 0xCF7C, 0xCF7C, 0xCF7C, 0xCF7C,   // 0x0FE0 (4064)
0xCF7C, 0xCF7C, 0xCF7C, 0xCF7C, 0xCF7C, 0xCF7C, 0xCF7C, 0xCF7C, 0xCF7C, 0xCF7C, 0xC75B, 0xC75B, 0xC75B, 0xC75B, 0xC75B, 0xC75B,   // 0x0FF0 (4080)
0xCF7B, 0xCF7B, 0xD79C, 0xD79C, 0xD79C, 0xD79C, 0xDF9C, 0xDFBD, 0xB739, 0xAF39, 0xB739, 0xB759, 0x8636, 0x5556, 0x6598, 0x65B8,   // 0x1000 (4096)
0x7DBC, 0x7DBC, 0x7DBC, 0x7DDC, 0x7DDC, 0x7DDC, 0x7DDC, 0x7DBB, 0x8DFB, 0xD73E, 0xC6FE, 0xBEFE, 0xBEDD, 0xBEDD, 0xBEDD, 0xBEDD,   // 0x1010 (4112)
0xBEDD, 0xBEDD, 0xBEDD, 0xBEDD, 0xBEDD, 0xBEDD, 0xBEDD, 0xBEFD, 0xBEFD, 0xBEFD, 0xBEFD, 0xBEFD, 0xBEFD, 0xBEFD, 0xBEFD, 0xBEFD,   // 0x1020 (4128)
0xBEFD, 0xBEFD, 0xBEFD, 0xBEFD, 0xBEFD, 0xC71D, 0xC71D, 0xC71D, 0xC71D, 0xCF3D, 0xCF3D, 0xCF3D, 0xCF3D, 0xCF5D, 0xD75E, 0xD75E,   // 0x1030 (4144)
0xD75E, 0xDF7E, 0xDF7E, 0xDF7E, 0xE79E, 0xE79E, 0xE79E, 0xEFBE, 0xCF3C, 0x4472, 0x2431, 0x34F2, 0x55F2, 0x4DD2, 0x2430, 0x240F,   // 0x1040 (4160)
0x6574, 0x75D5, 0x3C91, 0xA718, 0xB758, 0x44B2, 0x7D96, 0xDF7D, 0xEFDE, 0xEFBE, 0xE7BE, 0xE7BE, 0xE7BE, 0xE79E, 0xDF9E, 0xDF9D,   // 0x1050 (4176)
0xDF9D, 0xDF9D, 0xD79D, 0xD79D, 0xD79D, 0xD77D, 0xD77D, 0xD77D, 0xCF7D, 0xCF7D, 0xCF7C, 0xCF7C, 0xCF7C, 0xCF7C, 0xCF7C, 0xCF7C,   // 0x1060 (4192)
0xCF7C, 0xCF7C, 0xCF7C, 0xCF7C, 0xCF7C, 0xCF7C, 0xCF7C, 0xCF7C, 0xCF5C, 0xCF5C, 0xC75B, 0xC75B, 0xCF5B, 0xCF5B, 0xCF7B, 0xCF7B,   // 0x1070 (4208)
0xCF7B, 0xD79C, 0xD79C, 0xD79C, 0xD79C, 0xD79C, 0xD79C, 0xDFBC, 0xAF38, 0xAF38, 0xB759, 0xB759, 0x8657, 0x5D56, 0x65B8, 0x65B8,   // 0x1080 (4224)
0x7DBC, 0x7DBC, 0x7DDC, 0x7DDC, 0x7DDC, 0x7DDC, 0x7DBC, 0x7DBB, 0x8E1B, 0xCF3E, 0xC6FE, 0xBEFE, 0xBEDD, 0xBEDD, 0xBEDD, 0xBEDD,   // 0x1090 (4240)
0xBEDD, 0xBEDD, 0xBEDD, 0xBEDD, 0xBEDD, 0xBEDD, 0xBEFD, 0xBEFD, 0xBEFD, 0xBEFD, 0xBEFD, 0xBEFD, 0xBEFD, 0xBEFD, 0xBEFD, 0xBEFD,   // 0x10A0 (4256)
0xBEFD, 0xBEFD, 0xBEFD, 0xBEFD, 0xC71D, 0xC71D, 0xC71D, 0xC71D, 0xC71D, 0xC71D, 0xC73D, 0xCF3D, 0xCF3D, 0xCF3D, 0xCF5D, 0xD75E,   // 0x10B0 (4272)
0xD75E, 0xD77E, 0xDF7E, 0xDF7E, 0xDF7E, 0xE79E, 0xE79E, 0xE79E, 0xEFBE, 0xE7BE, 0x7596, 0x34F2, 0x4593, 0x2450, 0x3D31, 0x55D2,   // 0x10C0 (4288)
0x240F, 0xB75A, 0x7DF6, 0x3471, 0x54F3, 0x4451, 0xE79E, 0xEFBE, 0xEFBE, 0xE7BE, 0xE7BE, 0xE7BE, 0xE79E, 0xDF9E, 0xDF9D, 0xDF9D,   // 0x10D0 (4304)
0xDF9D, 0xD79D, 0xD79D, 0xD77D, 0xD77D, 0xD77D, 0xD77D, 0xCF7D, 0xCF7D, 0xCF7C, 0xCF7C, 0xCF7C, 0xCF7C, 0xCF7C, 0xCF7C, 0xCF7C,   // 0x10E0 (4320)
0xCF7C, 0xCF7C, 0xCF7C, 0xCF7C, 0xCF7C, 0xCF7C, 0xCF7C, 0xCF7C, 0xCF5C, 0xCF5C, 0xCF5C, 0xCF7C, 0xCF7B, 0xCF7B, 0xCF9C, 0xD79C,   // 0x10F0 (4336)
0xD79C, 0xD79C, 0xD79C, 0xD79C, 0xD77B, 0xCF7B, 0xCF7B, 0xD79C, 0xAF39, 0xA739, 0xAF39, 0xB759, 0x8657, 0x5D76, 0x65B8, 0x65B8,   // 0x1100 (4352)
0x7DBC, 0x7DDC, 0x7DDC, 0x7DDC, 0x7DDC, 0x7DDC, 0x7DDC, 0x7DBB, 0x8E1B, 0xCF3E, 0xC6FE, 0xBEFE, 0xBEFD, 0xBEDD, 0xBEDD, 0xBEDD,   // 0x1110 (4368)
0xBEDD, 0xBEDD, 0xBEDD, 0xBEDD, 0xBEDD, 0xBEFD, 0xBEFD, 0xBEFD, 0xBEFD, 0xBEFD, 0xBEFD, 0xBEFD, 0xBEFD, 0xBEFD, 0xBEFD, 0xBEFD,   // 0x1120 (4384)
0xBEFD, 0xBEFD, 0xBEFD, 0xBEFD, 0xC71D, 0xC71D, 0xC71D, 0xC71D, 0xC71D, 0xC71D, 0xC73D, 0xCF3D, 0xCF3D, 0xCF3D, 0xCF5D, 0xD75D,   // 0x1130 (4400)
0xD75D, 0xD75E, 0xD77E, 0xDF7E, 0xDF7E, 0xDF9E, 0xE79E, 0xE79E, 0xE7BE, 0xE7BE, 0xDF7D, 0x6514, 0x2C10, 0x2CB1, 0x4DF2, 0x4552,   // 0x1140 (4416)
0x23EF, 0xAF39, 0xAF3A, 0x3431, 0xA679, 0xDF9E, 0xEFBE, 0xEFBE, 0xE7BE, 0xE7BE, 0xE7BE, 0xE79E, 0xDF9E, 0xDF9D, 0xDF9D, 0xDF9D,   // 0x1150 (4432)
0xD79D, 0xD79D, 0xD79D, 0xD77D, 0xD77D, 0xD77D, 0xD77D, 0xD77D, 0xCF7C, 0xCF7D, 0xCF9C, 0xCF7C, 0xCF7C, 0xCF7C, 0xCF7C, 0xCF7C,   // 0x1160 (4448)
0xCF7C, 0xCF7C, 0xCF7C, 0xCF7C, 0xCF7C, 0xCF7C, 0xCF7C, 0xCF7C, 0xCF7C, 0xCF7C, 0xCF7C, 0xCF7C, 0xCF7C, 0xD79C, 0xD79C, 0xD79C,   // 0x1170 (4464)
0xD79C, 0xD79C, 0xD79C, 0xCF7B, 0xCF7B, 0xC75A, 0xBF3A, 0xCF7B, 0x5D72, 0x4510, 0x6DD4, 0xB759, 0x8E57, 0x5D76, 0x6598, 0x6598,   // 0x1180 (4480)
0x7DDC, 0x7DDC, 0x5D37, 0x4CB2, 0x4CB3, 0x759A, 0x7DDB, 0x7DDB, 0x8E1B, 0xCF5E, 0xC6FE, 0xBEFE, 0xBEDD, 0xBEDD, 0xBEDD, 0xBEDD,   // 0x1190 (4496)
0xBEDD, 0xBEDD, 0xBEDD, 0xBEDD, 0xBEDD, 0xBEFD, 0xBEFE, 0xBEFD, 0xBEFD, 0xBEFD, 0xBEFD, 0xBEFD, 0xBEFD, 0xBEFD, 0xBEFD, 0xBEFD,   // 0x11A0 (4512)
0xBEFD, 0xBEFD, 0xBF1D, 0xBF1D, 0xC71D, 0xC71D, 0xC71D, 0xC71D, 0xC71D, 0xC73D, 0xC73D, 0xCF3D, 0xCF3D, 0xCF5E, 0xCF5D, 0xCF5D,   // 0x11B0 (4528)
0xD75D, 0xD75E, 0xD75E, 0xDF7E, 0xDF7E, 0xDF7E, 0xDF9E, 0xE79E, 0xE79E, 0xE7BE, 0xEFBE, 0xE7BE, 0xBEDB, 0x2C10, 0x34D1, 0x3451,   // 0x11C0 (4544)
0x6535, 0x3451, 0x3C71, 0x8DD7, 0xEFDF, 0xE7BE, 0xE7BE, 0xE7BE, 0xE7BE, 0xE79E, 0xDF9E, 0xDF9E, 0xDF9D, 0xDF9D, 0xDF9D, 0xD79D,   // 0x11D0 (4560)
0xD79D, 0xD79D, 0xD77D, 0xD77D, 0xD77D, 0xD77D, 0xCF7D, 0xD77D, 0xCF7D, 0xCF9D, 0xCF7C, 0xCF9C, 0xCF7C, 0xCF7C, 0xCF7C, 0xCF7C,   // 0x11E0 (4576)
0xCF7C, 0xCF7C, 0xCF7C, 0xCF9C, 0xCF7C, 0xCF7C, 0xCF7C, 0xCF7C, 0xCF7C, 0xD79C, 0xD79C, 0xD79C, 0xD79C, 0xD79C, 0xD79C, 0xD79C,   // 0x11F0 (4592)
0xD79C, 0xD79C, 0xD79C, 0xCF7B, 0xC75A, 0xBF3A, 0xBF39, 0xCF7A, 0x7E93, 0x6E72, 0x5D92, 0xB759, 0x8E57, 0x5D76, 0x65B8, 0x65B8,   // 0x1200 (4608)
0x7DDC, 0x6538, 0x5D72, 0x8692, 0x8673, 0x4CB4, 0x7DDB, 0x7DDB, 0x8E1B, 0xD73E, 0xC6FE, 0xBEFE, 0xBEDD, 0xBEDD, 0xBEDD, 0xBEDD,   // 0x1210 (4624)
0xBEDD, 0xBEDD, 0xBEDD, 0xB6DD, 0xBEFD, 0xBEFD, 0xBEFD, 0xBEFD, 0xBEFD, 0xBEFD, 0xBEFD, 0xBEFD, 0xBEFD, 0xBEFD, 0xBEFD, 0xBEFD,   // 0x1220 (4640)
0xBEFD, 0xBEFD, 0xBEFD, 0xBEFD, 0xC71D, 0xC71D, 0xC71D, 0xC71D, 0xC73D, 0xC73D, 0xC73D, 0xC73D, 0xCF3D, 0xCF3D, 0xCF3D, 0xCF5D,   // 0x1230 (4656)
0xD75D, 0xD75D, 0xD75E, 0xD77E, 0xDF7E, 0xDF7E, 0xDF7E, 0xDF9E, 0xE79E, 0xE79E, 0xE79E, 0xE7BE, 0xE7BE, 0xBEDB, 0x9618, 0xCF5D,   // 0x1240 (4672)
0xE7BE, 0xCF3C, 0xCF3C, 0xEFDF, 0xE7BE, 0xE7BE, 0xE7BE, 0xE7BE, 0xE79E, 0xDF9E, 0xDF9E, 0xDF9E, 0xDF9D, 0xDF9D, 0xD79D, 0xD79D,   // 0x1250 (4688)
0xD79D, 0xD77D, 0xD77D, 0xD77D, 0xD77D, 0xD77D, 0xCF7D, 0xCF7D, 0xCF7D, 0xCF7C, 0xCF7C, 0xCF7C, 0xCF7C, 0xCF7C, 0xCF7C, 0xCF7C,   // 0x1260 (4704)
0xCF7C, 0xCF7C, 0xD79C, 0xCF9C, 0xD79C, 0xD79C, 0xD79C, 0xD79C, 0xD79C, 0xD79C, 0xD79C, 0xD79C, 0xD79C, 0xD79C, 0xD79C, 0xD79C,   // 0x1270 (4720)
0xD79C, 0xD79C, 0xD79C, 0xCF7B, 0xC75A, 0xB739, 0xB738, 0xC77A, 0x7E93, 0x6E72, 0x5D92, 0xB758, 0x8657, 0x5D76, 0x65B8, 0x65B8,   // 0x1280 (4736)
0x5D37, 0x5D72, 0x8672, 0x8672, 0x7E53, 0x4CB4, 0x7DDB, 0x7DDB, 0x8E1B, 0xD73E, 0xC6FE, 0xC6FE, 0xBEDD, 0xBEDD, 0xBEDD, 0xBEDD,   // 0x1290 (4752)
0xBEDD, 0xBEDD, 0xBEDD, 0xBEFD, 0xBEFD, 0xBEFD, 0xBEFD, 0xBEFD, 0xBEFD, 0xBEFD, 0xBEFD, 0xBEFD, 0xBEFD, 0xBEFD, 0xBEFD, 0xBEFD,   // 0x12A0 (4768)
0xBEFD, 0xBF1D, 0xBF1D, 0xC71D, 0xC71D, 0xC71D, 0xC71D, 0xC71D, 0xC73D, 0xC73D, 0xC73D, 0xCF3D, 0xCF3D, 0xCF3D, 0xCF3D, 0xCF3D,   // 0x12B0 (4784)
0xCF5D, 0xD75D, 0xD75D, 0xD75E, 0xD77E, 0xDF7E, 0xDF7E, 0xDF7E, 0xDF9E, 0xE79E, 0xE79E, 0xE79E, 0xE79E, 0xE7BE, 0xE7BE, 0xE7BE,   // 0x12C0 (4800)
0xE7BE, 0xE7BE, 0xE7BE, 0xE7BE, 0xE7BE, 0xE7BE, 0xE79E, 0xE79E, 0xDF9E, 0xDF9E, 0xDF9E, 0xDF9E, 0xDF9D, 0xDF9D, 0xD79D, 0xD79D,   // 0x12D0 (4816)
0xD79D, 0xD77D, 0xD77D, 0xD77D, 0xD77D, 0xD77D, 0xD77C, 0xD77C, 0xCF9C, 0xCF7C, 0xCF7C, 0xCF7C, 0xCF7C, 0xCF7C, 0xCF7C, 0xCF7C,   // 0x12E0 (4832)
0xCF7C, 0xCF7C, 0xD79C, 0xD79C, 0xD79C, 0xD79C, 0xD79C, 0xD79C, 0xD79C, 0xD79C, 0xD79C, 0xD79C, 0xD79C, 0xD79C, 0xD79C, 0xD79C,   // 0x12F0 (4848)
0xD79C, 0xD79C, 0xD79B, 0xCF7B, 0xC75A, 0xB719, 0xAF38, 0xC77A, 0x7E73, 0x6E72, 0x5D92, 0xAF58, 0x8656, 0x5D76, 0x65B8, 0x65B8,   // 0x1300 (4864)
0x5532, 0x7E53, 0x7E72, 0x7E53, 0x4CD2, 0x759A, 0x7DDB, 0x7DBB, 0x8E1B, 0xD73E, 0xC6FE, 0xC6FE, 0xBEDD, 0xBEDD, 0xBEDD, 0xBEDD,   // 0x1310 (4880)
0xBEDD, 0xBEDD, 0xBEDD, 0xBEFD, 0xBEDD, 0xBEFD, 0xBEDD, 0xBEDD, 0xBEFD, 0xBEFD, 0xBEFD, 0xBEFD, 0xBEFD, 0xBEFD, 0xBEFD, 0xBEFD,   // 0x1320 (4896)
0xBF1D, 0xBF1D, 0xBF1D, 0xC71D, 0xC71D, 0xC71D, 0xC71D, 0xC73D, 0xC73D, 0xC71D, 0xC73D, 0xC73D, 0xC73D, 0xCF3D, 0xCF3D, 0xCF3D,   // 0x1330 (4912)
0xCF3D, 0xCF5D, 0xD75D, 0xD75D, 0xD77E, 0xD77E, 0xDF7E, 0xDF7E, 0xDF7E, 0xDF9E, 0xDF9E, 0xDF9E, 0xE79E, 0xE79E, 0xE79E, 0xE7BE,   // 0x1340 (4928)
0xE7BE, 0xE7BE, 0xE7BE, 0xE7BE, 0xE7BE, 0xE79E, 0xDF9E, 0xDF9E, 0xDF9E, 0xDF9E, 0xDF9D, 0xDF9D, 0xD79D, 0xD79D, 0xD79D, 0xD79D,   // 0x1350 (4944)
0xD77D, 0xD77D, 0xD77D, 0xD77D, 0xCF7D, 0xD77D, 0xD77C, 0xD77C, 0xD77C, 0xCF7C, 0xCF7C, 0xCF7C, 0xCF7C, 0xCF7C, 0xCF7C, 0xCF7C,   // 0x1360 (4960)
0xCF7C, 0xCF7C, 0xD79C, 0xD79C, 0xD79C, 0xD79C, 0xCF7C, 0xCF7C, 0xCF9C, 0xD79C, 0xD79C, 0xD79C, 0xD79C, 0xD79C, 0xD79C, 0xD79C,   // 0x1370 (4976)
0xD79C, 0xD79C, 0xD79B, 0xCF7B, 0xC75A, 0xB719, 0xAF18, 0xBF7A, 0x7E73, 0x6653, 0x5D93, 0xAF58, 0x8656, 0x5D56, 0x65B8, 0x65B8,   // 0x1380 (4992)
0x6E33, 0x7633, 0x7653, 0x4CF3, 0x75BA, 0x7DDB, 0x7DDB, 0x7DDB, 0x8E1B, 0xD73E, 0xC6FE, 0xC6FE, 0xBEDD, 0xBEDD, 0xBEDD, 0xB6DD,   // 0x1390 (5008)
0xBEDD, 0xBEDD, 0xBEFD, 0xBEDD, 0xBEDD, 0xBEDD, 0xBEFD, 0xBEDD, 0xBEFD, 0xBEFD, 0xBEFD, 0xBEFD, 0xBEFD, 0xBEFD, 0xBEFD, 0xBEFD,   // 0x13A0 (5024)
0xBF1D, 0xBEFD, 0xC71D, 0xC71D, 0xC71D, 0xC71D, 0xC71D, 0xC73D, 0xC73D, 0xC73D, 0xC73D, 0xC73D, 0xCF3D, 0xCF3D, 0xCF3D, 0xCF3D,   // 0x13B0 (5040)
0xCF3D, 0xCF5D, 0xD75D, 0xD75D, 0xD77E, 0xD77E, 0xDF7E, 0xDF7E, 0xDF7E, 0xDF7E, 0xDF7E, 0xDF9E, 0xDF9E, 0xDF9E, 0xE79E, 0xE79E,   // 0x13C0 (5056)
0xE79E, 0xE79E, 0xE79E, 0xDF9E, 0xDF9E, 0xDF9E, 0xDF9E, 0xDF9E, 0xDF9D, 0xDF9D, 0xDF9D, 0xDF9D, 0xD79D, 0xD79D, 0xD79D, 0xD79D,   // 0x13D0 (5072)
0xD77D, 0xD77D, 0xD77D, 0xD77D, 0xD77D, 0xD77C, 0xD77C, 0xD77C, 0xD77C, 0xD77C, 0xCF9C, 0xCF7C, 0xCF7C, 0xCF7C, 0xCF7C, 0xCF7C,   // 0x13E0 (5088)
0xCF7C, 0xD79C, 0xD79C, 0xD79C, 0xCF7C, 0xCF7B, 0xCF7B, 0xCF7B, 0xCF7B, 0xCF7B, 0xCF7B, 0xCF9B, 0xD79C, 0xD79C, 0xD79C, 0xD79C,   // 0x13F0 (5104)
0xD79C, 0xD79C, 0xD79B, 0xCF7B, 0xBF5A, 0xB739, 0xAF18, 0xBF5A, 0x7654, 0x6653, 0x65B4, 0xB758, 0x8656, 0x5D76, 0x6DB8, 0x6DB8,   // 0x1400 (5120)
0x6E13, 0x6E13, 0x44D3, 0x75BA, 0x85DC, 0x7DDC, 0x7DDB, 0x7DDB, 0x8E1B, 0xD73E, 0xC6FE, 0xC6FE, 0xBEDD, 0xBEDD, 0xBEDD, 0xBEDD,   // 0x1410 (5136)
0xBEDD, 0xBEDD, 0xBEFD, 0xBEDD, 0xBEDD, 0xBEDD, 0xBEDD, 0xBEFD, 0xBEFD, 0xBEFD, 0xBEFD, 0xBEFD, 0xBEFD, 0xBEFD, 0xBEFD, 0xBEFD,   // 0x1420 (5152)
0xBF1D, 0xC71D, 0xC71D, 0xC71D, 0xC71D, 0xC71D, 0xC71D, 0xC73D, 0xC71D, 0xC73D, 0xC71D, 0xC71D, 0xCF3D, 0xCF3D, 0xCF3D, 0xCF3D,   // 0x1430 (5168)
0xCF3D, 0xCF5D, 0xCF5D, 0xD75D, 0xD75D, 0xD75D, 0xD77E, 0xDF7E, 0xDF7E, 0xDF7E, 0xDF7E, 0xDF9E, 0xDF9E, 0xDF9E, 0xDF9E, 0xDF9E,   // 0x1440 (5184)
0xDF9E, 0xDF9E, 0xDF9E, 0xDF9E, 0xDF9E, 0xDF9E, 0xDF9D, 0xDF9D, 0xDF9D, 0xDF9D, 0xD79D, 0xD79D, 0xD79D, 0xD77D, 0xD77D, 0xD77D,   // 0x1450 (5200)
0xD77D, 0xD77D, 0xD77D, 0xD77D, 0xD77C, 0xD77C, 0xD77C, 0xD77C, 0xCF7C, 0xD79C, 0xD79C, 0xD79C, 0xCF7C, 0xCF7C, 0xCF7C, 0xCF7C,   // 0x1460 (5216)
0xCF7C, 0xCF7C, 0xD77C, 0xD77C, 0xCF7B, 0xCF5B, 0xC75B, 0xC73B, 0xC75A, 0xC75B, 0xC75B, 0xCF7B, 0xCF7B, 0xD79C, 0xCF9B, 0xCF9C,   // 0x1470 (5232)
0xCF9B, 0xCF9B, 0xCF7B, 0xCF7B, 0xBF5A, 0xAF19, 0xA718, 0xB75A, 0x6E54, 0x5E33, 0x6DD4, 0xB758, 0x8E77, 0x6576, 0x6DD8, 0x6DD8,   // 0x1480 (5248)
0x65F4, 0x44B3, 0x759A, 0x85DC, 0x85FC, 0x85DB, 0x7DDB, 0x7DDB, 0x8E1B, 0xD73E, 0xC6FE, 0xC6FD, 0xBEDE, 0xBEDD, 0xBEFD, 0xBEDD,   // 0x1490 (5264)
0xBEDD, 0xBEDD, 0xBEDD, 0xBEDD, 0xBEDD, 0xBEDD, 0xBEDD, 0xBEFD, 0xBEFD, 0xBEFD, 0xBEFD, 0xBEFD, 0xBEFD, 0xBEFD, 0xBF1D, 0xBEFD,   // 0x14A0 (5280)
0xC6FD, 0xC71D, 0xC71D, 0xC71D, 0xC71D, 0xC71D, 0xC71D, 0xC71D, 0xC73D, 0xC71D, 0xC71D, 0xC73D, 0xC73D, 0xCF3D, 0xCF3D, 0xCF3D,   // 0x14B0 (5296)
0xCF3D, 0xCF3D, 0xCF5D, 0xD75D, 0xD75D, 0xD75E, 0xD77E, 0xD77E, 0xD77E, 0xDF7E, 0xDF7E, 0xDF7E, 0xDF7E, 0xDF9E, 0xDF9E, 0xDF9E,   // 0x14C0 (5312)
0xDF9E, 0xDF9E, 0xDF9E, 0xDF9E, 0xDF9D, 0xDF9D, 0xDF9D, 0xDF9D, 0xDF9D, 0xDF9D, 0xD79D, 0xD77D, 0xD77D, 0xD77D, 0xD77D, 0xD77D,   // 0x14D0 (5328)
0xD77D, 0xD77D, 0xD77D, 0xD77D, 0xD77D, 0xD77C, 0xD77C, 0xD77C, 0xD77C, 0xD77C, 0xD79C, 0xD79C, 0xCF7C, 0xCF7C, 0xCF7C, 0xD79C,   // 0x14E0 (5344)
0xCF7C, 0xCF7C, 0xD77C, 0xCF7C, 0xCF5B, 0xC73B, 0xBF3A, 0xB71A, 0xB719, 0xBF3A, 0xBF3A, 0xC75B, 0xCF5B, 0xCF7B, 0xCF5B, 0xCF5B,   // 0x14F0 (5360)
0xCF5B, 0xCF5B, 0xCF5B, 0xC75B, 0xBF3A, 0xAF19, 0xA719, 0xB75A, 0x6634, 0x5633, 0x75F5, 0xB758, 0x9697, 0x6DB7, 0x75F8, 0x75F8,   // 0x1500 (5376)
0x44D3, 0x759A, 0x7DDC, 0x85DC, 0x85FC, 0x85DB, 0x7DDB, 0x7DDB, 0x8E1B, 0xD73E, 0xC6FE, 0xC6FD, 0xBEFE, 0xBEDD, 0xBEDD, 0xBEDD,   // 0x1510 (5392)
0xBEDD, 0xBEDD, 0xBEDD, 0xBEDD, 0xBEDD, 0xBEDD, 0xBEFD, 0xBEFD, 0xBEFD, 0xBEFD, 0xBEFD, 0xBEFD, 0xBEFD, 0xBEFD, 0xBEFD, 0xBEFD,   // 0x1520 (5408)
0xC71D, 0xC71D, 0xC71D, 0xC71D, 0xC71D, 0xC71D, 0xC71D, 0xC71D, 0xC71D, 0xC71D, 0xC71D, 0xC73D, 0xCF3D, 0xCF3D, 0xCF3D, 0xCF3D,   // 0x1530 (5424)
0xCF5D, 0xCF5D, 0xCF5D, 0xCF5D, 0xD75D, 0xD75D, 0xD75D, 0xD77E, 0xD77E, 0xDF7E, 0xDF7E, 0xDF7E, 0xDF7E, 0xDF7D, 0xDF7E, 0xDF7E,   // 0x1540 (5440)
0xDF9E, 0xDF7E, 0xDF9E, 0xDF9D, 0xDF9D, 0xDF9D, 0xDF9D, 0xDF7D, 0xDF9D, 0xD79D, 0xD77D, 0xD77D, 0xD77D, 0xD77D, 0xD77D, 0xD77D,   // 0x1550 (5456)
0xD77D, 0xD77D, 0xD77D, 0xD77D, 0xD77D, 0xD77D, 0xD77C, 0xCF7C, 0xD77C, 0xD77C, 0xD79C, 0xD79C, 0xCF7C, 0xCF7C, 0xCF7C, 0xD79C,   // 0x1560 (5472)
0xD79C, 0xD77C, 0xD77C, 0xCF7B, 0xCF5B, 0xBF3A, 0xB719, 0xAF19, 0xAF18, 0xAF19, 0xB71A, 0xBF3A, 0xC75B, 0xC73B, 0xBF3B, 0xBF1B,   // 0x1570 (5488)
0xBF1B, 0xBF3B, 0xC73B, 0xC75B, 0xBF3A, 0xAF19, 0xA719, 0xB75A, 0x6634, 0x5634, 0x75F5, 0xB758, 0x9EB7, 0x75D7, 0x7E18, 0x7E18,   // 0x1580 (5504)
0x759A, 0x85DC, 0x85FC, 0x85DC, 0x85FC, 0x85DB, 0x7DDB, 0x7DDB, 0x8E1B, 0xD73E, 0xC6FD, 0xC6FE, 0xBEFD, 0xBEFD, 0xBEDD, 0xBEDD,   // 0x1590 (5520)
0xBEFD, 0xBEDD, 0xBEDD, 0xBEDD, 0xBEDD, 0xBEDD, 0xBEFD, 0xBEFD, 0xBEFD, 0xBEFD, 0xBEFD, 0xBEFD, 0xBEFD, 0xBEFD, 0xBEFD, 0xC6FD,   // 0x15A0 (5536)
0xC71D, 0xC71D, 0xC71D, 0xC71D, 0xC71D, 0xC71D, 0xC71D, 0xC71D, 0xC71D, 0xC71D, 0xCF3D, 0xCF3D, 0xCF3D, 0xCF3D, 0xCF3D, 0xCF3D,   // 0x15B0 (5552)
0xCF5D, 0xCF5D, 0xCF5D, 0xCF5D, 0xCF5D, 0xD75D, 0xD75D, 0xD75E, 0xD77E, 0xD77E, 0xD77D, 0xDF7E, 0xDF7E, 0xDF7E, 0xDF7E, 0xDF7E,   // 0x15C0 (5568)
0xDF7E, 0xDF7D, 0xDF7D, 0xDF7D, 0xDF7D, 0xDF7D, 0xD79D, 0xD77D, 0xD77D, 0xD77D, 0xD77D, 0xD77D, 0xD77D, 0xD77D, 0xD77D, 0xD77D,   // 0x15D0 (5584)
0xD77D, 0xD77D, 0xD77D, 0xD77D, 0xD77C, 0xD77C, 0xD77C, 0xD77C, 0xD77C, 0xD77C, 0xD79C, 0xCF7C, 0xD79C, 0xD79C, 0xD79C, 0xD79C,   // 0x15E0 (5600)
0xD77C, 0xD79C, 0xD77C, 0xCF7B, 0xC75B, 0xBF3A, 0xAF19, 0xAF18, 0xA718, 0xAF18, 0xAF19, 0xBF3A, 0xBF3B, 0xB71B, 0xB6FA, 0xAEDA,   // 0x15F0 (5616)
0xAEDA, 0xB6FA, 0xBF1A, 0xBF3A, 0xBF3A, 0xAF1A, 0xA719, 0xB75B, 0x6635, 0x5E34, 0x7E15, 0xB758, 0x9EB8, 0x7E17, 0x8638, 0x8638,   // 0x1600 (5632)
0x85DC, 0x85FC, 0x85FC, 0x85FC, 0x85DC, 0x85DC, 0x7DDB, 0x7DDB, 0x8E1B, 0xD73E, 0xC6FD, 0xC6FE, 0xBEFD, 0xBEFD, 0xBEDD, 0xBEDD,   // 0x1610 (5648)
0xBEDD, 0xBEFD, 0xBEDD, 0xBEFD, 0xBEDD, 0xBEFD, 0xBEFD, 0xBEFD, 0xBEFD, 0xBEFD, 0xBEFD, 0xBEFD, 0xBEFD, 0xBEFD, 0xBEFD, 0xC6FD,   // 0x1620 (5664)
0xC71D, 0xC71D, 0xC71D, 0xC71D, 0xC71D, 0xC71D, 0xC71D, 0xC71D, 0xC71D, 0xC73D, 0xC73D, 0xCF3D, 0xCF3D, 0xCF3D, 0xCF3D, 0xCF3D,   // 0x1630 (5680)
0xCF3D, 0xCF5D, 0xCF5D, 0xCF5D, 0xD75D, 0xD75D, 0xD75D, 0xD75D, 0xD75E, 0xD77D, 0xD77E, 0xD77E, 0xD77E, 0xD77E, 0xD77E, 0xD77E,   // 0x1640 (5696)
0xDF7D, 0xDF7E, 0xDF7D, 0xDF7D, 0xD79D, 0xD77D, 0xD79D, 0xD79D, 0xD77D, 0xD77D, 0xD77D, 0xD77D, 0xD77D, 0xD77D, 0xD77D, 0xD77D,   // 0x1650 (5712)
0xD77D, 0xCF7D, 0xD77D, 0xD77D, 0xD77D, 0xD77C, 0xD77C, 0xD77C, 0xD77C, 0xD79C, 0xD79C, 0xD79C, 0xD79C, 0xD79C, 0xD77C, 0xD77C,   // 0x1660 (5728)
0xD77C, 0xD77C, 0xD77C, 0xCF7C, 0xC75B, 0xB73A, 0xAF19, 0xA718, 0xA6F8, 0xA6F8, 0xAF19, 0xB71A, 0xBF1B, 0xB6FA, 0xAEDA, 0xA6BA,   // 0x1670 (5744)
0xA6DA, 0xAEDA, 0xB6FA, 0xBF3B, 0xBF3A, 0xB71A, 0xAF1A, 0xBF5B, 0x6E55, 0x6655, 0x8636, 0xB758, 0xA6D8, 0x8637, 0x8E58, 0x8E58,   // 0x1680 (5760)
0x85DC, 0x85FC, 0x85FC, 0x85FC, 0x85DC, 0x85DC, 0x7DDB, 0x7DDB, 0x8E1B, 0xD73E, 0xC6FE, 0xC6FD, 0xBEFD, 0xBEFD, 0xBEDD, 0xBEDD,   // 0x1690 (5776)
0xBEDD, 0xBEFD, 0xBEDD, 0xBEDD, 0xBEDD, 0xBEFD, 0xBEFD, 0xBEFD, 0xBEFD, 0xBEFD, 0xBEFD, 0xBEFD, 0xBEFD, 0xBEFD, 0xBEFD, 0xC71D,   // 0x16A0 (5792)
0xC71D, 0xC71D, 0xC71D, 0xC71D, 0xC71D, 0xC71D, 0xC71D, 0xC71D, 0xC73D, 0xC73D, 0xCF3D, 0xCF3D, 0xCF3D, 0xCF3D, 0xCF3D, 0xCF3D,   // 0x16B0 (5808)
0xCF3D, 0xCF5D, 0xCF5D, 0xD75D, 0xD75D, 0xD75D, 0xD75D, 0xD75D, 0xD75E, 0xD77D, 0xD77D, 0xD77D, 0xD77E, 0xD77E, 0xD77D, 0xD77D,   // 0x16C0 (5824)
0xDF7D, 0xDF7D, 0xDF7D, 0xDF7D, 0xD77D, 0xD77D, 0xD77D, 0xD77D, 0xD77D, 0xD79D, 0xD77D, 0xD77D, 0xD77D, 0xD77D, 0xD77D, 0xD77D,   // 0x16D0 (5840)
0xD77D, 0xD77D, 0xD77D, 0xD77D, 0xD77C, 0xD77C, 0xD77C, 0xD77C, 0xD77C, 0xD77C, 0xD77C, 0xD79C, 0xD79C, 0xD79C, 0xD77C, 0xD77C,   // 0x16E0 (5856)
0xD77C, 0xD77C, 0xD77C, 0xCF7C, 0xC75B, 0xB71A, 0xAF19, 0x9EF8, 0x9EF8, 0xA6F9, 0xAEF9, 0xB71A, 0xBF1B, 0xAEFA, 0xA6BA, 0xA6BA,   // 0x16F0 (5872)
0xA6BB, 0xAEDB, 0xB6FB, 0xBF3B, 0xBF3A, 0xB71A, 0xB71A, 0xC77B, 0x7E76, 0x6E55, 0x8656, 0xB758, 0xA6F8, 0x8E58, 0x9678, 0x9698,   // 0x1700 (5888)
0x85FC, 0x85FC, 0x85FC, 0x85FC, 0x85FC, 0x85DC, 0x7DDB, 0x7DDB, 0x961B, 0xD75E, 0xC6FE, 0xC6FE, 0xBEFD, 0xBEFD, 0xBEDD, 0xBEDD,   // 0x1710 (5904)
0xBEDD, 0xBEDD, 0xBEDD, 0xBEFD, 0xBEFD, 0xBEFD, 0xBEFD, 0xBEFD, 0xBEFD, 0xBEFD, 0xBEFD, 0xBEFD, 0xBEFD, 0xBEFD, 0xC71D, 0xC71D,   // 0x1720 (5920)
0xC71D, 0xC71D, 0xC71D, 0xC71D, 0xC71D, 0xC71D, 0xC71D, 0xC73D, 0xCF3D, 0xC73D, 0xCF3D, 0xCF3D, 0xCF3D, 0xCF3D, 0xCF3D, 0xCF3D,   // 0x1730 (5936)
0xCF3D, 0xCF5D, 0xCF5D, 0xD75D, 0xCF5D, 0xD75D, 0xD75D, 0xD75D, 0xD75D, 0xD77E, 0xD77E, 0xD77E, 0xD77D, 0xD77D, 0xD77D, 0xD77D,   // 0x1740 (5952)
0xD77D, 0xD77D, 0xD77D, 0xD77D, 0xD77D, 0xD77D, 0xD77D, 0xD77D, 0xD77D, 0xD77D, 0xD77D, 0xD77D, 0xD77D, 0xD77D, 0xD77D, 0xD77D,   // 0x1750 (5968)
0xD77D, 0xD77D, 0xD77D, 0xD77D, 0xD79D, 0xD79C, 0xD79C, 0xD79C, 0xD79C, 0xD79C, 0xD77C, 0xD77C, 0xD79C, 0xD79C, 0xD77C, 0xD77C,   // 0x1760 (5984)
0xD77C, 0xD77C, 0xD77C, 0xCF7C, 0xC75B, 0xB73A, 0xA6F9, 0x9EF9, 0x9EF9, 0xA6F9, 0xAEFA, 0xB71A, 0xBF1B, 0xB6FB, 0xAEDA, 0xA6BB,   // 0x1770 (6000)
0xA6DB, 0xAEFB, 0xB6FB, 0xBF3B, 0xBF3A, 0xBF3A, 0xBF3A, 0xC77C, 0x8696, 0x7E76, 0x9697, 0xB758, 0xA6F8, 0x9698, 0x96B8, 0x96B8,   // 0x1780 (6016)
0x85DC, 0x85FC, 0x85FC, 0x85FC, 0x85FC, 0x85DB, 0x85DB, 0x7DDB, 0x8E1B, 0xD73E, 0xC6FE, 0xC6FD, 0xBEFD, 0xBEFD, 0xBEDD, 0xBEDD,   // 0x1790 (6032)
0xBEFD, 0xBEDD, 0xBEDD, 0xBEFD, 0xBEFD, 0xBEFD, 0xBEFD, 0xBEFD, 0xBEFD, 0xBEFD, 0xBEFD, 0xBEFD, 0xBEFD, 0xBEFD, 0xC71D, 0xC71D,   // 0x17A0 (6048)
0xC71D, 0xC71D, 0xC71D, 0xC71D, 0xC71D, 0xC71D, 0xC71D, 0xC73D, 0xC73D, 0xCF3D, 0xCF3D, 0xCF3D, 0xCF3D, 0xCF3D, 0xCF5D, 0xCF3D,   // 0x17B0 (6064)
0xCF5D, 0xCF5D, 0xCF5D, 0xD75D, 0xD75D, 0xD75D, 0xD75D, 0xD75D, 0xD75D, 0xD75D, 0xD77E, 0xD77E, 0xD77D, 0xD77D, 0xD77D, 0xD77D,   // 0x17C0 (6080)
0xD77D, 0xD77D, 0xD77D, 0xD79D, 0xD79D, 0xD77D, 0xD79D, 0xD77D, 0xD77D, 0xD77D, 0xD77D, 0xD77D, 0xD77D, 0xD77D, 0xD77D, 0xD77D,   // 0x17D0 (6096)
0xD77D, 0xD79D, 0xD79D, 0xD79D, 0xD79D, 0xD79C, 0xD79C, 0xD79C, 0xD79C, 0xD79C, 0xD79C, 0xD79C, 0xD79C, 0xD79C, 0xD79C, 0xD77C,   // 0x17E0 (6112)
0xD77C, 0xD77C, 0xD77C, 0xCF7C, 0xC75B, 0xB73B, 0xAEFA, 0x9EF9, 0x9EF9, 0xA6F9, 0xAEFA, 0xB71A, 0xBF1B, 0xB6FB, 0xAEDB, 0xAEDB,   // 0x17F0 (6128)
0xAEDB, 0xB6FB, 0xBF1B, 0xC73B, 0xC75B, 0xBF5B, 0xBF5B, 0xCF7C, 0x8EB7, 0x8696, 0x9EB7, 0xB758, 0xAF18, 0x9EB8, 0x9ED8, 0x9ED8,   // 0x1800 (6144)
0x85FC, 0x85FC, 0x85FC, 0x85FC, 0x85FB, 0x85FB, 0x85DB, 0x7DDB, 0x8E1B, 0xD73E, 0xC71D, 0xC6FE, 0xBEFD, 0xBEFD, 0xBEDD, 0xBEDD,   // 0x1810 (6160)
0xBEDD, 0xBEDD, 0xBEDD, 0xBEFD, 0xBEFD, 0xBEFD, 0xBEFD, 0xBEFD, 0xBEFD, 0xBEFD, 0xBEFD, 0xBEFD, 0xBEFD, 0xC71D, 0xC71D, 0xC71D,   // 0x1820 (6176)
0xC71D, 0xC71D, 0xC71D, 0xC71D, 0xC71D, 0xC71D, 0xC73D, 0xC73D, 0xCF3D, 0xCF3D, 0xCF3D, 0xCF3D, 0xCF3D, 0xCF5D, 0xCF3D, 0xCF3D,   // 0x1830 (6192)
0xCF5D, 0xCF5D, 0xD75D, 0xD75D, 0xD75D, 0xD75D, 0xD77D, 0xD75D, 0xD75D, 0xD77D, 0xD77D, 0xD77E, 0xD77D, 0xD77D, 0xD77D, 0xD77D,   // 0x1840 (6208)
0xD77D, 0xD77D, 0xD77D, 0xD77D, 0xD77D, 0xD77D, 0xD77D, 0xD77D, 0xD77D, 0xD77D, 0xD77D, 0xD79D, 0xD77D, 0xD77D, 0xD77D, 0xD77D,   // 0x1850 (6224)
0xD77D, 0xD77D, 0xD79D, 0xD79D, 0xD79D, 0xD79D, 0xD79C, 0xD79C, 0xD79C, 0xD79C, 0xD79C, 0xD79C, 0xD79C, 0xD79C, 0xD79C, 0xD79C,   // 0x1860 (6240)
0xD79C, 0xD79C, 0xD79C, 0xCF7C, 0xC75B, 0xBF3B, 0xAEFA, 0xA6FA, 0xA6D9, 0xA6FA, 0xAEFA, 0xBF1B, 0xBF3B, 0xB71B, 0xB6FB, 0xAEFB,   // 0x1870 (6256)
0xB6FB, 0xB71B, 0xBF3B, 0xC75B, 0xC75B, 0xC75B, 0xC75B, 0xCF9C, 0x96D7, 0x8EB7, 0xA6D7, 0xB758, 0xAF38, 0xA6F8, 0xA6F8, 0xA718,   // 0x1880 (6272)
0x85FC, 0x85FC, 0x85FC, 0x85FC, 0x85FB, 0x85FB, 0x85DB, 0x7DDB, 0x8E3B, 0xD75E, 0xC71E, 0xC71E, 0xBEFD, 0xBEFD, 0xBEDD, 0xBEDD,   // 0x1890 (6288)
0xBEDD, 0xBEDD, 0xBEFD, 0xBEFD, 0xBEFD, 0xBEFD, 0xBEFD, 0xBEFD, 0xBEFD, 0xBEFD, 0xBEFD, 0xBEFD, 0xC71D, 0xC71D, 0xC71D, 0xC71D,   // 0x18A0 (6304)
0xC71D, 0xC71D, 0xC71D, 0xC71D, 0xC73D, 0xC73D, 0xC73D, 0xC73D, 0xCF3D, 0xCF3D, 0xCF3D, 0xCF3D, 0xCF5D, 0xCF5D, 0xCF5D, 0xCF5D,   // 0x18B0 (6320)
0xCF5D, 0xD75D, 0xD75D, 0xD75D, 0xD75D, 0xD75D, 0xD75D, 0xD77D, 0xD75D, 0xD77E, 0xD77E, 0xD77E, 0xD77D, 0xD77D, 0xD77D, 0xD77D,   // 0x18C0 (6336)
0xD77D, 0xD77D, 0xD77D, 0xD77D, 0xD79D, 0xD77D, 0xD77D, 0xD77D, 0xD77D, 0xD77D, 0xD77D, 0xD77D, 0xD77D, 0xD77D, 0xD79D, 0xD77D,   // 0x18D0 (6352)
0xD79D, 0xD77D, 0xD79D, 0xD79D, 0xD79D, 0xD79D, 0xD79C, 0xD79C, 0xD79C, 0xD79C, 0xD79C, 0xD79C, 0xD79C, 0xD79C, 0xD79C, 0xD79C,   // 0x18E0 (6368)
0xD79C, 0xD79C, 0xD79C, 0xCF7C, 0xCF5B, 0xBF3B, 0xB71A, 0xAEFA, 0xA6FA, 0xAEFA, 0xB71A, 0xBF3B, 0xC73B, 0xBF3B, 0xBF1B, 0xB71B,   // 0x18F0 (6384)
0xBF1B, 0xBF3B, 0xC73B, 0xCF5B, 0xCF7B, 0xCF7B, 0xCF7B, 0xD79C, 0xA6F8, 0x9EF7, 0xAF17, 0xB758, 0xB758, 0xAF18, 0xAF38, 0xAF38,   // 0x1900 (6400)
0x85FC, 0x85FC, 0x85FC, 0x85FC, 0x85FB, 0x85FB, 0x7DFB, 0x7DDB, 0x8E3B, 0xD75E, 0xC71E, 0xC71D, 0xBEFD, 0xBEFD, 0xBEDD, 0xBEDD,   // 0x1910 (6416)
0xBEDD, 0xBEFD, 0xBEFD, 0xBEFD, 0xBEFD, 0xBEFD, 0xBEFD, 0xBEFD, 0xBEFD, 0xBEFD, 0xBEFD, 0xC71D, 0xC71D, 0xC71D, 0xC71D, 0xC71D,   // 0x1920 (6432)
0xC71D, 0xC71D, 0xC71D, 0xC71D, 0xC73D, 0xC73D, 0xC73D, 0xCF3D, 0xCF3D, 0xCF3D, 0xCF3D, 0xCF5D, 0xCF5D, 0xCF5D, 0xCF5D, 0xCF5D,   // 0x1930 (6448)
0xD75D, 0xD75D, 0xD75D, 0xD75D, 0xD75D, 0xD75D, 0xD75D, 0xD75D, 0xD77E, 0xD77E, 0xD77D, 0xD77D, 0xD77D, 0xD77D, 0xD77D, 0xD77D,   // 0x1940 (6464)
0xD77E, 0xD77D, 0xD77D, 0xD77D, 0xD77D, 0xD77D, 0xD77D, 0xD77D, 0xD77D, 0xD77D, 0xD77D, 0xD79D, 0xD79D, 0xD79D, 0xD79D, 0xD79D,   // 0x1950 (6480)
0xD79D, 0xD79D, 0xD79D, 0xD79D, 0xD79D, 0xD79D, 0xD79C, 0xD79C, 0xD79C, 0xD79C, 0xD79C, 0xD79C, 0xD79C, 0xD79C, 0xD79C, 0xD79C,   // 0x1960 (6496)
0xD79C, 0xD79C, 0xD79C, 0xCF9C, 0xCF7B, 0xBF5B, 0xB71B, 0xB71B, 0xB6FB, 0xB71B, 0xBF3B, 0xC73B, 0xC75B, 0xC75B, 0xBF3B, 0xBF3B,   // 0x1970 (6512)
0xBF3B, 0xC75B, 0xCF5B, 0xCF7B, 0xCF7B, 0xD77B, 0xD77C, 0xDFBC, 0xAF18, 0xA717, 0xAF38, 0xB758, 0xB758, 0xB759, 0xB758, 0xB759,   // 0x1980 (6528)
0x85FC, 0x85FC, 0x85FC, 0x85FC, 0x85FB, 0x85FB, 0x85FB, 0x7DDB, 0x8E3B, 0xD75E, 0xC71E, 0xC6FD, 0xBEFD, 0xBEFD, 0xBEFD, 0xBEFD,   // 0x1990 (6544)
0xBEFD, 0xBEFD, 0xBEFD, 0xBEFD, 0xBEFD, 0xBEFD, 0xBEFD, 0xBEFD, 0xBEFD, 0xBEFD, 0xBEFD, 0xC71D, 0xC71D, 0xC71D, 0xC71D, 0xC71D,   // 0x19A0 (6560)
0xC71D, 0xC71D, 0xC71D, 0xC73D, 0xC73D, 0xC73D, 0xCF3D, 0xCF3D, 0xCF3D, 0xCF3D, 0xCF3D, 0xCF3D, 0xCF5D, 0xCF5D, 0xCF5D, 0xCF5D,   // 0x19B0 (6576)
0xD75D, 0xD75D, 0xD75D, 0xD75D, 0xD77D, 0xD77D, 0xD75D, 0xD77E, 0xD77E, 0xD77D, 0xD77D, 0xD77D, 0xD77E, 0xD77D, 0xD77D, 0xD77D,   // 0x19C0 (6592)
0xD77D, 0xD77D, 0xD77D, 0xD77D, 0xD77D, 0xD77D, 0xD79D, 0xD77D, 0xD77D, 0xD77D, 0xD79D, 0xD79D, 0xD79D, 0xD79D, 0xD79D, 0xD79D,   // 0x19D0 (6608)
0xD79D, 0xD79D, 0xD79D, 0xD79D, 0xD79D, 0xD79D, 0xD79C, 0xD79C, 0xD79C, 0xD79C, 0xD79C, 0xD79C, 0xD79C, 0xD79C, 0xD79C, 0xD79C,   // 0x19E0 (6624)
0xD79C, 0xD79C, 0xD79C, 0xD79C, 0xCF7C, 0xC75B, 0xC73B, 0xBF3B, 0xBF3B, 0xBF3B, 0xC75B, 0xCF5B, 0xCF7B, 0xCF5B, 0xC75B, 0xC75B,   // 0x19F0 (6640)
0xC75B, 0xCF7B, 0xCF7B, 0xD79B, 0xD79B, 0xD79C, 0xD79C, 0xDFBD, 0xB739, 0xAF38, 0xB758, 0xB758, 0xBF79, 0xBF79, 0xBF79, 0xBF79,   // 0x1A00 (6656)
0x85FC, 0x85FC, 0x85FC, 0x85FC, 0x85FB, 0x85FB, 0x85FB, 0x7DFB, 0x8E3B, 0xD75E, 0xC71E, 0xC6FD, 0xBEFD, 0xBEFD, 0xBEFD, 0xBEFD,   // 0x1A10 (6672)
0xBEFD, 0xBEFD, 0xBEFD, 0xBEFD, 0xBEFD, 0xBEFD, 0xBEFD, 0xBEFD, 0xBEFD, 0xBEFD, 0xC71D, 0xC71D, 0xC71D, 0xC71D, 0xC71D, 0xC71D,   // 0x1A20 (6688)
0xC73D, 0xC71D, 0xC73D, 0xC73D, 0xC73D, 0xC73D, 0xCF3D, 0xCF3D, 0xCF3D, 0xCF3D, 0xCF5D, 0xCF5D, 0xCF5D, 0xCF5D, 0xCF5D, 0xD75D,   // 0x1A30 (6704)
0xD75D, 0xD75D, 0xD75D, 0xD75D, 0xD75D, 0xD77E, 0xD77E, 0xD77E, 0xD75E, 0xD75E, 0xD77D, 0xD77D, 0xD77E, 0xDF7E, 0xDF7E, 0xD77D,   // 0x1A40 (6720)
0xD77D, 0xDF7D, 0xD77D, 0xD77D, 0xD77D, 0xD77D, 0xD77D, 0xD77D, 0xD77D, 0xD77D, 0xD77D, 0xD77D, 0xD79D, 0xD79D, 0xD79D, 0xD79D,   // 0x1A50 (6736)
0xD79D, 0xD79D, 0xD79D, 0xD79D, 0xD79D, 0xD79D, 0xD79C, 0xD79C, 0xD79C, 0xD79C, 0xD79C, 0xD79C, 0xD79C, 0xD79C, 0xD79C, 0xD79C,   // 0x1A60 (6752)
0xD79C, 0xD79C, 0xD79C, 0xD79C, 0xCF7C, 0xCF7B, 0xCF5B, 0xC75B, 0xC75B, 0xC75B, 0xCF7B, 0xCF7B, 0xCF7B, 0xCF7B, 0xCF7B, 0xCF7B,   // 0x1A70 (6768)
0xCF7B, 0xCF7B, 0xD79B, 0xD79B, 0xD79C, 0xD79C, 0xDF9C, 0xE7DD, 0xB759, 0xAF58, 0xB758, 0xB758, 0xBF79, 0xBF79, 0xBF79, 0xBF79,   // 0x1A80 (6784)
0x85FC, 0x85FC, 0x85FC, 0x85FC, 0x85FC, 0x85FC, 0x85FB, 0x7DFB, 0x8E3B, 0xD75E, 0xC71D, 0xC6FD, 0xBEFD, 0xBEFD, 0xBEFD, 0xBEFD,   // 0x1A90 (6800)
0xBEFD, 0xBEFD, 0xBEFD, 0xBEFD, 0xBEFD, 0xBEFD, 0xBEFD, 0xBEFD, 0xBEFD, 0xC71D, 0xC71D, 0xC71D, 0xC71D, 0xC71D, 0xC71D, 0xC71D,   // 0x1AA0 (6816)
0xC71D, 0xC71D, 0xC73D, 0xC73D, 0xCF3D, 0xCF3D, 0xCF3D, 0xCF3D, 0xCF3D, 0xCF5D, 0xCF3D, 0xCF5D, 0xCF5D, 0xCF5E, 0xCF5D, 0xD75D,   // 0x1AB0 (6832)
0xD75D, 0xD75D, 0xD75D, 0xD75D, 0xD75D, 0xD77E, 0xD77E, 0xD75E, 0xD75E, 0xD77E, 0xD77D, 0xDF7E, 0xDF7E, 0xD77D, 0xD77E, 0xD77D,   // 0x1AC0 (6848)
0xD77D, 0xD77D, 0xD77D, 0xD77D, 0xD77D, 0xD77D, 0xD79D, 0xD79D, 0xD79D, 0xD79D, 0xD79D, 0xD77D, 0xD79D, 0xD79D, 0xD79D, 0xD79D,   // 0x1AD0 (6864)
0xD79D, 0xD79D, 0xD79D, 0xD79D, 0xD79D, 0xD79D, 0xD79C, 0xD79C, 0xD79C, 0xD79C, 0xD79C, 0xD79C, 0xD79C, 0xD79C, 0xD79C, 0xD79C,   // 0x1AE0 (6880)
0xD79C, 0xD79C, 0xD79C, 0xD79C, 0xD79C, 0xD79C, 0xCF7B, 0xCF7C, 0xCF7B, 0xCF9B, 0xCF9B, 0xD79B, 0xD79B, 0xD79B, 0xD79B, 0xD79B,   // 0x1AF0 (6896)
0xD79B, 0xD79B, 0xD79B, 0xD79B, 0xD79C, 0xDFBC, 0xDFBC, 0xE7DD, 0xB759, 0xAF58, 0xB758, 0xB778, 0xBF79, 0xBF79, 0xBF79, 0xBF79,   // 0x1B00 (6912)
0x85FC, 0x85FC, 0x85FC, 0x85FB, 0x85FC, 0x85FC, 0x85FB, 0x7DFB, 0x963B, 0xD75E, 0xC71D, 0xC6FD, 0xBEFD, 0xBEFD, 0xBEFD, 0xBEFD,   // 0x1B10 (6928)
0xBEFD, 0xBEFD, 0xBEFD, 0xBEFD, 0xBEFD, 0xBEFD, 0xBEFD, 0xBEFD, 0xBEFD, 0xC71D, 0xC71D, 0xC71D, 0xC71D, 0xC71D, 0xC71D, 0xC71D,   // 0x1B20 (6944)
0xC71D, 0xC71D, 0xC73D, 0xCF3D, 0xCF3D, 0xCF3D, 0xCF3D, 0xCF3D, 0xCF5D, 0xCF5D, 0xCF5D, 0xCF5E, 0xCF5D, 0xD75D, 0xD75D, 0xD75D,   // 0x1B30 (6960)
0xD75D, 0xD75D, 0xD75D, 0xD75D, 0xD77E, 0xD77E, 0xD77E, 0xD77E, 0xD77E, 0xD77E, 0xD77D, 0xDF7D, 0xD77D, 0xDF7D, 0xDF7D, 0xDF7D,   // 0x1B40 (6976)
0xDF7E, 0xDF7D, 0xD77D, 0xD77D, 0xD77D, 0xD77D, 0xD77D, 0xD79D, 0xD79D, 0xD79D, 0xD79D, 0xD79D, 0xD79D, 0xD79D, 0xD79D, 0xD79D,   // 0x1B50 (6992)
0xD79D, 0xD79D, 0xD79D, 0xD79D, 0xD79D, 0xD79D, 0xD79C, 0xD79C, 0xD79C, 0xD79C, 0xD79C, 0xD79C, 0xD79C, 0xD79C, 0xD79C, 0xD79C,   // 0x1B60 (7008)
0xD79C, 0xD79C, 0xD79C, 0xD79C, 0xD79C, 0xD79C, 0xD79C, 0xD79C, 0xD79C, 0xD79C, 0xD79B, 0xD79B, 0xD79B, 0xD79B, 0xD79B, 0xD79B,   // 0x1B70 (7024)
0xD79B, 0xD79B, 0xD79B, 0xD79B, 0xD79C, 0xDFBC, 0xDFBC, 0xE7DD, 0xB759, 0xB758, 0xB758, 0xB779, 0xBF79, 0xBF79, 0xBF79, 0xBF79,   // 0x1B80 (7040)
0x85FC, 0x85FC, 0x85FB, 0x85FB, 0x85FB, 0x85FC, 0x85FB, 0x7DFB, 0x963B, 0xD75E, 0xC71D, 0xC6FD, 0xBEFD, 0xBEFD, 0xBEFD, 0xBEFD,   // 0x1B90 (7056)
0xBEFD, 0xBEFD, 0xBEFD, 0xBEFD, 0xBEFD, 0xBEFD, 0xBEFD, 0xBEFD, 0xC71D, 0xC71D, 0xC71D, 0xC71D, 0xC71D, 0xC71D, 0xC71D, 0xC71D,   // 0x1BA0 (7072)
0xC71D, 0xC73D, 0xCF3D, 0xCF3D, 0xCF3D, 0xCF3D, 0xCF3D, 0xCF3D, 0xCF3D, 0xCF5D, 0xCF3D, 0xCF5D, 0xCF5D, 0xD75D, 0xD75D, 0xD75D,   // 0x1BB0 (7088)
0xD75D, 0xD75D, 0xD75D, 0xD75E, 0xD77E, 0xD77E, 0xD77E, 0xD77E, 0xD77E, 0xD77E, 0xDF7E, 0xDF7D, 0xDF7D, 0xDF7D, 0xDF7D, 0xDF7D,   // 0x1BC0 (7104)
0xDF7D, 0xDF7D, 0xD77D, 0xDF7D, 0xDF7D, 0xDF9D, 0xDF9D, 0xDF9D, 0xD79D, 0xDF9D, 0xD79D, 0xD79D, 0xD79D, 0xD79D, 0xD79D, 0xD79D,   // 0x1BD0 (7120)
0xD79D, 0xD79D, 0xD79D, 0xD79D, 0xD79D, 0xD79D, 0xD79C, 0xD79C, 0xD79C, 0xD79C, 0xD79C, 0xD79C, 0xD79C, 0xD79C, 0xD79C, 0xD79C,   // 0x1BE0 (7136)
0xD79C, 0xD79C, 0xD79C, 0xD79C, 0xD79C, 0xD79C, 0xD79C, 0xD79C, 0xD79C, 0xD79C, 0xD79C, 0xD79B, 0xD79B, 0xD79B, 0xD79B, 0xD79B,   // 0x1BF0 (7152)
0xD79B, 0xD79B, 0xD79B, 0xD79B, 0xD79C, 0xDFBC, 0xDFBC, 0xE7DD, 0xB759, 0xB758, 0xB758, 0xB758, 0xB779, 0xBF79, 0xBF79, 0xBF79,   // 0x1C00 (7168)
0x85FC, 0x85FB, 0x85FB, 0x861B, 0x861B, 0x85FB, 0x85FB, 0x7DFB, 0x963B, 0xD75E, 0xC71D, 0xC6FD, 0xBEFD, 0xBEFD, 0xBEFD, 0xBEFD,   // 0x1C10 (7184)
0xBEFD, 0xBEFD, 0xBEFD, 0xBEFD, 0xBEFD, 0xBEFD, 0xBEFD, 0xC6FD, 0xC71D, 0xC71D, 0xC71D, 0xC71D, 0xC71D, 0xC71D, 0xC71D, 0xC71D,   // 0x1C20 (7200)
0xC71D, 0xC73D, 0xCF3D, 0xCF3D, 0xCF3D, 0xCF3D, 0xCF3D, 0xCF3D, 0xCF3D, 0xCF3D, 0xCF5D, 0xCF5D, 0xD75D, 0xD75D, 0xD75D, 0xD75D,   // 0x1C30 (7216)
0xD75D, 0xD75D, 0xD75E, 0xD77E, 0xD77E, 0xD77E, 0xD77E, 0xD77E, 0xDF7E, 0xDF7E, 0xDF7D, 0xDF7D, 0xDF7D, 0xDF7E, 0xDF7D, 0xDF7D,   // 0x1C40 (7232)
0xDF7E, 0xDF7D, 0xDF7D, 0xDF7D, 0xDF7D, 0xDF7D, 0xDF7D, 0xDF9D, 0xDF9D, 0xDF9D, 0xDF9D, 0xDF9D, 0xD79D, 0xD79D, 0xD79D, 0xD79D,   // 0x1C50 (7248)
0xD79D, 0xD79D, 0xD79D, 0xD79D, 0xD79D, 0xD79D, 0xD79D, 0xD79C, 0xD79C, 0xD79C, 0xD79C, 0xD79C, 0xD79C, 0xD79C, 0xD79C, 0xD79C,   // 0x1C60 (7264)
0xD79C, 0xD79C, 0xD79C, 0xD79C, 0xD79C, 0xD79C, 0xD79C, 0xD79C, 0xD79C, 0xD79C, 0xD79C, 0xD79B, 0xD79B, 0xD79B, 0xD79B, 0xD79B,   // 0x1C70 (7280)
0xD79B, 0xD79B, 0xD79B, 0xD79B, 0xD79C, 0xDFBC, 0xDFBC, 0xE7DD, 0xB759, 0xB758, 0xB758, 0xB778, 0xBF79, 0xBF79, 0xBF79, 0xBF79,   // 0x1C80 (7296)
0x85FB, 0x9E7A, 0xA6BA, 0x967A, 0x861B, 0x861B, 0x85FB, 0x7DFB, 0x963B, 0xD75E, 0xC71D, 0xC71D, 0xBEFD, 0xBEFD, 0xBEFD, 0xBEFD,   // 0x1C90 (7312)
0xBEFD, 0xBEFD, 0xBEFD, 0xBEFD, 0xBEFD, 0xBEFD, 0xBEFD, 0xC71D, 0xC71D, 0xC71D, 0xC71D, 0xC71D, 0xC71D, 0xC71D, 0xC71D, 0xC73D,   // 0x1CA0 (7328)
0xC73D, 0xC73D, 0xCF3D, 0xCF3D, 0xCF3D, 0xCF3D, 0xCF3D, 0xCF3D, 0xCF3D, 0xCF5D, 0xCF5D, 0xD75D, 0xD75D, 0xD75D, 0xD75D, 0xD75D,   // 0x1CB0 (7344)
0xD75D, 0xD75E, 0xD75E, 0xD77E, 0xD77E, 0xD77E, 0xDF7E, 0xDF7E, 0xDF7E, 0xDF7E, 0xDF7E, 0xDF7E, 0xDF7E, 0xDF7E, 0xDF7D, 0xDF7D,   // 0x1CC0 (7360)
0xDF7D, 0xDF7D, 0xDF7D, 0xDF7E, 0xDF7D, 0xDF7D, 0xDF9D, 0xDF9D, 0xDF9D, 0xDF9D, 0xDF9D, 0xDF9D, 0xDF9D, 0xDF9D, 0xDF9D, 0xDF9D,   // 0x1CD0 (7376)
0xDF9D, 0xDF9D, 0xD79D, 0xD79D, 0xD79D, 0xD79D, 0xD79D, 0xD79D, 0xD79C, 0xD79C, 0xD79C, 0xD79C, 0xD79C, 0xD79C, 0xD79C, 0xD79C,   // 0x1CE0 (7392)
0xD79C, 0xD79C, 0xD79C, 0xD79C, 0xD79C, 0xD79C, 0xD79C, 0xD79C, 0xD79C, 0xD79C, 0xD79B, 0xD79B, 0xD79B, 0xD79B, 0xD79B, 0xD79B,   // 0x1CF0 (7408)
0xD79B, 0xD79B, 0xD79B, 0xD79B, 0xD79B, 0xDFBC, 0xDFBC, 0xE7DD, 0xB759, 0xB758, 0xB758, 0xB758, 0xBF79, 0xBF79, 0xBF79, 0xBF79,   // 0x1D00 (7424)
0x9E7A, 0x9EBA, 0x8E3A, 0xAED9, 0x965A, 0x861B, 0x85FB, 0x7DFB, 0x963B, 0xD73E, 0xC71D, 0xC6FD, 0xBEFD, 0xBEFD, 0xBEFD, 0xBEFD,   // 0x1D10 (7440)
0xBEFD, 0xBEFD, 0xBEFD, 0xBEFD, 0xBEFD, 0xBEFD, 0xC71D, 0xC71D, 0xC71D, 0xC71D, 0xC71D, 0xC71D, 0xC71D, 0xC71D, 0xC71D, 0xC71D,   // 0x1D20 (7456)
0xC71D, 0xCF3D, 0xCF3D, 0xCF3D, 0xCF3D, 0xCF3D, 0xCF3D, 0xCF3D, 0xCF3D, 0xCF3D, 0xCF5D, 0xD75D, 0xD75D, 0xD75D, 0xD75D, 0xD75D,   // 0x1D30 (7472)
0xD75D, 0xD77E, 0xD77E, 0xD77E, 0xD77E, 0xDF7E, 0xDF7E, 0xDF7E, 0xDF7E, 0xDF7E, 0xDF7E, 0xDF7E, 0xDF7E, 0xDF7E, 0xDF7E, 0xDF7E,   // 0x1D40 (7488)
0xDF7D, 0xDF9D, 0xDF9E, 0xDF9D, 0xDF9D, 0xDF9D, 0xDF9D, 0xDF7D, 0xDF9D, 0xDF9D, 0xDF9D, 0xDF9D, 0xDF9D, 0xDF9D, 0xDF9D, 0xDF9D,   // 0x1D50 (7504)
0xDF9D, 0xDF9D, 0xD79D, 0xD79D, 0xD79D, 0xD79D, 0xD79D, 0xD79D, 0xD79D, 0xD79C, 0xD79C, 0xD79C, 0xD79C, 0xD79C, 0xD79C, 0xD79C,   // 0x1D60 (7520)
0xD79C, 0xD79C, 0xD79C, 0xD79C, 0xD79C, 0xD79C, 0xD79C, 0xD79C, 0xD79C, 0xD79C, 0xD79C, 0xD79B, 0xD79B, 0xD79B, 0xD79B, 0xD79B,   // 0x1D70 (7536)
0xD79B, 0xD79B, 0xD79B, 0xD79B, 0xD79B, 0xDFBC, 0xDFBC, 0xE7DD, 0xBF59, 0xB758, 0xB758, 0xB758, 0xBF79, 0xBF79, 0xBF79, 0xBF79,   // 0x1D80 (7552)
0xA6BA, 0x8E3A, 0x85FB, 0x9E7A, 0x9E9A, 0x85FB, 0x85FB, 0x7DFB, 0x963B, 0xD75E, 0xC71D, 0xC71D, 0xBEFD, 0xBEFD, 0xBEFD, 0xBEFD,   // 0x1D90 (7568)
0xBEFD, 0xBEFD, 0xBEFD, 0xBEFD, 0xBEFD, 0xC71D, 0xC71D, 0xC71D, 0xC71D, 0xC71D, 0xC71D, 0xC71D, 0xC71D, 0xC71D, 0xC71D, 0xC71D,   // 0x1DA0 (7584)
0xC73D, 0xCF3D, 0xCF3D, 0xCF3D, 0xCF3D, 0xCF3D, 0xCF3D, 0xCF3D, 0xCF3D, 0xCF5D, 0xD75D, 0xD75D, 0xD75D, 0xD75D, 0xD75D, 0xD75D,   // 0x1DB0 (7600)
0xD77E, 0xD77E, 0xD77E, 0xD77E, 0xDF7E, 0xDF7E, 0xDF7E, 0xDF7E, 0xDF7E, 0xDF7E, 0xDF7E, 0xDF7E, 0xDF7E, 0xDF7E, 0xDF7E, 0xDF9E,   // 0x1DC0 (7616)
0xDF7E, 0xDF9E, 0xDF9E, 0xDF9D, 0xDF9D, 0xDF9D, 0xDF9D, 0xDF9D, 0xDF9D, 0xDF9D, 0xDF9D, 0xDF9D, 0xDF9D, 0xDF9D, 0xDF9D, 0xDF9D,   // 0x1DD0 (7632)
0xDF9D, 0xDF9D, 0xDF9D, 0xDF9D, 0xDF9D, 0xD79D, 0xD79D, 0xD79D, 0xD79D, 0xD79C, 0xD79C, 0xDFBD, 0xEFDE, 0xEFDE, 0xE7BD, 0xE7BD,   // 0x1DE0 (7648)
0xEFDE, 0xF7DE, 0xEFDE, 0xDFBC, 0xD79C, 0xD79C, 0xD79C, 0xD79C, 0xD79C, 0xD79C, 0xD79B, 0xD79B, 0xD79B, 0xD79B, 0xD79B, 0xD79B,   // 0x1DF0 (7664)
0xD79B, 0xD79B, 0xD79B, 0xD79B, 0xD79C, 0xDFBC, 0xDFBC, 0xE7DD, 0xB759, 0xB758, 0xB758, 0xB758, 0xBF79, 0xBF79, 0xBF79, 0xBF79,   // 0x1E00 (7680)
0x967A, 0xA6D9, 0x967A, 0xAEF9, 0x8E3A, 0x85FB, 0x85FB, 0x85FB, 0x963B, 0xD75E, 0xC71D, 0xC71D, 0xC6FD, 0xBEFD, 0xBEFD, 0xBEFD,   // 0x1E10 (7696)
0xBEFD, 0xBEFD, 0xBEFD, 0xBEFD, 0xBEFD, 0xC71D, 0xC71D, 0xC71D, 0xC71D, 0xC71D, 0xC71D, 0xC71D, 0xC71D, 0xC71D, 0xC71D, 0xC71D,   // 0x1E20 (7712)
0xC73D, 0xCF3D, 0xCF3D, 0xCF3D, 0xCF3D, 0xCF3D, 0xCF3D, 0xCF3D, 0xCF5E, 0xD75D, 0xD75D, 0xD75D, 0xD75D, 0xD75D, 0xD75D, 0xD77E,   // 0x1E30 (7728)
0xD77E, 0xD77E, 0xD77E, 0xDF7E, 0xDF7E, 0xDF5E, 0xDF5E, 0xDF7E, 0xDF7E, 0xDF7E, 0xDF7D, 0xDF7E, 0xDF7E, 0xDF9E, 0xDF9E, 0xDF9E,   // 0x1E40 (7744)
0xDF9D, 0xDF7E, 0xDF7D, 0xDF9D, 0xDF9D, 0xDF9E, 0xDF9D, 0xDF9D, 0xDF9D, 0xDF9D, 0xDF9D, 0xDF9D, 0xDF9D, 0xDF9D, 0xDF9D, 0xDF9D,   // 0x1E50 (7760)
0xDF9D, 0xDF9D, 0xDF9D, 0xD79D, 0xD79D, 0xDF9D, 0xDF9D, 0xD79D, 0xD79C, 0xDFBD, 0xF7DF, 0xFFFF, 0xFFFF, 0xFFFF, 0xFFFF, 0xFFFF,   // 0x1E60 (7776)
0xFFFF, 0xFFFF, 0xFFFF, 0xFFFF, 0xE7BD, 0xD79C, 0xD79C, 0xD79C, 0xD79C, 0xD79C, 0xD79B, 0xD79B, 0xD79B, 0xD79B, 0xD79B, 0xD79B,   // 0x1E70 (7792)
0xD79B, 0xD79B, 0xD79B, 0xD79B, 0xDFBC, 0xDFBC, 0xDFBC, 0xE7DD, 0xBF59, 0xAF58, 0xB758, 0xB758, 0xBF79, 0xBF79, 0xBF79, 0xBF79,   // 0x1E80 (7808)
0x85FB, 0x965A, 0x9E9A, 0x8E3A, 0x85FB, 0x85FB, 0x85FB, 0x85FB, 0x963B, 0xD75E, 0xC71E, 0xC71D, 0xC6FD, 0xBEFD, 0xBEFD, 0xBEFD,   // 0x1E90 (7824)
0xBEFD, 0xBEFD, 0xBEFD, 0xC6FD, 0xC71D, 0xC71D, 0xC71D, 0xC71D, 0xC71D, 0xC71D, 0xC71D, 0xC71D, 0xC71D, 0xC73D, 0xC71D, 0xCF3D,   // 0x1EA0 (7840)
0xCF3D, 0xCF3D, 0xCF3D, 0xCF3D, 0xCF3D, 0xCF3D, 0xCF3D, 0xCF5D, 0xCF5D, 0xD75D, 0xD75D, 0xD75D, 0xD75D, 0xD75D, 0xD77E, 0xD77E,   // 0x1EB0 (7856)
0xD77E, 0xD77E, 0xDF7E, 0xDF7E, 0xDF7E, 0xDF7E, 0xDF7E, 0xDF7E, 0xDF7E, 0xDF7E, 0xDF7E, 0xDF7E, 0xDF9E, 0xDF9E, 0xDF9E, 0xDF9E,   // 0x1EC0 (7872)
0xDF9E, 0xDF9D, 0xDF9E, 0xDF9E, 0xDF9E, 0xDF9D, 0xDF9D, 0xDF9D, 0xDF9D, 0xDF9D, 0xDF9D, 0xDF9D, 0xDF9D, 0xDF9D, 0xDF9D, 0xDF9D,   // 0x1ED0 (7888)
0xDF9D, 0xDF9D, 0xDF9D, 0xDF9D, 0xDF9D, 0xDF9D, 0xDF9D, 0xDF9D, 0xDFBD, 0xFFFF, 0xFFFF, 0xFFFF, 0xFFFF, 0xFFFF, 0xFFFF, 0xFFFF,   // 0x1EE0 (7904)
0xFFFF, 0xFFFF, 0xFFFF, 0xFFFF, 0xFFFF, 0xDFBD, 0xD79C, 0xD79C, 0xD79C, 0xD79C, 0xD79B, 0xD79B, 0xD79B, 0xD79B, 0xD79B, 0xD79B,   // 0x1EF0 (7920)
0xD79B, 0xD79B, 0xD79C, 0xD7BB, 0xDFBB, 0xDFBC, 0xDFBC, 0xE7DD, 0xBF59, 0xB758, 0xB758, 0xB778, 0xBF79, 0xBF79, 0xBF79, 0xBF79,   // 0x1F00 (7936)
0x85FB, 0x85FB, 0x861B, 0x85FB, 0x85FB, 0x85FB, 0x85FB, 0x85FB, 0x963B, 0xD75E, 0xC71D, 0xC71D, 0xC6FD, 0xBEFD, 0xBEFD, 0xBEFD,   // 0x1F10 (7952)
0xC71D, 0xCF3E, 0xCF3E, 0xCF3E, 0xD75E, 0xD75E, 0xD73E, 0xD75E, 0xD75E, 0xD75E, 0xCF3D, 0xCF3D, 0xD75E, 0xD75E, 0xD75E, 0xD77E,   // 0x1F20 (7968)
0xD75E, 0xD75E, 0xCF3D, 0xCF3D, 0xCF3D, 0xCF3D, 0xCF5D, 0xCF5D, 0xD77E, 0xE79E, 0xE79E, 0xDF7E, 0xD75D, 0xD75E, 0xD77E, 0xD77E,   // 0x1F30 (7984)
0xDF9E, 0xE79E, 0xE79E, 0xDF7E, 0xDF5E, 0xDF7E, 0xDF7E, 0xE79E, 0xEFBE, 0xE7BE, 0xDF9E, 0xDF7E, 0xDF7E, 0xE79E, 0xE7BE, 0xEFBE,   // 0x1F40 (8000)
0xEFBE, 0xE7BE, 0xE79E, 0xDF9E, 0xDF9E, 0xDF9D, 0xDF9E, 0xDF9D, 0xE79E, 0xEFBE, 0xE7BE, 0xDF9E, 0xDF9D, 0xDF9D, 0xDF9D, 0xDF9D,   // 0x1F50 (8016)
0xDF9D, 0xDF9D, 0xDF9D, 0xE7BE, 0xEFBE, 0xEFBE, 0xE7BE, 0xDFBD, 0xF7DE, 0xFFFF, 0xFFFF, 0xFFFF, 0xFFFF, 0xFFDF, 0xFFFF, 0xFFFF,   // 0x1F60 (8032)
0xFFFF, 0xE79E, 0xFFFF, 0xFFFF, 0xFFFF, 0xEFDE, 0xD79C, 0xDFBC, 0xE7BD, 0xE7DD, 0xE7DD, 0xDFBC, 0xD7BC, 0xD79B, 0xD79B, 0xD79B,   // 0x1F70 (8048)
0xD79B, 0xD79B, 0xD79B, 0xD7BB, 0xD7BB, 0xDFBC, 0xDFBC, 0xE7DD, 0xBF59, 0xAF58, 0xB758, 0xB778, 0xBF79, 0xBF79, 0xBF79, 0xBF79,   // 0x1F80 (8064)
0x85FB, 0x85FB, 0x85FB, 0x85FB, 0x85FB, 0x85FB, 0x85FB, 0x85FB, 0x963B, 0xD75E, 0xC71D, 0xC71D, 0xC6FD, 0xBEFD, 0xC71D, 0xE79E,   // 0x1F90 (8080)
0xFFFF, 0xFFFF, 0xFFFF, 0xFFFF, 0xFFFF, 0xFFFF, 0xFFFF, 0xFFFF, 0xFFFF, 0xFFFF, 0xFFFF, 0xFFFF, 0xFFFF, 0xFFFF, 0xFFFF, 0xFFFF,   // 0x1FA0 (8096)
0xFFFF, 0xFFFF, 0xFFFF, 0xEFBF, 0xD75E, 0xCF3D, 0xD75E, 0xEFBF, 0xFFFF, 0xFFFF, 0xFFFF, 0xFFFF, 0xF7DF, 0xDF7E, 0xDF7E, 0xF7DF,   // 0x1FB0 (8112)
0xFFFF, 0xFFFF, 0xFFFF, 0xFFFF, 0xEFBF, 0xE79E, 0xFFFF, 0xFFFF, 0xFFFF, 0xFFFF, 0xFFFF, 0xEFDF, 0xF7DF, 0xFFFF, 0xFFFF, 0xFFFF,   // 0x1FC0 (8128)
0xFFFF, 0xFFFF, 0xFFFF, 0xF7DF, 0xE7BE, 0xDF9E, 0xE79E, 0xFFFF, 0xFFFF, 0xFFFF, 0xFFFF, 0xFFFF, 0xF7DF, 0xDF9D, 0xDF9D, 0xDF9D,   // 0x1FD0 (8144)
0xE7BE, 0xF7DF, 0xFFFF, 0xFFFF, 0xFFFF, 0xFFFF, 0xFFFF, 0xFFFF, 0xFFFF, 0xFFFF, 0xFFFF, 0xDF5D, 0x3C72, 0x1BD0, 0x54D3, 0xAE7A,   // 0x1FE0 (8160)
0x9618, 0x1BD0, 0xF7BE, 0xFFFF, 0xFFFF, 0xF7FF, 0xF7FF, 0xFFFF, 0xFFFF, 0xFFFF, 0xFFFF, 0xFFFF, 0xFFFF, 0xF7DE, 0xDFBC, 0xD79B,   // 0x1FF0 (8176)
0xD79B, 0xD79B, 0xD79B, 0xD7BB, 0xDFBB, 0xDFBC, 0xDFBC, 0xE7DD, 0xBF59, 0xB758, 0xB758, 0xB778, 0xBF79, 0xBF79, 0xBF79, 0xBF79,   // 0x2000 (8192)
0x85FB, 0x861C, 0x861B, 0x85FB, 0x85FB, 0x85FB, 0x85FB, 0x85FB, 0x963B, 0xD75E, 0xC71D, 0xC71D, 0xC71D, 0xBEFD, 0xEFBF, 0xFFFF,   // 0x2010 (8208)
0xFFFF, 0xFFFF, 0xFFFF, 0xFFFF, 0xFFFF, 0xFFFF, 0xFFFF, 0xFFFF, 0xFFFF, 0xFFFF, 0xFFFF, 0xFFFF, 0xFFFF, 0xFFFF, 0xFFFF, 0xFFFF,   // 0x2020 (8224)
0xFFFF, 0xFFFF, 0xFFFF, 0xFFFF, 0xFFFF, 0xDF9E, 0xF7DF, 0xFFFF, 0xFFFF, 0xFFFF, 0xFFFF, 0xFFFF, 0xFFFF, 0xFFFF, 0xFFFF, 0xFFFF,   // 0x2030 (8240)
0xFFFF, 0xFFFF, 0xFFFF, 0xFFFF, 0xFFFF, 0xFFFF, 0xFFFF, 0xFFFF, 0xFFFF, 0xFFFF, 0xFFFF, 0xFFFF, 0xFFFF, 0xFFFF, 0xFFFF, 0xFFFF,   // 0x2040 (8256)
0xFFFF, 0xFFFF, 0xFFFF, 0xFFFF, 0xFFFF, 0xF7DF, 0xFFFF, 0xFFFF, 0xFFFF, 0xFFFF, 0xFFFF, 0xFFFF, 0xFFFF, 0xF7DF, 0xDF9D, 0xEFDE,   // 0x2050 (8272)
0xFFFF, 0xFFFF, 0xFFFF, 0xFFFF, 0xFFFF, 0xFFFF, 0xFFFF, 0xFFFF, 0xFFFF, 0xFFFF, 0xFFFF, 0x6535, 0x3451, 0x6D55, 0x2C11, 0x1BD0,   // 0x2060 (8288)
0x1BD0, 0x6D35, 0xFFFF, 0xFFFF, 0xFFFF, 0xFFFF, 0xFFFF, 0xFFFF, 0xFFFF, 0xFFFF, 0xFFFF, 0xFFFF, 0xFFFF, 0xFFFF, 0xFFFF, 0xEFDD,   // 0x2070 (8304)
0xD7BB, 0xD79B, 0xD79B, 0xD7BB, 0xDFBB, 0xDFBC, 0xDFBC, 0xE7DD, 0xB759, 0xB758, 0xB758, 0xBF78, 0xBF79, 0xBF79, 0xBF79, 0xBF79,   // 0x2080 (8320)
0x85FB, 0x861B, 0x85FC, 0x861B, 0x861B, 0x85FB, 0x85FB, 0x85FB, 0x963B, 0xD75E, 0xC71D, 0xC71D, 0xC71D, 0xD75E, 0xFFFF, 0xFFFF,   // 0x2090 (8336)
0xFFFF, 0xFFFF, 0xFFFF, 0xFFFF, 0xFFFF, 0xFFFF, 0xFFFF, 0xFFFF, 0xFFFF, 0xFFFF, 0xFFFF, 0xFFFF, 0xFFFF, 0xFFFF, 0xFFFF, 0xFFFF,   // 0x20A0 (8352)
0xFFFF, 0xFFFF, 0xFFFF, 0xFFFF, 0xFFFF, 0xFFFF, 0xFFFF, 0xFFFF, 0xFFFF, 0xFFFF, 0xFFFF, 0xFFFF, 0xFFFF, 0xFFFF, 0xFFFF, 0xFFFF,   // 0x20B0 (8368)
0xFFFF, 0xFFFF, 0xFFFF, 0xFFFF, 0xFFFF, 0xFFFF, 0xFFFF, 0xFFFF, 0xFFFF, 0xFFFF, 0xFFFF, 0xFFFF, 0xFFFF, 0xFFFF, 0xFFFF, 0xFFFF,   // 0x20C0 (8384)
0xFFFF, 0xFFFF, 0xFFFF, 0xFFFF, 0xFFFF, 0xFFFF, 0xFFFF, 0xFFFF, 0xFFFF, 0xFFFF, 0xFFFF, 0xFFFF, 0xFFFF, 0xFFFF, 0xFFFF, 0xFFFF,   // 0x20D0 (8400)
0xFFFF, 0xFFFF, 0xFFFF, 0xFFFF, 0xFFFF, 0xFFFF, 0xFFFF, 0xFFFF, 0xFFFF, 0xFFFF, 0xFFFF, 0xB69A, 0xDF5D, 0xFFFF, 0xF7DF, 0xB6BA,   // 0x20E0 (8416)
0xBEDB, 0xFFFF, 0xFFFF, 0xFFFF, 0xFFFF, 0xFFFF, 0xFFFF, 0xFFFF, 0xFFFF, 0xFFFF, 0xFFFF, 0xFFFF, 0xFFFF, 0xFFFF, 0xFFFF, 0xFFFF,   // 0x20F0 (8432)
0xEFDE, 0xD79B, 0xD79B, 0xD7BB, 0xDFBB, 0xDFBC, 0xDFBC, 0xE7DD, 0xBF59, 0xB758, 0xB758, 0xB778, 0xBF79, 0xBF79, 0xBF79, 0xBF79,   // 0x2100 (8448)
0x861B, 0x861B, 0x85FB, 0x861B, 0x861B, 0x861B, 0x861B, 0x85FB, 0x963B, 0xD75E, 0xC71D, 0xC71D, 0xC71D, 0xE79E, 0xFFFF, 0xFFFF,   // 0x2110 (8464)
0xFFDF, 0x7556, 0x54D4, 0x54D4, 0x54D4, 0x54D4, 0x54D4, 0x54D4, 0x54D4, 0x6535, 0xE79E, 0xCEFC, 0x5CF4, 0x54D4, 0x54D4, 0x54D4,   // 0x2120 (8480)
0x5CF4, 0x7D96, 0xD73C, 0xFFFF, 0xFFFF, 0xFFFF, 0xFFFF, 0xFFFF, 0xEFBE, 0x5CF4, 0x4CD3, 0xDF5D, 0xFFFF, 0xFFFF, 0xFFFF, 0xFFFF,   // 0x2130 (8496)
0xE77D, 0x4CB3, 0x6D55, 0xFFFF, 0xFFFF, 0xFFFF, 0xFFFF, 0xBEBA, 0x4492, 0x9E18, 0xFFFF, 0xFFFF, 0xFFFF, 0xAE79, 0x5CF4, 0x3C52,   // 0x2140 (8512)
0x3C52, 0x5CF4, 0xA659, 0xFFFF, 0xFFFF, 0xFFFF, 0xFFFF, 0xFFFF, 0xCF1C, 0x4CB3, 0x6D35, 0xF7DF, 0xFFFF, 0xFFFF, 0xFFFF, 0xFFFF,   // 0x2150 (8528)
0xFFFF, 0xFFFF, 0xBEDB, 0x6D55, 0x4472, 0x3452, 0x4CD3, 0x8DF8, 0xF7BF, 0xFFFF, 0xFFFF, 0xFFFF, 0xFFFF, 0xB6BA, 0x4492, 0x7D96,   // 0x2160 (8544)
0xFFFF, 0xFFFF, 0xFFFF, 0xFFFF, 0xFFFF, 0xFFFF, 0xFFFF, 0xAE79, 0x5CF4, 0x3C52, 0x3C72, 0x6515, 0xB6BA, 0xFFFF, 0xFFFF, 0xFFFF,   // 0x2170 (8560)
0xFFFF, 0xE7DD, 0xD79B, 0xD7BB, 0xDFBB, 0xDFBC, 0xDFBC, 0xE7DD, 0xBF59, 0xB758, 0xB758, 0xB778, 0xBF79, 0xBF99, 0xBF99, 0xBF7A,   // 0x2180 (8576)
0x85FB, 0x85FB, 0x861B, 0x861B, 0x861B, 0x861B, 0x861B, 0x85FB, 0x963B, 0xD75E, 0xC71D, 0xC71D, 0xC71D, 0xEFBF, 0xFFFF, 0xFFFF,   // 0x2190 (8592)
0xE77D, 0x1BD0, 0x1BD0, 0x1BD0, 0x1BD0, 0x1BD0, 0x1BD0, 0x1BD0, 0x1BD0, 0x1BD0, 0xBEBB, 0x5D14, 0x1BD0, 0x1BD0, 0x1BD0, 0x1BD0,   // 0x21A0 (8608)
0x1BD0, 0x1BD0, 0x23F0, 0xC6DB, 0xFFFF, 0xFFFF, 0xFFFF, 0xFFFF, 0x7D96, 0x1BD0, 0x1BD0, 0x5CF4, 0xFFFF, 0xFFFF, 0xFFFF, 0xFFFF,   // 0x21B0 (8624)
0xAE79, 0x1BD0, 0x1BD0, 0x7D96, 0xFFFF, 0xFFFF, 0xFFFF, 0x6D55, 0x1BD0, 0x4493, 0xFFFF, 0xFFFF, 0x6535, 0x1BD0, 0x1BD0, 0x1BD0,   // 0x21C0 (8640)
0x1BD0, 0x1BD0, 0x1BD0, 0xAE7A, 0xFFFF, 0xFFFF, 0xFFFF, 0xFFFF, 0x4472, 0x1BD0, 0x1BD0, 0x9618, 0xFFFF, 0xFFFF, 0xFFFF, 0xFFFF,   // 0x21D0 (8656)
0xFFFF, 0x7576, 0x1BD0, 0x1BD0, 0x1BD0, 0x1BD0, 0x1BD0, 0x1BD0, 0x7576, 0xFFFF, 0xFFFF, 0xFFFF, 0xF7BE, 0x2C11, 0x1BD0, 0x1BD0,   // 0x21E0 (8672)
0xB6BA, 0xFFFF, 0xFFFF, 0xFFFF, 0xFFFF, 0xF7DF, 0x54F4, 0x1BD0, 0x1BD0, 0x1BD0, 0x1BD0, 0x1BD0, 0x1BD0, 0x7556, 0xFFFF, 0xFFFF,   // 0x21F0 (8688)
0xFFFF, 0xFFFF, 0xD7BB, 0xD79B, 0xDFBB, 0xDFBC, 0xDFBC, 0xE7DD, 0xBF59, 0xB758, 0xB758, 0xB778, 0xBF79, 0xBF79, 0xBF9A, 0xBF9B,   // 0x2200 (8704)
0x85FB, 0x85FB, 0x861B, 0x861B, 0x861B, 0x861B, 0x861B, 0x85FB, 0x963B, 0xD75E, 0xC71D, 0xC71D, 0xC71D, 0xE79E, 0xFFFF, 0xFFFF,   // 0x2210 (8720)
0xFFFF, 0xB69A, 0x9E18, 0x9E18, 0x3C72, 0x1BD0, 0x23F0, 0x9E18, 0x9E18, 0xA659, 0xFFDF, 0x54F4, 0x1BD0, 0x23F0, 0xB69A, 0xB69A,   // 0x2220 (8736)
0x9618, 0x23F0, 0x1BD0, 0x54D3, 0xFFFF, 0xFFFF, 0xFFFF, 0xEF9E, 0x23F0, 0x1BD0, 0x1BD0, 0x1BD0, 0xD73C, 0xFFFF, 0xFFFF, 0xFFFF,   // 0x2230 (8752)
0xA659, 0x1BD0, 0x1BD0, 0x1BD0, 0xAE79, 0xFFFF, 0xFFFF, 0x6D35, 0x1BD0, 0x4492, 0xFFFF, 0xC6FC, 0x1BD0, 0x1BD0, 0x54D4, 0xAE9A,   // 0x2240 (8768)
0xB69A, 0x85B7, 0x54D3, 0xD73C, 0xFFFF, 0xFFFF, 0xFFFF, 0xBEBA, 0x1BD0, 0x1BD0, 0x1BD0, 0x3431, 0xF7DF, 0xFFFF, 0xFFFF, 0xFFFF,   // 0x2250 (8784)
0xA639, 0x1BD0, 0x1BD0, 0x2C11, 0x7D96, 0x9618, 0x7576, 0x2C11, 0xA639, 0xFFFF, 0xFFFF, 0xFFFF, 0x9618, 0x1BD0, 0x1BD0, 0x1BD0,   // 0x2260 (8800)
0x4CB3, 0xFFFF, 0xFFFF, 0xFFFF, 0xFFFF, 0x7D96, 0x1BD0, 0x1BD0, 0x4493, 0x9E39, 0x9E39, 0x3C52, 0x1BD0, 0x1BD0, 0x9E39, 0xFFFF,   // 0x2270 (8816)
0xFFFF, 0xFFFF, 0xDFBC, 0xD79B, 0xDFBB, 0xDFBC, 0xDFBC, 0xE7DD, 0xBF59, 0xB758, 0xB758, 0xBF79, 0xBF79, 0xBF7A, 0xBF9B, 0xCFBD,   // 0x2280 (8832)
0x85FB, 0x861B, 0x861B, 0x861B, 0x861B, 0x861B, 0x861B, 0x85FB, 0x963B, 0xD75E, 0xC71D, 0xC71D, 0xC71D, 0xCF3E, 0xFFFF, 0xFFFF,   // 0x2290 (8848)
0xFFFF, 0xFFFF, 0xFFFF, 0xFFFF, 0x54D4, 0x1BD0, 0x2C11, 0xFFFF, 0xFFFF, 0xFFFF, 0xFFFF, 0x54F4, 0x1BD0, 0x2411, 0xFFFF, 0xFFFF,   // 0x22A0 (8864)
0xFFFF, 0x6515, 0x1BD0, 0x3452, 0xFFFF, 0xFFFF, 0xFFFF, 0x8DD7, 0x1BD0, 0x3C72, 0x54D4, 0x1BD0, 0x6D55, 0xFFFF, 0xFFFF, 0xFFFF,   // 0x22B0 (8880)
0xA659, 0x1BD0, 0x1BD0, 0x1BD0, 0x23F0, 0xCF1C, 0xFFFF, 0x6D35, 0x1BD0, 0x4492, 0xFFFF, 0xA659, 0x1BD0, 0x1BD0, 0xB69A, 0xFFFF,   // 0x22C0 (8896)
0xFFFF, 0xFFFF, 0xFFFF, 0xFFFF, 0xFFFF, 0xFFFF, 0xFFFF, 0x4CD3, 0x1BD0, 0x6D35, 0x2C11, 0x1BD0, 0xA659, 0xFFFF, 0xFFFF, 0xFFFF,   // 0x22D0 (8912)
0x3C72, 0x1BD0, 0x1BF0, 0xD71C, 0xFFFF, 0xFFFF, 0xFFFF, 0xFFFF, 0xFFFF, 0xFFFF, 0xFFFF, 0xFFDF, 0x3431, 0x1BD0, 0x7576, 0x1BD0,   // 0x22E0 (8928)
0x1BD0, 0xC6FB, 0xFFFF, 0xFFFF, 0xF7DF, 0x23F0, 0x1BD0, 0x3452, 0xF7DF, 0xFFFF, 0xFFFF, 0xE77E, 0x23F0, 0x1BD0, 0x3C52, 0xFFFF,   // 0x22F0 (8944)
0xFFFF, 0xFFFF, 0xEFDD, 0xD79B, 0xDFBB, 0xDFBC, 0xDFBC, 0xE7DD, 0xBF59, 0xB758, 0xB758, 0xB779, 0xBF7A, 0xBF9B, 0xC7BD, 0xDFFF,   // 0x2300 (8960)
0x85FB, 0x861B, 0x861B, 0x861B, 0x861B, 0x861B, 0x861B, 0x861B, 0x963B, 0xD75E, 0xC71D, 0xC71D, 0xC71D, 0xC71D, 0xDF7E, 0xFFFF,   // 0x2310 (8976)
0xFFFF, 0xFFFF, 0xFFFF, 0xFFFF, 0x54D4, 0x1BD0, 0x2C11, 0xFFFF, 0xFFFF, 0xFFFF, 0xFFFF, 0x54F4, 0x1BD0, 0x23F0, 0xDF5D, 0xDF5D,   // 0x2320 (8992)
0xBEBB, 0x2C31, 0x1BD0, 0x54F4, 0xFFFF, 0xFFFF, 0xF7BF, 0x2C11, 0x1BD0, 0x9E18, 0xB69A, 0x1BD0, 0x1BF0, 0xE77D, 0xFFFF, 0xFFFF,   // 0x2330 (9008)
0xA659, 0x1BD0, 0x1BD0, 0x2411, 0x1BD0, 0x3451, 0xEF9E, 0x6D35, 0x1BD0, 0x4492, 0xFFFF, 0xCEFC, 0x1BD0, 0x1BD0, 0x23F0, 0x54D3,   // 0x2340 (9024)
0x85B7, 0xBEBB, 0xFFDF, 0xFFFF, 0xFFFF, 0xFFFF, 0xCEFC, 0x1BD0, 0x1BD0, 0xD73C, 0x7D96, 0x1BD0, 0x3C72, 0xFFFF, 0xFFFF, 0xEF9E,   // 0x2350 (9040)
0x1BD0, 0x1BD0, 0x4CB3, 0xFFFF, 0xFFFF, 0xFFFF, 0xFFFF, 0xFFFF, 0xFFFF, 0xFFFF, 0xFFFF, 0xA659, 0x1BD0, 0x23F0, 0xEFBE, 0x5CF4,   // 0x2360 (9056)
0x1BD0, 0x5CF4, 0xFFFF, 0xFFFF, 0xC6FC, 0x1BD0, 0x1BD0, 0x7D96, 0xFFFF, 0xFFFF, 0xFFFF, 0xFFFF, 0x5CF4, 0x1BD0, 0x1BD0, 0xE79E,   // 0x2370 (9072)
0xFFFF, 0xFFFF, 0xF7DE, 0xD7BB, 0xDFBB, 0xDFBC, 0xDFBC, 0xE7DD, 0xBF59, 0xB758, 0xB778, 0xB779, 0xBF9A, 0xBF9C, 0xCFDE, 0xDFFF,   // 0x2380 (9088)
0x861B, 0x861B, 0x861B, 0x861B, 0x861B, 0x861B, 0x861B, 0x861B, 0x963B, 0xD75E, 0xC71D, 0xC71D, 0xC71D, 0xC71D, 0xC71D, 0xD75E,   // 0x2390 (9104)
0xF7DF, 0xFFFF, 0xFFFF, 0xFFFF, 0x54D4, 0x1BD0, 0x2C11, 0xFFFF, 0xFFFF, 0xFFFF, 0xFFFF, 0x54F4, 0x1BD0, 0x1BD0, 0x1BD0, 0x1BD0,   // 0x23A0 (9120)
0x1BD0, 0x1BD0, 0x23F0, 0xC6FB, 0xFFFF, 0xFFFF, 0x9E18, 0x1BD0, 0x23F0, 0xEFBE, 0xFFFF, 0x3452, 0x1BD0, 0x7D96, 0xFFFF, 0xFFFF,   // 0x23B0 (9136)
0xA659, 0x1BD0, 0x1BD0, 0xB69A, 0x23F0, 0x1BD0, 0x54D3, 0x6535, 0x1BD0, 0x4492, 0xFFFF, 0xFFFF, 0x85D7, 0x1BD0, 0x1BD0, 0x1BD0,   // 0x23C0 (9152)
0x1BD0, 0x1BD0, 0x3452, 0xD73C, 0xFFFF, 0xFFFF, 0x5D14, 0x1BD0, 0x4CD3, 0xFFFF, 0xDF5D, 0x1BD0, 0x1BD0, 0xB69A, 0xFFFF, 0xDF5D,   // 0x23D0 (9168)
0x1BD0, 0x1BD0, 0x6515, 0xFFFF, 0xFFFF, 0xFFFF, 0xFFFF, 0xFFFF, 0xFFFF, 0xFFFF, 0xFFFF, 0x3C72, 0x1BD0, 0x7576, 0xFFFF, 0xBEBB,   // 0x23E0 (9184)
0x1BD0, 0x1BD0, 0xD73D, 0xFFFF, 0xBEBA, 0x1BD0, 0x1BD0, 0x95F8, 0xFFFF, 0xFFFF, 0xFFFF, 0xFFFF, 0x6D55, 0x1BD0, 0x1BD0, 0xDF5D,   // 0x23F0 (9200)
0xFFFF, 0xFFFF, 0xF7DE, 0xDFBB, 0xDFBB, 0xDFBC, 0xDFBC, 0xE7DD, 0xBF59, 0xB758, 0xB779, 0xBF7A, 0xBF9B, 0xC7BE, 0xDFFF, 0xCFDE,   // 0x2400 (9216)
0x861B, 0x861B, 0x861B, 0x861B, 0x861B, 0x861B, 0x861B, 0x861B, 0x963B, 0xD75E, 0xCF1D, 0xC71D, 0xC71D, 0xC71D, 0xC71D, 0xC71D,   // 0x2410 (9232)
0xD75E, 0xFFFF, 0xFFFF, 0xFFFF, 0x54D4, 0x1BD0, 0x2C11, 0xFFFF, 0xFFFF, 0xFFFF, 0xFFFF, 0x54F4, 0x1BD0, 0x1BF0, 0x54D4, 0x2C31,   // 0x2420 (9248)
0x1BD0, 0x2C11, 0xC6FB, 0xFFFF, 0xFFFF, 0xFFDF, 0x3451, 0x1BD0, 0x3452, 0x85B7, 0x85B7, 0x4493, 0x1BD0, 0x23F0, 0xEF9E, 0xFFFF,   // 0x2430 (9264)
0xA659, 0x1BD0, 0x1BD0, 0xE79E, 0xA639, 0x1BD0, 0x1BD0, 0x23F0, 0x1BD0, 0x4492, 0xFFFF, 0xFFFF, 0xFFFF, 0xE77D, 0xA639, 0x7556,   // 0x2440 (9280)
0x3C52, 0x1BD0, 0x1BD0, 0x4CB3, 0xFFFF, 0xDF5D, 0x1BD0, 0x1BD0, 0x54D3, 0x85B7, 0x85B7, 0x2C11, 0x1BD0, 0x4CB3, 0xFFFF, 0xEF9E,   // 0x2450 (9296)
0x1BD0, 0x1BD0, 0x4493, 0xFFFF, 0xFFFF, 0xFFFF, 0xFFFF, 0xFFFF, 0xFFFF, 0xFFFF, 0xB6BA, 0x1BD0, 0x1BD0, 0x5D14, 0x85B7, 0x7D96,   // 0x2460 (9312)
0x1BF0, 0x1BD0, 0x6D55, 0xFFFF, 0xCEFC, 0x1BD0, 0x1BD0, 0x7576, 0xFFFF, 0xFFFF, 0xFFFF, 0xFFFF, 0x54D4, 0x1BD0, 0x1BD0, 0xEFBE,   // 0x2470 (9328)
0xFFFF, 0xFFFF, 0xF7DE, 0xDFBB, 0xDFBB, 0xDFBC, 0xDFBC, 0xE7DD, 0xBF59, 0xB758, 0xB779, 0xBF9B, 0xC7BD, 0xD7FF, 0xD7FF, 0xC7BC,   // 0x2480 (9344)
0x861B, 0x861B, 0x861B, 0x861B, 0x861B, 0x861B, 0x861B, 0x861B, 0x963B, 0xD75E, 0xCF1D, 0xC71D, 0xC71D, 0xC71D, 0xC71D, 0xC71D,   // 0x2490 (9360)
0xD75E, 0xFFFF, 0xFFFF, 0xFFFF, 0x54D4, 0x1BD0, 0x2C11, 0xFFFF, 0xFFFF, 0xFFFF, 0xFFFF, 0x54F4, 0x1BD0, 0x2411, 0xFFFF, 0xE77E,   // 0x24A0 (9376)
0x23F0, 0x1BD0, 0x4492, 0xFFDF, 0xFFFF, 0xAE79, 0x1BD0, 0x1BD0, 0x1BD0, 0x1BD0, 0x1BD0, 0x1BD0, 0x1BD0, 0x1BD0, 0x8DD7, 0xFFFF,   // 0x24B0 (9392)
0xA659, 0x1BD0, 0x1BD0, 0xE79E, 0xFFFF, 0x7576, 0x1BD0, 0x1BD0, 0x1BD0, 0x4492, 0xFFFF, 0xFFFF, 0xEFBE, 0xFFFF, 0xFFFF, 0xFFFF,   // 0x24C0 (9408)
0xFFFF, 0x4CB3, 0x1BD0, 0x2C11, 0xFFFF, 0x7556, 0x1BD0, 0x1BD0, 0x1BD0, 0x1BD0, 0x1BD0, 0x1BD0, 0x1BD0, 0x1BD0, 0xC6FB, 0xFFFF,   // 0x24D0 (9424)
0x4492, 0x1BD0, 0x1BD0, 0xBEBB, 0xFFFF, 0xFFFF, 0xFFFF, 0xF7BE, 0xFFFF, 0xFFFF, 0x4CB3, 0x1BD0, 0x1BD0, 0x1BD0, 0x1BD0, 0x1BD0,   // 0x24E0 (9440)
0x1BD0, 0x1BD0, 0x23F0, 0xE77D, 0xF7DF, 0x2C11, 0x1BD0, 0x2C31, 0xEF9E, 0xFFFF, 0xFFFF, 0xD71C, 0x1BF0, 0x1BD0, 0x4493, 0xFFFF,   // 0x24F0 (9456)
0xFFFF, 0xFFFF, 0xEFDD, 0xDFBB, 0xDFBB, 0xDFBC, 0xDFBC, 0xE7DD, 0xBF59, 0xB759, 0xBF7A, 0xBF9C, 0xCFDF, 0xDFFF, 0xC7BD, 0xC7BB,   // 0x2500 (9472)
0x6557, 0x861B, 0x861B, 0x861B, 0x861B, 0x861B, 0x861B, 0x861B, 0x963B, 0xD75E, 0xCF1D, 0xC71D, 0xC71D, 0xC71D, 0xC71D, 0xC71D,   // 0x2510 (9488)
0xD75E, 0xFFFF, 0xFFFF, 0xFFFF, 0x54D4, 0x1BD0, 0x2C11, 0xFFFF, 0xFFFF, 0xFFFF, 0xFFFF, 0x54F4, 0x1BD0, 0x2411, 0xFFFF, 0xFFFF,   // 0x2520 (9504)
0x8DD7, 0x1BD0, 0x1BD0, 0x9E39, 0xFFFF, 0x4472, 0x1BD0, 0x4492, 0x8DF8, 0x8DF8, 0x8DF8, 0x8DF8, 0x54D4, 0x1BD0, 0x2C11, 0xF7DF,   // 0x2530 (9520)
0xA659, 0x1BD0, 0x1BD0, 0xE79E, 0xFFFF, 0xF7DF, 0x4CB3, 0x1BD0, 0x1BD0, 0x4492, 0xFFFF, 0xA659, 0x1BD0, 0x4493, 0x85B7, 0x9618,   // 0x2540 (9536)
0x7D96, 0x23F0, 0x1BD0, 0x54D4, 0xE77E, 0x23F0, 0x1BD0, 0x6514, 0x8DF8, 0x8DF8, 0x8DF8, 0x8DF8, 0x3452, 0x1BD0, 0x5CF4, 0xFFFF,   // 0x2550 (9552)
0xB69A, 0x1BD0, 0x1BD0, 0x1BF0, 0x5CF4, 0x7576, 0x54D3, 0x1BD0, 0x85D7, 0xC6FC, 0x1BD0, 0x1BD0, 0x7556, 0x8DF8, 0x8DF8, 0x8DF8,   // 0x2560 (9568)
0x8DF8, 0x23F0, 0x1BD0, 0x7D96, 0xFFFF, 0x8DF8, 0x1BD0, 0x1BD0, 0x3451, 0x85B7, 0x7D96, 0x2C11, 0x1BD0, 0x1BD0, 0xB69A, 0xFFFF,   // 0x2570 (9584)
0xFFFF, 0xFFFF, 0xE7BC, 0xDFBB, 0xDFBB, 0xDFBC, 0xDFBC, 0xE7DD, 0xBF59, 0xB779, 0xBF9B, 0xC7BD, 0xDFFF, 0xCFDE, 0xC7BC, 0xC79A,   // 0x2580 (9600)
0x75F3, 0x5D36, 0x861B, 0x861B, 0x861B, 0x861B, 0x861B, 0x861B, 0x963B, 0xD75E, 0xCF1D, 0xC71D, 0xC71D, 0xC71D, 0xC71D, 0xC71D,   // 0x2590 (9616)
0xD75E, 0xFFFF, 0xFFFF, 0xFFFF, 0x5CF4, 0x1BD0, 0x3431, 0xFFFF, 0xFFFF, 0xFFFF, 0xFFFF, 0x5D14, 0x1BD0, 0x2C31, 0xFFFF, 0xFFFF,   // 0x25A0 (9632)
0xF7BF, 0x2C31, 0x1BD0, 0x3C72, 0xCF1C, 0x1BD0, 0x1BD0, 0xB69A, 0xFFFF, 0xFFFF, 0xFFFF, 0xFFFF, 0xD73C, 0x1BD0, 0x1BD0, 0xAE7A,   // 0x25B0 (9648)
0xAE7A, 0x1BD0, 0x1BD0, 0xEF9E, 0xFFFF, 0xFFFF, 0xE77E, 0x3431, 0x1BD0, 0x4493, 0xFFFF, 0xA659, 0x1BD0, 0x1BD0, 0x1BD0, 0x1BD0,   // 0x25C0 (9664)
0x1BD0, 0x1BD0, 0x2C31, 0xD73D, 0x9618, 0x1BD0, 0x23F0, 0xE79E, 0xFFFF, 0xFFFF, 0xFFFF, 0xFFFF, 0x9E18, 0x1BD0, 0x1BD0, 0xE77E,   // 0x25D0 (9680)
0xFFFF, 0x95F8, 0x1BF0, 0x1BD0, 0x1BD0, 0x1BD0, 0x1BD0, 0x1BD0, 0x7D96, 0x7576, 0x1BD0, 0x3431, 0xFFDF, 0xFFFF, 0xFFFF, 0xFFFF,   // 0x25E0 (9696)
0xFFFF, 0x7576, 0x1BD0, 0x2411, 0xFFFF, 0xFFFF, 0x7576, 0x1BD0, 0x1BD0, 0x1BD0, 0x1BD0, 0x1BD0, 0x1BD0, 0x9618, 0xFFFF, 0xFFFF,   // 0x25F0 (9712)
0xFFFF, 0xF7FF, 0xDFBC, 0xDFBB, 0xDFBB, 0xDFBC, 0xDFBC, 0xE7DD, 0xBF5A, 0xB77A, 0xC79D, 0xD7FF, 0xCFDE, 0xC79C, 0xC79B, 0xCF9A,   // 0x2600 (9728)
0x96D3, 0x6592, 0x75B9, 0x861B, 0x861B, 0x861B, 0x861B, 0x861B, 0x963B, 0xD75E, 0xCF1D, 0xC71D, 0xC71D, 0xC71D, 0xC71D, 0xC71D,   // 0x2610 (9744)
0xCF3E, 0xFFFF, 0xFFFF, 0xFFFF, 0xC6FC, 0x6515, 0xAE7A, 0xFFFF, 0xFFFF, 0xFFFF, 0xFFFF, 0xCEFC, 0x6515, 0xAE79, 0xFFFF, 0xFFFF,   // 0x2620 (9760)
0xFFFF, 0xCEFC, 0x6515, 0x9E18, 0xF7BF, 0x6D55, 0x85B7, 0xFFFF, 0xFFFF, 0xFFFF, 0xFFFF, 0xFFFF, 0xFFFF, 0x9E18, 0x6515, 0xDF7D,   // 0x2630 (9776)
0xEFBE, 0x6D55, 0x85D7, 0xFFFF, 0xFFFF, 0xFFFF, 0xFFFF, 0xD73C, 0x6535, 0xAE7A, 0xFFFF, 0xFFFF, 0xCF1C, 0x8DD7, 0x6515, 0x54D4,   // 0x2640 (9792)
0x6515, 0x9618, 0xEF9E, 0xFFFF, 0xD73D, 0x6515, 0xAE79, 0xFFFF, 0xFFFF, 0xFFFF, 0xFFFF, 0xFFFF, 0xF7DF, 0x7576, 0x7576, 0xFFDF,   // 0x2650 (9808)
0xFFFF, 0xFFFF, 0xDF5D, 0x8DD7, 0x2C11, 0x4472, 0x6D55, 0xAE7A, 0xFFFF, 0xC6DB, 0x6514, 0xC6DB, 0xFFFF, 0xFFFF, 0xFFFF, 0xFFFF,   // 0x2660 (9824)
0xFFFF, 0xEF9E, 0x6D55, 0x85B7, 0xFFFF, 0xFFFF, 0xFFFF, 0xC6FC, 0x7D96, 0x5CF4, 0x5CF4, 0x85B7, 0xD73D, 0xFFFF, 0xFFFF, 0xFFFF,   // 0x2670 (9840)
0xFFFF, 0xE7DD, 0xDFBC, 0xDFBB, 0xDFBB, 0xDFBC, 0xDFBC, 0xE7DD, 0xBF7B, 0xBF9C, 0xD7DF, 0xD7DF, 0xC79C, 0xC79B, 0xCF9A, 0xD7BA,   // 0x2680 (9856)
0x8EB2, 0x8EB3, 0x54F4, 0x861B, 0x861B, 0x861B, 0x861B, 0x861B, 0x965B, 0xD75E, 0xCF3D, 0xC71D, 0xC71D, 0xC71D, 0xC71D, 0xC71D,   // 0x2690 (9872)
0xC71D, 0xF7DF, 0xFFFF, 0xFFFF, 0xFFFF, 0xFFFF, 0xFFFF, 0xFFFF, 0xFFFF, 0xFFFF, 0xFFFF, 0xFFFF, 0xFFFF, 0xFFFF, 0xFFFF, 0xFFFF,   // 0x26A0 (9888)
0xFFFF, 0xFFFF, 0xFFFF, 0xFFFF, 0xFFFF, 0xFFFF, 0xFFFF, 0xFFFF, 0xFFFF, 0xFFFF, 0xFFFF, 0xFFFF, 0xFFFF, 0xFFFF, 0xFFFF, 0xFFFF,   // 0x26B0 (9904)
0xFFFF, 0xFFFF, 0xFFFF, 0xFFFF, 0xFFFF, 0xFFFF, 0xFFFF, 0xFFFF, 0xFFFF, 0xFFFF, 0xFFFF, 0xFFFF, 0xFFFF, 0xFFFF, 0xFFFF, 0xFFFF,   // 0x26C0 (9920)
0xFFFF, 0xFFFF, 0xFFFF, 0xFFFF, 0xFFFF, 0xFFFF, 0xFFFF, 0xFFFF, 0xFFFF, 0xFFFF, 0xFFFF, 0xFFFF, 0xFFFF, 0xFFFF, 0xFFFF, 0xFFFF,   // 0x26D0 (9936)
0xFFFF, 0xFFFF, 0xFFFF, 0xFFFF, 0x54D4, 0x3451, 0x95F8, 0xFFFF, 0xFFFF, 0xFFFF, 0xFFFF, 0xFFFF, 0xFFFF, 0xFFFF, 0xFFFF, 0xFFFF,   // 0x26E0 (9952)
0xFFFF, 0xFFFF, 0xFFFF, 0xFFFF, 0xFFFF, 0xFFFF, 0xFFFF, 0xFFFF, 0xFFFF, 0xFFFF, 0xFFFF, 0xFFFF, 0xFFFF, 0xFFFF, 0xFFFF, 0xFFFF,   // 0x26F0 (9968)
0xEFDD, 0xDFBC, 0xDFBC, 0xDFBC, 0xDFBC, 0xDFBC, 0xDFBD, 0xE7DD, 0xBF7C, 0xCFBE, 0xD7FF, 0xC7BC, 0xC79B, 0xCF9A, 0xD7BA, 0xE7DA,   // 0x2700 (9984)
0x8EB3, 0x8EB2, 0x5512, 0x861B, 0x861B, 0x861B, 0x861B, 0x861B, 0x965B, 0xD75E, 0xCF3D, 0xC71D, 0xC71D, 0xC71D, 0xC71D, 0xC71D,   // 0x2710 (10000)
0xC71D, 0xD75E, 0xFFFF, 0xFFFF, 0xFFFF, 0xFFFF, 0xFFFF, 0xFFFF, 0xFFFF, 0xFFFF, 0xFFFF, 0xFFFF, 0xFFFF, 0xFFFF, 0xFFFF, 0xFFFF,   // 0x2720 (10016)
0xFFFF, 0xFFFF, 0xFFFF, 0xFFFF, 0xFFFF, 0xFFFF, 0xFFFF, 0xFFFF, 0xFFFF, 0xF7DF, 0xF7DF, 0xFFFF, 0xFFFF, 0xFFFF, 0xFFFF, 0xFFFF,   // 0x2730 (10032)
0xFFFF, 0xFFFF, 0xFFFF, 0xFFFF, 0xFFFF, 0xFFFF, 0xFFFF, 0xFFFF, 0xFFFF, 0xFFFF, 0xFFFF, 0xFFFF, 0xFFFF, 0xFFFF, 0xFFFF, 0xFFFF,   // 0x2740 (10048)
0xFFFF, 0xFFFF, 0xFFFF, 0xFFFF, 0xFFFF, 0xFFFF, 0xFFFF, 0xFFFF, 0xFFFF, 0xF7DF, 0xFFFF, 0xFFFF, 0xFFFF, 0xFFFF, 0xFFFF, 0xFFFF,   // 0x2750 (10064)
0xFFFF, 0xFFFF, 0xFFFF, 0x95F8, 0x7556, 0x3452, 0x5CF4, 0xFFFF, 0xFFFF, 0xFFFF, 0xFFFF, 0xFFFF, 0xFFFF, 0xFFFF, 0xEFDE, 0xFFFF,   // 0x2760 (10080)
0xFFFF, 0xFFFF, 0xFFFF, 0xFFFF, 0xFFFF, 0xFFFF, 0xFFFF, 0xFFFF, 0xFFFF, 0xFFFF, 0xFFFF, 0xFFFF, 0xFFFF, 0xFFFF, 0xFFFF, 0xEFDE,   // 0x2770 (10096)
0xDFBC, 0xDFBC, 0xDFBB, 0xDFBB, 0xDFBC, 0xDFBC, 0xDFBD, 0xE7DE, 0xCF9D, 0xD7FF, 0xC7BD, 0xC79B, 0xCF9A, 0xD79A, 0xE7BA, 0xFFFB,   // 0x2780 (10112)
0x86B3, 0x86B2, 0x5531, 0x85FB, 0x861B, 0x861B, 0x861B, 0x861B, 0x965B, 0xD75E, 0xCF3E, 0xC71D, 0xC71D, 0xC71D, 0xC71D, 0xC71D,   // 0x2790 (10128)
0xC71D, 0xC71D, 0xD75E, 0xF7DF, 0xFFFF, 0xFFFF, 0xFFFF, 0xFFFF, 0xDF9E, 0xDF7E, 0xF7DF, 0xFFFF, 0xFFFF, 0xFFFF, 0xFFFF, 0xEFBF,   // 0x27A0 (10144)
0xF7DF, 0xFFFF, 0xFFFF, 0xFFFF, 0xFFFF, 0xFFFF, 0xFFFF, 0xFFFF, 0xEFBF, 0xE79E, 0xE79E, 0xEFBF, 0xFFFF, 0xFFFF, 0xFFFF, 0xFFFF,   // 0x27B0 (10160)
0xFFFF, 0xFFFF, 0xFFFF, 0xFFFF, 0xF7DF, 0xEFDF, 0xFFFF, 0xFFFF, 0xFFFF, 0xFFFF, 0xFFFF, 0xFFFF, 0xFFFF, 0xFFFF, 0xFFFF, 0xFFFF,   // 0x27C0 (10176)
0xFFFF, 0xFFFF, 0xF7DF, 0xFFFF, 0xFFFF, 0xFFFF, 0xFFFF, 0xFFFF, 0xF7DF, 0xEFDE, 0xEFDE, 0xF7DF, 0xFFFF, 0xFFFF, 0xFFFF, 0xFFFF,   // 0x27D0 (10192)
0xFFFF, 0xFFFF, 0xFFFF, 0xD71C, 0x9618, 0x9E39, 0xEFBE, 0xFFFF, 0xFFFF, 0xFFFF, 0xFFFF, 0xFFFF, 0xFFFF, 0xEFDE, 0xE7BD, 0xE7BD,   // 0x27E0 (10208)
0xF7FF, 0xFFFF, 0xFFFF, 0xFFFF, 0xFFFF, 0xF7FE, 0xF7FF, 0xFFFF, 0xFFFF, 0xFFFF, 0xFFFF, 0xFFFF, 0xF7DF, 0xF7DE, 0xE7DD, 0xDFBC,   // 0x27F0 (10224)
0xDFBC, 0xDFBC, 0xDFBB, 0xDFBC, 0xDFBC, 0xDFBD, 0xDFDD, 0xE7DE, 0xD7DE, 0xC7BD, 0xC79B, 0xC79A, 0xD79A, 0xE7BA, 0xFFFB, 0xE7DA,   // 0x2800 (10240)
0x7632, 0x8693, 0x5532, 0x861B, 0x861B, 0x861B, 0x861B, 0x861B, 0x965B, 0xD75E, 0xCF3E, 0xC71D, 0xC71D, 0xC71D, 0xC71D, 0xC71D,   // 0x2810 (10256)
0xC71D, 0xC71D, 0xC73D, 0xCF3D, 0xD75E, 0xD77E, 0xD77E, 0xD75D, 0xD75D, 0xD75D, 0xD75D, 0xD77E, 0xDF7E, 0xDF7E, 0xD75E, 0xDF7E,   // 0x2820 (10272)
0xDF7E, 0xDF9E, 0xE79E, 0xE79E, 0xE79E, 0xE79E, 0xE7BE, 0xDF9E, 0xDF9E, 0xE79E, 0xE79E, 0xE79E, 0xE79E, 0xEFBE, 0xEFBE, 0xE7BE,   // 0x2830 (10288)
0xEFBF, 0xEFDF, 0xEFDF, 0xEFBF, 0xEFBE, 0xEFBE, 0xEFBE, 0xEFDF, 0xF7DF, 0xF7DF, 0xEFDF, 0xEFBF, 0xEFDE, 0xF7DF, 0xF7DF, 0xF7DF,   // 0x2840 (10304)
0xF7DF, 0xF7DF, 0xF7DF, 0xEFDF, 0xF7DF, 0xF7DF, 0xF7DF, 0xEFDE, 0xEFDE, 0xEFDE, 0xEFDE, 0xEFBE, 0xEFDE, 0xF7DE, 0xEFDF, 0xF7FF,   // 0x2850 (10320)
0xFFFF, 0xFFFF, 0xFFFF, 0xFFFF, 0xFFFF, 0xFFFF, 0xFFFF, 0xFFFF, 0xFFFF, 0xFFFF, 0xEFDE, 0xEFDE, 0xE7DD, 0xE7BD, 0xE7BD, 0xE7BD,   // 0x2860 (10336)
0xE7BD, 0xE7DD, 0xEFDE, 0xEFDE, 0xE7DD, 0xE7BD, 0xE7BD, 0xE7DD, 0xE7DD, 0xEFDE, 0xE7DE, 0xE7DD, 0xE7DD, 0xE7DC, 0xDFBC, 0xDFBC,   // 0x2870 (10352)
0xDFBC, 0xDFBB, 0xDFBC, 0xDFBC, 0xDFBC, 0xDFBD, 0xE7DE, 0xEFFE, 0xCF9D, 0xBF9B, 0xC79A, 0xCF9A, 0xDFBA, 0xF7FB, 0xEFDA, 0xD7B9,   // 0x2880 (10368)
0x7E73, 0x8693, 0x5513, 0x863B, 0x861B, 0x861B, 0x861B, 0x861B, 0x965B, 0xD77E, 0xCF3E, 0xC73D, 0xC71D, 0xC71D, 0xC71D, 0xC71D,   // 0x2890 (10384)
0xC71D, 0xC71D, 0xC73D, 0xCF3D, 0xCF3D, 0xCF3D, 0xCF3D, 0xCF3D, 0xCF5D, 0xD75D, 0xD75D, 0xD75D, 0xD75E, 0xD75E, 0xD77D, 0xD77E,   // 0x28A0 (10400)
0xDF7E, 0xDF7E, 0xDF7E, 0xDF7E, 0xDF7E, 0xDF7E, 0xDF7E, 0xDF9E, 0xDF9E, 0xDF9E, 0xE79E, 0xE79E, 0xE79E, 0xE79E, 0xE79E, 0xE79E,   // 0x28B0 (10416)
0xEF9E, 0xEFBE, 0xEFBE, 0xE7BE, 0xEFBE, 0xEFBE, 0xEFBE, 0xEFBE, 0xEFDF, 0xEFBF, 0xEFBF, 0xEFBF, 0xEFBF, 0xEFBE, 0xEFDE, 0xEFDE,   // 0x28C0 (10432)
0xEFDF, 0xEFDF, 0xEFDF, 0xF7DF, 0xEFDE, 0xEFDE, 0xEFDE, 0xEFDE, 0xEFDE, 0xEFBE, 0xEFDE, 0xEFDE, 0xEFDE, 0xEFDE, 0xF7DF, 0xFFFF,   // 0x28D0 (10448)
0xFFFF, 0xFFFF, 0xFFFF, 0xFFFF, 0xFFFF, 0xFFFF, 0xFFFF, 0xFFFF, 0xFFFF, 0xEFDE, 0xE7DD, 0xE7BD, 0xE7BD, 0xE7BD, 0xE7BD, 0xE7BD,   // 0x28E0 (10464)
0xE7BD, 0xE7BD, 0xE7BD, 0xE7BD, 0xE7BD, 0xE7DD, 0xE7BD, 0xE7BD, 0xE7BD, 0xE7BC, 0xDFBC, 0xDFBC, 0xDFBC, 0xDFBC, 0xDFBC, 0xDFBC,   // 0x28F0 (10480)
0xDFBC, 0xDFBC, 0xD7BC, 0xD7BC, 0xDFDD, 0xDFDE, 0xE7DE, 0xEFDE, 0xC77B, 0xC77A, 0xCF99, 0xDFBA, 0xF7FB, 0xEFDA, 0xD7B9, 0xCF99,   // 0x2900 (10496)
0x7E73, 0x7613, 0x6556, 0x8E1B, 0x863B, 0x861B, 0x861B, 0x861B, 0x965B, 0xD75E, 0xCF3E, 0xC71D, 0xC71D, 0xC71D, 0xC71D, 0xC71D,   // 0x2910 (10512)
0xC71D, 0xC71D, 0xC71D, 0xC73D, 0xCF3D, 0xCF5E, 0xD77E, 0xD75E, 0xD75E, 0xCF5D, 0xD75D, 0xD75D, 0xD75E, 0xD75E, 0xD77E, 0xDF7E,   // 0x2920 (10528)
0xE79E, 0xDF9E, 0xDF7E, 0xDF7E, 0xDF7E, 0xDF7E, 0xDF7E, 0xDF9E, 0xE79E, 0xE79E, 0xDF9E, 0xE79E, 0xE79E, 0xE79E, 0xE79E, 0xEFBE,   // 0x2930 (10544)
0xEFBE, 0xEFBE, 0xEF9E, 0xEFBE, 0xEFBE, 0xEFBE, 0xEFBF, 0xEFBF, 0xEFDF, 0xEFDF, 0xEFBF, 0xEFBF, 0xEFBF, 0xEFDF, 0xEFDF, 0xEFDF,   // 0x2940 (10560)
0xEFDE, 0xEFDE, 0xEFDE, 0xEFDE, 0xF7DF, 0xF7DF, 0xF7DF, 0xEFDE, 0xEFBE, 0xEFBE, 0xEFBE, 0xEFDE, 0xF7DE, 0xF7DE, 0xFFFF, 0xFFFF,   // 0x2950 (10576)
0xFFFF, 0xFFFF, 0xDF9D, 0xFFFF, 0xFFFF, 0xFFFF, 0xFFFF, 0xF7DE, 0xEFDE, 0xEFDD, 0xE7BD, 0xE7BD, 0xE7BD, 0xE7BD, 0xE7BD, 0xE7BD,   // 0x2960 (10592)
0xE7BD, 0xE7BD, 0xE7BD, 0xE7DD, 0xE7DD, 0xE7DD, 0xE7BD, 0xDFBC, 0xDFBC, 0xDFBC, 0xDFBC, 0xDFBC, 0xDFBC, 0xDFBC, 0xDFBC, 0xDFBC,   // 0x2970 (10608)
0xD7BC, 0xD7BC, 0xD7BC, 0xDFBD, 0xDFBD, 0xE7DE, 0xE7DE, 0xEFDE, 0xC77A, 0xCF99, 0xDF99, 0xF7FB, 0xEFDA, 0xD7B9, 0xCF99, 0xC799,   // 0x2980 (10624)
0x7654, 0x4CD3, 0x861B, 0x8E1B, 0x8E3B, 0x863B, 0x861B, 0x861B, 0x965B, 0xD75E, 0xCF3D, 0xC71D, 0xC71D, 0xC71D, 0xC71D, 0xC71D,   // 0x2990 (10640)
0xC71D, 0xC71D, 0xD75E, 0xEFBF, 0xFFFF, 0xFFFF, 0xFFFF, 0xFFFF, 0xFFFF, 0xFFFF, 0xEFBE, 0xD77E, 0xE79E, 0xF7DF, 0xFFFF, 0xFFFF,   // 0x29A0 (10656)
0xFFFF, 0xFFFF, 0xFFFF, 0xF7DF, 0xE7BE, 0xE79E, 0xF7DF, 0xFFFF, 0xFFFF, 0xFFFF, 0xFFFF, 0xEFBE, 0xEFBE, 0xFFFF, 0xFFFF, 0xFFFF,   // 0x29B0 (10672)
0xFFFF, 0xF7DF, 0xEFBE, 0xEFDF, 0xFFFF, 0xFFFF, 0xFFFF, 0xFFFF, 0xFFFF, 0xFFFF, 0xFFFF, 0xF7DF, 0xFFFF, 0xFFFF, 0xFFFF, 0xFFFF,   // 0x29C0 (10688)
0xF7DF, 0xEFDE, 0xEFDF, 0xF7DF, 0xFFFF, 0xFFFF, 0xFFFF, 0xFFFF, 0xF7DF, 0xF7DF, 0xFFFF, 0xFFFF, 0xFFFF, 0xFFFF, 0xFFFF, 0xFFFF,   // 0x29D0 (10704)
0xFFFF, 0xAEF9, 0x356F, 0xA6D8, 0xFFFF, 0xFFFF, 0xFFFF, 0xFFFF, 0xFFFF, 0xFFFF, 0xFFFF, 0xF7FF, 0xEFDE, 0xE7BD, 0xE7BD, 0xE7BD,   // 0x29E0 (10720)
0xE7BD, 0xEFDE, 0xFFFF, 0xFFFF, 0xFFFF, 0xFFFF, 0xF7FE, 0xE7BD, 0xDFBC, 0xDFBC, 0xDFBC, 0xDFBC, 0xDFBC, 0xDFBC, 0xDFBC, 0xD7BC,   // 0x29F0 (10736)
0xD7BC, 0xD7BC, 0xD7BC, 0xDFBD, 0xE7DE, 0xE7DE, 0xE7DD, 0xEFDD, 0xCF7A, 0xD799, 0xF7DB, 0xEFDA, 0xD799, 0xCF99, 0xC799, 0xC799,   // 0x2A00 (10752)
0x4CF3, 0x7DDA, 0x8E3B, 0x8E3B, 0x8E3B, 0x8E3B, 0x861B, 0x861B, 0x965B, 0xD75E, 0xCF3D, 0xC71D, 0xC71D, 0xC71D, 0xC71D, 0xC71D,   // 0x2A10 (10768)
0xC73D, 0xE79E, 0xFFFF, 0xFFFF, 0xFFFF, 0xFFFF, 0xFFFF, 0xFFFF, 0xFFFF, 0xFFFF, 0xFFFF, 0xFFFF, 0xFFFF, 0xFFFF, 0xFFFF, 0xFFFF,   // 0x2A20 (10784)
0xFFFF, 0xFFFF, 0xFFFF, 0xFFFF, 0xFFFF, 0xFFFF, 0xFFFF, 0xFFFF, 0xFFFF, 0xFFFF, 0xFFFF, 0xFFFF, 0xFFFF, 0xFFFF, 0xFFFF, 0xFFFF,   // 0x2A30 (10800)
0xFFFF, 0xFFFF, 0xFFFF, 0xFFFF, 0xFFFF, 0xFFFF, 0xFFFF, 0xFFFF, 0xFFFF, 0xFFFF, 0xFFFF, 0xFFFF, 0xFFFF, 0xFFFF, 0xFFFF, 0xFFFF,   // 0x2A40 (10816)
0xFFFF, 0xFFFF, 0xFFFF, 0xFFFF, 0xFFFF, 0xFFFF, 0xFFFF, 0xFFFF, 0xFFFF, 0xFFFF, 0xFFFF, 0xFFFF, 0xFFFF, 0xFFFF, 0xFFFF, 0xFFFF,   // 0x2A50 (10832)
0xEFBE, 0x3D8F, 0x4DB0, 0xE79D, 0xFFFF, 0xFFFF, 0xFFFF, 0xFFFF, 0xFFFF, 0xFFFF, 0xFFFF, 0xFFFF, 0xFFFF, 0xFFFF, 0xEFDE, 0xE7BD,   // 0x2A60 (10848)
0xF7DE, 0xFFFF, 0xFFFF, 0xFFFF, 0xFFFF, 0xFFFF, 0xFFFF, 0xFFFF, 0xE7BC, 0xDFBC, 0xDFBC, 0xDFBC, 0xDF9C, 0xDFBC, 0xDFBB, 0xD7BC,   // 0x2A70 (10864)
0xD7BC, 0xD7BC, 0xDFBD, 0xDFDE, 0xE7DD, 0xE7DD, 0xE7DD, 0xEFDD, 0xDF9A, 0xF7DA, 0xEFBA, 0xD799, 0xCF99, 0xC799, 0xC799, 0xBF99,   // 0x2A80 (10880)
0x85FB, 0x8E3B, 0x8E1B, 0x8E3B, 0x8E3B, 0x8E3B, 0x861B, 0x861B, 0x965B, 0xD75E, 0xCF3D, 0xC71D, 0xC71D, 0xC71D, 0xC71D, 0xC71D,   // 0x2A90 (10896)
0xEFBF, 0xFFFF, 0xFFFF, 0xFFFF, 0xFFFF, 0xFFFF, 0xFFFF, 0xFFFF, 0xFFFF, 0xFFFF, 0xFFFF, 0xFFFF, 0xFFFF, 0xFFFF, 0xFFFF, 0xFFFF,   // 0x2AA0 (10912)
0xFFFF, 0xFFFF, 0xFFFF, 0xFFFF, 0xFFFF, 0xFFFF, 0xFFFF, 0xFFFF, 0xFFFF, 0xFFFF, 0xFFFF, 0xFFFF, 0xFFFF, 0xFFFF, 0xFFFF, 0xFFFF,   // 0x2AB0 (10928)
0xFFFF, 0xFFFF, 0xFFFF, 0xFFFF, 0xFFFF, 0xFFFF, 0xFFFF, 0xFFFF, 0xFFFF, 0xFFFF, 0xFFFF, 0xFFFF, 0xFFFF, 0xFFFF, 0xFFFF, 0xFFFF,   // 0x2AC0 (10944)
0xFFFF, 0xFFFF, 0xFFFF, 0xFFFF, 0xFFFF, 0xFFFF, 0xFFFF, 0xFFFF, 0xFFFF, 0xFFFF, 0xFFFF, 0xFFFF, 0xFFFF, 0xFFFF, 0xFFFF, 0xFFFF,   // 0x2AD0 (10960)
0xEFDE, 0x7E54, 0xDF9D, 0xFFFF, 0xFFFF, 0xFFFF, 0xFFFF, 0xFFFF, 0xFFFF, 0xFFFF, 0xFFFF, 0xFFFF, 0xFFFF, 0xFFFF, 0xFFFF, 0xF7FE,   // 0x2AE0 (10976)
0xFFFF, 0xFFFF, 0xFFFF, 0xFFFF, 0xFFFF, 0xFFFF, 0xFFFF, 0xFFFF, 0xF7FE, 0xDFBC, 0xDFBC, 0xDFBC, 0xDFBC, 0xDFBC, 0xDFBC, 0xDFBC,   // 0x2AF0 (10992)
0xD7BC, 0xDFBD, 0xDFDD, 0xE7DD, 0xE7BD, 0xE7BD, 0xEFDD, 0xF7DD, 0xF7DB, 0xE7BA, 0xD799, 0xCF99, 0xC799, 0xC799, 0xBF99, 0xC79A,   // 0x2B00 (11008)
0x8E1B, 0x8E3B, 0x8E3B, 0x8E3B, 0x8E3B, 0x8E3B, 0x861B, 0x861B, 0x965B, 0xD75E, 0xCF3D, 0xC71D, 0xC71D, 0xC71D, 0xC71D, 0xE79E,   // 0x2B10 (11024)
0xFFFF, 0xFFFF, 0xFFFF, 0xFFFF, 0xD77C, 0x96B7, 0x7E54, 0x7654, 0x96B7, 0xDF9C, 0xFFFF, 0xFFFF, 0xFFFF, 0xFFFF, 0xBF1A, 0x8675,   // 0x2B20 (11040)
0x7654, 0x8675, 0xB719, 0xFFFF, 0xFFFF, 0xFFFF, 0xFFFF, 0xDF9D, 0x7E75, 0xC73A, 0xFFFF, 0xFFFF, 0xFFFF, 0xFFFF, 0xBF3A, 0x7E75,   // 0x2B30 (11056)
0xDF9D, 0xFFFF, 0xFFFF, 0xFFFF, 0xFFFF, 0xBF3A, 0x8E96, 0x7654, 0x7E75, 0xA6D8, 0xEFDE, 0xFFFF, 0xFFFF, 0xA6D8, 0xAEF8, 0xFFFF,   // 0x2B40 (11072)
0xFFFF, 0xFFFF, 0xFFFF, 0xFFFF, 0xFFFF, 0x96B6, 0x8E96, 0xF7DF, 0xFFFF, 0xFFFF, 0xFFFF, 0xD77C, 0x7E75, 0xBF3A, 0xFFFF, 0xFFFF,   // 0x2B50 (11088)
0x96B7, 0x8E96, 0xF7DE, 0xFFFF, 0xEFBE, 0x9EB7, 0x9696, 0x9696, 0x96B6, 0x9ED7, 0xC73A, 0xF7DF, 0xFFFF, 0xFFFF, 0xFFFF, 0xFFFF,   // 0x2B60 (11104)
0xFFFF, 0xFFFF, 0xFFFF, 0xA6F8, 0x8675, 0xE7BD, 0xFFFF, 0xFFFF, 0xFFFF, 0xE7DD, 0xDFBC, 0xDFBC, 0xDFBC, 0xDFBC, 0xDFBC, 0xD7BC,   // 0x2B70 (11120)
0xDFBD, 0xDFDD, 0xDFDD, 0xE7BD, 0xE7BD, 0xEFDC, 0xEFDD, 0xF7FD, 0xE7BA, 0xCF99, 0xC799, 0xC779, 0xC779, 0xBF99, 0xC79A, 0xC7BB,   // 0x2B80 (11136)
0x8E3B, 0x8E3B, 0x8E3B, 0x8E3B, 0x8E3B, 0x8E3B, 0x861B, 0x861B, 0x965B, 0xD75E, 0xCF3D, 0xC71D, 0xC71D, 0xC71D, 0xCF3D, 0xFFFF,   // 0x2B90 (11152)
0xFFFF, 0xFFFF, 0xFFFF, 0x7E75, 0x356F, 0x356F, 0x356F, 0x356F, 0x356F, 0x358F, 0xCF5B, 0xFFFF, 0xE7BD, 0x55F2, 0x356F, 0x356F,   // 0x2BA0 (11168)
0x356F, 0x356F, 0x356F, 0x55D1, 0xDF9D, 0xFFFF, 0xFFFF, 0x8E96, 0x356F, 0x3D8F, 0xD77B, 0xFFFF, 0xFFFF, 0xFFFF, 0x55D1, 0x356F,   // 0x2BB0 (11184)
0x8695, 0xFFFF, 0xFFFF, 0xE7BD, 0x55F1, 0x356F, 0x356F, 0x356F, 0x356F, 0x356F, 0x4DB0, 0xF7FF, 0xBF3A, 0x356F, 0x356F, 0xCF5B,   // 0x2BC0 (11200)
0xFFFF, 0xFFFF, 0xFFFF, 0xFFFF, 0xC75B, 0x356F, 0x356F, 0xB719, 0xFFFF, 0xFFFF, 0xFFFF, 0x7654, 0x356F, 0x4DD0, 0xFFFF, 0xD77C,   // 0x2BD0 (11216)
0x356F, 0x356F, 0xAEF9, 0xFFFF, 0x8675, 0x356F, 0x356F, 0x356F, 0x356F, 0x356F, 0x356F, 0x45B0, 0xB719, 0xFFFF, 0xFFFF, 0xFFFF,   // 0x2BE0 (11232)
0xFFFF, 0xFFFF, 0xBF3A, 0x356F, 0x356F, 0x5E12, 0xFFFF, 0xFFFF, 0xFFFF, 0xF7FE, 0xDFBC, 0xDFBC, 0xDFBC, 0xDFBC, 0xDFBC, 0xDFBD,   // 0x2BF0 (11248)
0xDFDD, 0xDFDD, 0xDFBD, 0xE7BC, 0xE7BC, 0xEFDD, 0xF7DD, 0xF7FD, 0xD79A, 0xC779, 0xC779, 0xBF79, 0xBF99, 0xBF9A, 0xC7BB, 0xCFBD,   // 0x2C00 (11264)
0x8E3B, 0x8E3B, 0x8E3B, 0x8E3B, 0x8E3B, 0x8E3B, 0x861B, 0x861B, 0x965B, 0xD75E, 0xCF3E, 0xCF1D, 0xC71D, 0xC71D, 0xDF9E, 0xFFFF,   // 0x2C10 (11280)
0xFFFF, 0xFFFF, 0x8E96, 0x356F, 0x356F, 0x3D8F, 0x6E33, 0x7654, 0x4DB0, 0x356F, 0xCF5B, 0xFFFF, 0x5DF2, 0x356F, 0x356F, 0x5DF2,   // 0x2C20 (11296)
0x8675, 0x6612, 0x356F, 0x356F, 0x4DD1, 0xF7DF, 0xFFFF, 0x8675, 0x356F, 0x356F, 0x45B0, 0xEFBE, 0xFFFF, 0xFFFF, 0x4DD1, 0x356F,   // 0x2C30 (11312)
0x8675, 0xFFFF, 0xFFFF, 0x55F1, 0x356F, 0x356F, 0x4DB0, 0x7654, 0x6E33, 0x3D8F, 0x45B0, 0xF7FF, 0xAEF9, 0x356F, 0x356F, 0xC73A,   // 0x2C40 (11328)
0xFFFF, 0xFFFF, 0xFFFF, 0xFFFF, 0xBF3A, 0x356F, 0x356F, 0xB719, 0xFFFF, 0xFFFF, 0xFFFF, 0x6E33, 0x356F, 0x45B0, 0xFFFF, 0xCF5B,   // 0x2C50 (11344)
0x356F, 0x356F, 0xA6F8, 0xFFFF, 0x7654, 0x356F, 0x356F, 0x7E54, 0x7E54, 0x6612, 0x356F, 0x356F, 0x356F, 0xBF3A, 0xFFFF, 0xFFFF,   // 0x2C60 (11360)
0xFFFF, 0xFFFF, 0x5DF2, 0x356F, 0x356F, 0x356F, 0xC75B, 0xFFFF, 0xFFFF, 0xFFFF, 0xE7DD, 0xDFBC, 0xDFBC, 0xDFBC, 0xDFBD, 0xDFDD,   // 0x2C70 (11376)
0xDFDD, 0xDFBD, 0xE7BC, 0xE7BC, 0xEFDC, 0xF7DC, 0xEFDD, 0xEFFD, 0xCF79, 0xBF79, 0xBF79, 0xBF9A, 0xBF9A, 0xC7BB, 0xCFDE, 0xDFFF,   // 0x2C80 (11392)
0x8E3B, 0x8E3B, 0x8E3B, 0x8E3B, 0x8E3B, 0x8E3B, 0x861B, 0x861B, 0x965B, 0xD75E, 0xCF3D, 0xC73D, 0xC71D, 0xC71D, 0xEFBF, 0xFFFF,   // 0x2C90 (11408)
0xFFFF, 0xEFBE, 0x3D8F, 0x356F, 0x45B0, 0xE79D, 0xFFFF, 0xFFFF, 0xFFFF, 0xE7BD, 0xFFFF, 0xBF3A, 0x356F, 0x356F, 0x7654, 0xFFFF,   // 0x2CA0 (11424)
0xFFFF, 0xFFFF, 0x8675, 0x356F, 0x356F, 0xAEF8, 0xFFFF, 0x8675, 0x356F, 0x356F, 0x356F, 0x5E12, 0xFFFF, 0xFFFF, 0x4DD1, 0x356F,   // 0x2CB0 (11440)
0x8675, 0xFFFF, 0xB719, 0x356F, 0x356F, 0x6613, 0xF7FF, 0xFFFF, 0xFFFF, 0xF7DE, 0xEFDE, 0xFFFF, 0xAEF9, 0x356F, 0x356F, 0xC73A,   // 0x2CC0 (11456)
0xFFFF, 0xFFFF, 0xFFFF, 0xFFFF, 0xBF3A, 0x356F, 0x356F, 0xB719, 0xFFFF, 0xFFFF, 0xFFFF, 0x6E33, 0x356F, 0x45B0, 0xFFFF, 0xCF5B,   // 0x2CD0 (11472)
0x356F, 0x356F, 0xA6F8, 0xFFFF, 0x7654, 0x356F, 0x356F, 0xFFFF, 0xFFFF, 0xFFFF, 0xCF5B, 0x358F, 0x356F, 0x4DD1, 0xFFFF, 0xFFFF,   // 0x2CE0 (11488)
0xFFFF, 0xCF5B, 0x356F, 0x358F, 0x6612, 0x356F, 0x6E33, 0xFFFF, 0xFFFF, 0xFFFF, 0xF7FE, 0xDFBC, 0xDFBD, 0xDFBD, 0xE7DD, 0xE7BD,   // 0x2CF0 (11504)
0xE7BC, 0xE7BC, 0xE7BC, 0xEFDC, 0xEFDC, 0xEFDC, 0xEFDC, 0xEFDD, 0xC779, 0xBF79, 0xBF7A, 0xBF9B, 0xC7BC, 0xD7DE, 0xDFFF, 0xC7BD,   // 0x2D00 (11520)
0x8E3C, 0x8E3B, 0x8E3B, 0x8E3B, 0x8E3B, 0x8E3B, 0x863B, 0x861B, 0x965B, 0xD75E, 0xCF3E, 0xCF3D, 0xC71D, 0xC71D, 0xFFFF, 0xFFFF,   // 0x2D10 (11536)
0xFFFF, 0xBF1A, 0x356F, 0x356F, 0x9696, 0xFFFF, 0xFFFF, 0xFFFF, 0xFFFF, 0xFFFF, 0xFFFF, 0x8675, 0x356F, 0x356F, 0xD77B, 0xFFFF,   // 0x2D20 (11552)
0xFFFF, 0xFFFF, 0xDF9D, 0x356F, 0x356F, 0x7654, 0xFFFF, 0x8675, 0x356F, 0x358F, 0x356F, 0x356F, 0x8675, 0xFFFF, 0x4DD1, 0x356F,   // 0x2D30 (11568)
0x8675, 0xFFFF, 0x7E75, 0x356F, 0x356F, 0xCF5B, 0xFFFF, 0xFFFF, 0xFFFF, 0xFFFF, 0xFFFF, 0xFFFF, 0xAEF9, 0x356F, 0x356F, 0xC73A,   // 0x2D40 (11584)
0xFFFF, 0xFFFF, 0xFFFF, 0xFFFF, 0xBF3A, 0x356F, 0x356F, 0xB719, 0xFFFF, 0xFFFF, 0xFFFF, 0x6E33, 0x356F, 0x45B0, 0xFFFF, 0xCF5B,   // 0x2D50 (11600)
0x356F, 0x356F, 0xA6F8, 0xFFFF, 0x7654, 0x356F, 0x356F, 0xFFFF, 0xFFFF, 0xFFFF, 0xFFFF, 0x6E34, 0x356F, 0x356F, 0xE7BD, 0xFFFF,   // 0x2D60 (11616)
0xFFFF, 0x6E33, 0x356F, 0x6E34, 0xCF7B, 0x356F, 0x356F, 0xD77C, 0xFFFF, 0xFFFF, 0xFFFF, 0xEFDE, 0xEFDE, 0xEFDE, 0xE7DD, 0xE7BC,   // 0x2D70 (11632)
0xE7BC, 0xE7BC, 0xEFDC, 0xEFDC, 0xEFDC, 0xE7BC, 0xE7DC, 0xEFDD, 0xC77A, 0xBF7A, 0xBF9B, 0xC7BC, 0xD7FE, 0xD7DE, 0xC7BC, 0xBF9B,   // 0x2D80 (11648)
0x8E3B, 0x8E3B, 0x8E3B, 0x8E3B, 0x8E3B, 0x8E3B, 0x8E3B, 0x861B, 0x965B, 0xD75E, 0xCF3E, 0xCF3D, 0xC73D, 0xC71D, 0xFFFF, 0xFFFF,   // 0x2D90 (11664)
0xFFFF, 0xA6F8, 0x356F, 0x356F, 0xAEF8, 0xFFFF, 0xFFFF, 0xFFFF, 0xFFFF, 0xFFFF, 0xFFFF, 0x7634, 0x356F, 0x356F, 0xEFBE, 0xFFFF,   // 0x2DA0 (11680)
0xFFFF, 0xFFFF, 0xFFFF, 0x356F, 0x356F, 0x6612, 0xFFFF, 0x8675, 0x356F, 0x4DB0, 0x8695, 0x356F, 0x356F, 0xAEF9, 0x4DD1, 0x356F,   // 0x2DB0 (11696)
0x8675, 0xFFFF, 0x6E33, 0x356F, 0x356F, 0xE7BD, 0xFFFF, 0xFFFF, 0xFFFF, 0xFFFF, 0xFFFF, 0xFFFF, 0xAEF9, 0x356F, 0x356F, 0xC73A,   // 0x2DC0 (11712)
0xFFFF, 0xFFFF, 0xFFFF, 0xFFFF, 0xBF3A, 0x356F, 0x356F, 0xB719, 0xFFFF, 0xFFFF, 0xFFFF, 0x6E33, 0x356F, 0x45B0, 0xFFFF, 0xCF5B,   // 0x2DD0 (11728)
0x356F, 0x356F, 0xA6F8, 0xFFFF, 0x7654, 0x356F, 0x356F, 0xFFFF, 0xFFFF, 0xFFFF, 0xFFFF, 0x8E96, 0x356F, 0x356F, 0xD77C, 0xFFFF,   // 0x2DE0 (11744)
0xDF9C, 0x356F, 0x356F, 0xC75B, 0xFFFF, 0x5DF2, 0x356F, 0x7E54, 0xFFFF, 0xFFFF, 0xFFFF, 0xFFFF, 0xFFFF, 0xFFFF, 0xFFFF, 0xEFDD,   // 0x2DF0 (11760)
0xEFDC, 0xEFDC, 0xEFDC, 0xE7DC, 0xE7BC, 0xE7BC, 0xE7BC, 0xE7DD, 0xC77B, 0xBF9B, 0xC7BD, 0xDFFF, 0xCFDD, 0xC79C, 0xBF9B, 0xBF9A,   // 0x2E00 (11776)
0x8E3B, 0x8E3B, 0x8E3B, 0x8E3B, 0x8E3B, 0x8E3B, 0x863B, 0x861A, 0x965B, 0xD77E, 0xCF3E, 0xC73D, 0xC73D, 0xC71D, 0xFFFF, 0xFFFF,   // 0x2E10 (11792)
0xFFFF, 0xAEF9, 0x356F, 0x356F, 0x9ED7, 0xFFFF, 0xFFFF, 0xFFFF, 0xFFFF, 0xFFFF, 0xFFFF, 0x7E54, 0x356F, 0x356F, 0xDF9D, 0xFFFF,   // 0x2E20 (11808)
0xFFFF, 0xFFFF, 0xEFBE, 0x356F, 0x356F, 0x6E33, 0xFFFF, 0x8675, 0x356F, 0x4DB0, 0xFFFF, 0x6612, 0x356F, 0x3D8F, 0x3D8F, 0x356F,   // 0x2E30 (11824)
0x8675, 0xFFFF, 0x7654, 0x356F, 0x356F, 0xDF7C, 0xFFFF, 0xFFFF, 0xFFFF, 0xFFFF, 0xFFFF, 0xFFFF, 0xAEF9, 0x356F, 0x356F, 0xC73A,   // 0x2E40 (11840)
0xFFFF, 0xFFFF, 0xFFFF, 0xFFFF, 0xC73A, 0x356F, 0x356F, 0xAEF9, 0xFFFF, 0xFFFF, 0xFFFF, 0x6E33, 0x356F, 0x45B0, 0xFFFF, 0xCF5B,   // 0x2E50 (11856)
0x356F, 0x356F, 0xA6F8, 0xFFFF, 0x7654, 0x356F, 0x356F, 0xFFFF, 0xFFFF, 0xFFFF, 0xFFFF, 0x7E54, 0x356F, 0x356F, 0xDF9C, 0xFFFF,   // 0x2E60 (11872)
0x7E54, 0x356F, 0x3D8F, 0xB719, 0xB719, 0x7E54, 0x356F, 0x358F, 0xE79D, 0xFFFF, 0xFFFF, 0xFFFF, 0xFFFF, 0xFFFF, 0xFFFF, 0xFFFF,   // 0x2E70 (11888)
0xEFDD, 0xEFBC, 0xE7BC, 0xE7BC, 0xE7BC, 0xE7BC, 0xE7DD, 0xE7DD, 0xC79C, 0xCFBD, 0xD7FE, 0xC7BD, 0xBF9B, 0xBF9A, 0xBF99, 0xBF79,   // 0x2E80 (11904)
0x8E3B, 0x8E3B, 0x8E3B, 0x8E3B, 0x8E3B, 0x8E3B, 0x863B, 0x863B, 0x965B, 0xD77E, 0xCF3D, 0xCF3D, 0xC73D, 0xC73D, 0xF7DF, 0xFFFF,   // 0x2E90 (11920)
0xFFFF, 0xDF9C, 0x356F, 0x356F, 0x55F1, 0xFFFF, 0xFFFF, 0xFFFF, 0xFFFF, 0xFFFF, 0xFFFF, 0xA6F8, 0x356F, 0x356F, 0x96B7, 0xFFFF,   // 0x2EA0 (11936)
0xFFFF, 0xFFFF, 0xA6D8, 0x356F, 0x356F, 0x9EB7, 0xFFFF, 0x8675, 0x356F, 0x4DB0, 0xFFFF, 0xEFBE, 0x4DB0, 0x356F, 0x356F, 0x356F,   // 0x2EB0 (11952)
0x8675, 0xFFFF, 0x9ED7, 0x356F, 0x356F, 0x8E96, 0xFFFF, 0xFFFF, 0xFFFF, 0xFFFF, 0xFFFF, 0xFFFF, 0xAEF9, 0x356F, 0x356F, 0xC73A,   // 0x2EC0 (11968)
0xFFFF, 0xFFFF, 0xFFFF, 0xFFFF, 0xD77C, 0x356F, 0x356F, 0x8E96, 0xFFFF, 0xFFFF, 0xFFFF, 0x4DD0, 0x356F, 0x55F1, 0xFFFF, 0xCF5B,   // 0x2ED0 (11984)
0x356F, 0x356F, 0xA6F8, 0xFFFF, 0x7654, 0x356F, 0x356F, 0xFFFF, 0xFFFF, 0xFFFF, 0xEFBE, 0x45B0, 0x356F, 0x45B0, 0xFFFF, 0xE7BD,   // 0x2EE0 (12000)
0x358F, 0x356F, 0x356F, 0x356F, 0x356F, 0x356F, 0x356F, 0x356F, 0x8695, 0xFFFF, 0xFFFF, 0xFFFF, 0xFFFF, 0xFFFF, 0xFFFF, 0xFFFF,   // 0x2EF0 (12016)
0xF7FE, 0xE7BC, 0xE7BC, 0xDFBC, 0xDFDC, 0xE7DD, 0xE7DD, 0xE7DE, 0xCFBE, 0xCFBE, 0xBF9C, 0xBF9B, 0xBF9A, 0xBF99, 0xBF79, 0xBF79,   // 0x2F00 (12032)
0x8E3B, 0x8E3B, 0x8E3B, 0x8E3B, 0x8E3B, 0x8E3B, 0x863B, 0x863A, 0x965B, 0xD77E, 0xCF3D, 0xC73D, 0xC73D, 0xC73D, 0xE79E, 0xFFFF,   // 0x2F10 (12048)
0xFFFF, 0xFFFF, 0x6613, 0x356F, 0x356F, 0x55F2, 0xA6D8, 0xAEF8, 0x7E54, 0x55D1, 0xDF9C, 0xF7DE, 0x45B0, 0x356F, 0x358F, 0x96B6,   // 0x2F20 (12064)
0xBF3A, 0x96B7, 0x3D8F, 0x356F, 0x3D8F, 0xEFBE, 0xFFFF, 0x8675, 0x356F, 0x4DB0, 0xFFFF, 0xFFFF, 0xD77C, 0x3D8F, 0x356F, 0x356F,   // 0x2F30 (12080)
0x8675, 0xFFFF, 0xEFBE, 0x3D8F, 0x356F, 0x356F, 0x7654, 0xAEF8, 0xA6D8, 0x6613, 0x6E33, 0xFFFF, 0xAEF9, 0x356F, 0x356F, 0x8675,   // 0x2F40 (12096)
0xA6F8, 0xA6F8, 0xA6F8, 0xCF5B, 0xFFFF, 0x45B0, 0x356F, 0x3D8F, 0x9ED7, 0xBF3A, 0x7E54, 0x356F, 0x356F, 0x8E96, 0xFFFF, 0xCF5B,   // 0x2F50 (12112)
0x356F, 0x356F, 0xA6F8, 0xFFFF, 0x7654, 0x356F, 0x356F, 0xB719, 0xB719, 0x96B7, 0x45B0, 0x356F, 0x356F, 0x9ED7, 0xFFFF, 0x8E96,   // 0x2F60 (12128)
0x356F, 0x3D8F, 0x7634, 0x7634, 0x7634, 0x7634, 0x5DF2, 0x356F, 0x3D8F, 0xEFBE, 0xF7DE, 0x5E12, 0x4DD1, 0xD77C, 0xFFFF, 0xFFFF,   // 0x2F70 (12144)
0xFFFF, 0xE7BC, 0xDFBC, 0xDFDC, 0xDFDD, 0xDFDD, 0xE7DE, 0xE7DE, 0xC79C, 0xB77B, 0xBF9A, 0xBF79, 0xBF79, 0xBF79, 0xBF79, 0xBF78,   // 0x2F80 (12160)
0x8E3B, 0x8E3B, 0x8E3B, 0x8E3B, 0x8E3B, 0x8E3B, 0x863B, 0x863A, 0x965B, 0xD77E, 0xCF3E, 0xC73D, 0xC73D, 0xC73D, 0xCF5E, 0xFFFF,   // 0x2F90 (12176)
0xFFFF, 0xFFFF, 0xE7BD, 0x55D1, 0x356F, 0x356F, 0x356F, 0x356F, 0x356F, 0x356F, 0xB719, 0xFFFF, 0xC75B, 0x3D8F, 0x356F, 0x356F,   // 0x2FA0 (12192)
0x356F, 0x356F, 0x356F, 0x3D8F, 0xBF3A, 0xFFFF, 0xFFFF, 0x8675, 0x356F, 0x4DD0, 0xFFFF, 0xFFFF, 0xFFFF, 0xAEF9, 0x356F, 0x356F,   // 0x2FB0 (12208)
0x8675, 0xFFFF, 0xFFFF, 0xC73A, 0x3D8F, 0x356F, 0x356F, 0x356F, 0x356F, 0x356F, 0x358F, 0xEFBE, 0xB719, 0x356F, 0x356F, 0x356F,   // 0x2FC0 (12224)
0x356F, 0x356F, 0x356F, 0x3D8F, 0xFFFF, 0xB719, 0x356F, 0x356F, 0x356F, 0x356F, 0x356F, 0x356F, 0x45B0, 0xEFBE, 0xFFFF, 0xCF5B,   // 0x2FD0 (12240)
0x356F, 0x356F, 0xAEF8, 0xFFFF, 0x7E54, 0x356F, 0x356F, 0x356F, 0x356F, 0x356F, 0x356F, 0x356F, 0x7E75, 0xFFFF, 0xFFFF, 0x3D8F,   // 0x2FE0 (12256)
0x356F, 0x8675, 0xFFFF, 0xFFFF, 0xFFFF, 0xFFFF, 0xE7BD, 0x358F, 0x356F, 0x9ED7, 0xCF5B, 0x356F, 0x356F, 0x96B7, 0xFFFF, 0xFFFF,   // 0x2FF0 (12272)
0xFFFF, 0xDFDC, 0xDFDC, 0xDFDD, 0xDFDD, 0xE7DE, 0xE7DE, 0xE7DE, 0xBF7B, 0xB77A, 0xB779, 0xBF79, 0xBF79, 0xBF79, 0xBF78, 0xBF78,   // 0x3000 (12288)
0x8E3B, 0x8E3B, 0x8E3B, 0x8E3B, 0x8E3B, 0x8E3B, 0x8E3B, 0x863A, 0x965B, 0xD77E, 0xCF3D, 0xCF3D, 0xC73D, 0xC71D, 0xC71D, 0xEFBF,   // 0x3010 (12304)
0xFFFF, 0xFFFF, 0xFFFF, 0xF7DE, 0x9ED7, 0x5DF2, 0x45B0, 0x45B0, 0x5E12, 0xA6D8, 0xFFFF, 0xFFFF, 0xFFFF, 0xE79D, 0x8675, 0x4DD1,   // 0x3020 (12320)
0x3D8F, 0x4DD1, 0x7E75, 0xDF9C, 0xFFFF, 0xFFFF, 0xFFFF, 0xC73A, 0x4DB0, 0x8E96, 0xFFFF, 0xFFFF, 0xFFFF, 0xFFFF, 0x96B7, 0x4DB0,   // 0x3030 (12336)
0xBF3A, 0xFFFF, 0xFFFF, 0xFFFF, 0xDF9D, 0x8675, 0x55D1, 0x3D8F, 0x45B0, 0x6E33, 0xC75B, 0xFFFF, 0xEFDE, 0x7634, 0x5DF2, 0x5DF2,   // 0x3040 (12352)
0x5DF2, 0x5DF2, 0x5DF2, 0x8695, 0xFFFF, 0xFFFF, 0xCF5B, 0x7634, 0x4DB0, 0x3D8F, 0x4DD1, 0x8675, 0xE7BD, 0xFFFF, 0xFFFF, 0xF7DF,   // 0x3050 (12368)
0x6612, 0x55D1, 0xDF9D, 0xFFFF, 0xCF5B, 0x6613, 0x5DF2, 0x5DF2, 0x5E12, 0x6E33, 0x8E96, 0xCF7B, 0xFFFF, 0xFFFF, 0xFFFF, 0x6612,   // 0x3060 (12384)
0x55F1, 0xE7BD, 0xFFFF, 0xFFFF, 0xFFFF, 0xFFFF, 0xFFFF, 0x9EB7, 0x45B0, 0xB719, 0xF7DF, 0x6E33, 0x5DF2, 0xDF9C, 0xFFFF, 0xFFFF,   // 0x3070 (12400)
0xFFFF, 0xDFDD, 0xDFDD, 0xDFDD, 0xDFDD, 0xDFDD, 0xDFBD, 0xE7DD, 0xBF7A, 0xB759, 0xB778, 0xBF78, 0xBF78, 0xBF78, 0xBF78, 0xC778,   // 0x3080 (12416)
0x8E3B, 0x8E3B, 0x8E3B, 0x8E3B, 0x8E3B, 0x8E3B, 0x863B, 0x863A, 0x965B, 0xD77E, 0xCF3D, 0xCF3D, 0xC73D, 0xC73D, 0xC71D, 0xCF3D,   // 0x3090 (12432)
0xF7DF, 0xFFFF, 0xFFFF, 0xFFFF, 0xFFFF, 0xFFFF, 0xFFFF, 0xFFFF, 0xFFFF, 0xFFFF, 0xFFFF, 0xFFFF, 0xFFFF, 0xFFFF, 0xFFFF, 0xFFFF,   // 0x30A0 (12448)
0xFFFF, 0xFFFF, 0xFFFF, 0xFFFF, 0xFFFF, 0xFFFF, 0xFFFF, 0xFFFF, 0xFFFF, 0xFFFF, 0xFFFF, 0xFFFF, 0xFFFF, 0xFFFF, 0xFFFF, 0xFFFF,   // 0x30B0 (12464)
0xFFFF, 0xFFFF, 0xFFFF, 0xFFFF, 0xFFFF, 0xFFFF, 0xFFFF, 0xFFFF, 0xFFFF, 0xFFFF, 0xFFFF, 0xFFFF, 0xFFFF, 0xFFFF, 0xFFFF, 0xFFFF,   // 0x30C0 (12480)
0xFFFF, 0xFFFF, 0xFFFF, 0xFFFF, 0xFFFF, 0xFFFF, 0xFFFF, 0xFFFF, 0xFFFF, 0xFFFF, 0xFFFF, 0xFFFF, 0xFFFF, 0xFFFF, 0xFFFF, 0xFFFF,   // 0x30D0 (12496)
0xFFFF, 0xFFFF, 0xFFFF, 0xFFFF, 0xFFFF, 0xFFFF, 0xFFFF, 0xFFFF, 0xFFFF, 0xFFFF, 0xFFFF, 0xFFFF, 0xFFFF, 0xFFFF, 0xFFFF, 0xFFFF,   // 0x30E0 (12512)
0xFFFF, 0xFFFF, 0xFFFF, 0xFFFF, 0xFFFF, 0xFFFF, 0xFFFF, 0xFFFF, 0xFFFF, 0xFFFF, 0xFFFF, 0xFFFF, 0xFFFF, 0xFFFF, 0xFFFF, 0xFFFF,   // 0x30F0 (12528)
0xF7FE, 0xDFDD, 0xDFDD, 0xDFBD, 0xDFBD, 0xDFBD, 0xDFBD, 0xE7DD, 0xBF59, 0xB758, 0xB778, 0xB778, 0xBF78, 0xBF78, 0xDFB9, 0xFFFB,   // 0x3100 (12544)
0x8E3B, 0x8E3B, 0x8E3B, 0x8E3B, 0x8E3B, 0x8E3B, 0x8E3B, 0x863A, 0x967B, 0xD77E, 0xCF3D, 0xC73D, 0xC73D, 0xC71D, 0xC71D, 0xC71D,   // 0x3110 (12560)
0xCF5D, 0xF7DF, 0xFFFF, 0xFFFF, 0xFFFF, 0xFFFF, 0xFFFF, 0xFFFF, 0xFFFF, 0xFFFF, 0xFFFF, 0xFFFF, 0xFFFF, 0xFFFF, 0xFFFF, 0xFFFF,   // 0x3120 (12576)
0xFFFF, 0xFFFF, 0xFFFF, 0xFFFF, 0xFFFF, 0xFFFF, 0xFFFF, 0xFFFF, 0xFFFF, 0xFFFF, 0xFFFF, 0xFFFF, 0xFFFF, 0xFFFF, 0xFFFF, 0xFFFF,   // 0x3130 (12592)
0xFFFF, 0xFFFF, 0xFFFF, 0xFFFF, 0xFFFF, 0xFFFF, 0xFFFF, 0xFFFF, 0xFFFF, 0xFFFF, 0xFFFF, 0xFFFF, 0xFFFF, 0xFFFF, 0xFFFF, 0xFFFF,   // 0x3140 (12608)
0xFFFF, 0xFFFF, 0xFFFF, 0xFFFF, 0xFFFF, 0xFFFF, 0xFFFF, 0xFFFF, 0xFFFF, 0xFFFF, 0xFFFF, 0xFFFF, 0xFFFF, 0xFFFF, 0xFFFF, 0xFFFF,   // 0x3150 (12624)
0xFFFF, 0xFFFF, 0xFFFF, 0xFFFF, 0xFFFF, 0xFFFF, 0xFFFF, 0xFFFF, 0xFFFF, 0xFFFF, 0xFFFF, 0xFFFF, 0xFFFF, 0xFFFF, 0xFFFF, 0xFFFF,   // 0x3160 (12640)
0xFFFF, 0xFFFF, 0xFFFF, 0xFFFF, 0xF7FE, 0xFFFF, 0xFFFF, 0xFFFF, 0xFFFF, 0xFFFF, 0xFFFF, 0xFFFF, 0xFFFF, 0xFFFF, 0xFFFF, 0xFFFF,   // 0x3170 (12656)
0xE7DD, 0xDFDD, 0xDFBD, 0xDFBC, 0xDFBC, 0xDFBC, 0xDFBC, 0xE7DD, 0xBF59, 0xB758, 0xB778, 0xB778, 0xBF78, 0xBF78, 0xF7FA, 0xFFFA,   // 0x3180 (12672)
0x8E3B, 0x8E3B, 0x8E3B, 0x8E3B, 0x8E3B, 0x8E3B, 0x8E3B, 0x863A, 0x967B, 0xD77E, 0xCF3E, 0xCF3D, 0xC73D, 0xC71D, 0xC71D, 0xC73D,   // 0x3190 (12688)
0xC73D, 0xCF3D, 0xDF9E, 0xF7DF, 0xFFFF, 0xFFFF, 0xFFFF, 0xFFFF, 0xFFFF, 0xFFFF, 0xF7DF, 0xE79E, 0xEFBF, 0xFFFF, 0xFFFF, 0xFFFF,   // 0x31A0 (12704)
0xFFFF, 0xFFFF, 0xFFFF, 0xFFFF, 0xF7DF, 0xEFBF, 0xFFFF, 0xFFFF, 0xFFFF, 0xFFFF, 0xFFFF, 0xF7DF, 0xF7DF, 0xFFFF, 0xFFFF, 0xFFFF,   // 0x31B0 (12720)
0xFFFF, 0xFFFF, 0xF7DF, 0xF7FF, 0xFFFF, 0xFFFF, 0xFFFF, 0xFFFF, 0xFFFF, 0xFFFF, 0xFFFF, 0xFFFF, 0xFFFF, 0xFFFF, 0xFFFF, 0xFFFF,   // 0x31C0 (12736)
0xFFFF, 0xFFFF, 0xFFFF, 0xFFFF, 0xFFFF, 0xFFFF, 0xFFFF, 0xFFFF, 0xFFFF, 0xFFFF, 0xFFFF, 0xFFFF, 0xFFFF, 0xFFFF, 0xFFFF, 0xFFFF,   // 0x31D0 (12752)
0xFFFF, 0xFFFF, 0xFFFF, 0xFFFF, 0xFFFF, 0xFFFF, 0xFFFF, 0xFFFF, 0xFFFF, 0xFFFF, 0xFFFF, 0xFFFF, 0xF7FF, 0xF7FF, 0xFFFF, 0xFFFF,   // 0x31E0 (12768)
0xFFFF, 0xFFFF, 0xFFFF, 0xEFDD, 0xEFDD, 0xF7FE, 0xFFFF, 0xFFFF, 0xFFFF, 0xFFFF, 0xFFFF, 0xFFFF, 0xFFFF, 0xFFFF, 0xFFFF, 0xE7DD,   // 0x31F0 (12784)
0xDFBD, 0xD7BC, 0xD7BC, 0xD7BC, 0xDFBC, 0xDFBC, 0xDFBC, 0xE7DD, 0xBF59, 0xB758, 0xB778, 0xB778, 0xBF78, 0xBF78, 0xEFDA, 0xFFFB,   // 0x3200 (12800)
0x8E3B, 0x8E3B, 0x8E3B, 0x8E3B, 0x8E3B, 0x8E3B, 0x8E3B, 0x863B, 0x967B, 0xD77E, 0xCF3D, 0xCF3D, 0xC73D, 0xC73D, 0xC71D, 0xC73D,   // 0x3210 (12816)
0xC73D, 0xCF3D, 0xCF3D, 0xCF3D, 0xD75E, 0xDF9E, 0xE79E, 0xE79E, 0xE79E, 0xDF7E, 0xD75D, 0xD75E, 0xD77E, 0xD77E, 0xE79E, 0xE7BE,   // 0x3220 (12832)
0xEFBE, 0xEFBE, 0xE79E, 0xDF9E, 0xDF9E, 0xDF9E, 0xE79E, 0xEFBE, 0xEFDF, 0xEFDE, 0xEFBE, 0xE7BE, 0xE7BE, 0xEFBE, 0xF7DF, 0xF7DF,   // 0x3230 (12848)
0xF7DF, 0xEFDF, 0xEFBE, 0xEFBE, 0xEFDF, 0xF7DF, 0xF7DF, 0xF7DF, 0xF7FF, 0xF7DF, 0xF7DF, 0xF7DF, 0xF7DF, 0xF7FF, 0xF7FF, 0xF7FF,   // 0x3240 (12864)
0xF7FF, 0xF7FF, 0xF7FF, 0xF7DF, 0xF7DF, 0xF7DF, 0xF7DF, 0xF7DF, 0xF7FF, 0xF7FF, 0xF7DF, 0xF7DF, 0xF7DE, 0xEFDE, 0xEFDE, 0xF7DE,   // 0x3250 (12880)
0xF7DF, 0xF7FF, 0xF7DE, 0xEFDE, 0xEFDE, 0xF7DE, 0xF7DE, 0xEFDE, 0xEFDE, 0xEFDE, 0xEFDE, 0xE7DD, 0xE7DD, 0xE7DD, 0xEFDE, 0xF7DE,   // 0x3260 (12896)
0xF7DE, 0xEFDE, 0xEFDD, 0xEFDD, 0xEFDD, 0xE7DD, 0xEFDD, 0xEFDE, 0xEFDE, 0xEFDE, 0xE7DD, 0xEFFE, 0xEFDE, 0xE7DE, 0xDFDD, 0xDFBC,   // 0x3270 (12912)
0xDFBC, 0xDFBC, 0xD7BC, 0xDFBC, 0xDFBC, 0xDFBC, 0xDFBC, 0xE7DD, 0xBF59, 0xB758, 0xB778, 0xB778, 0xBF78, 0xBF78, 0xC778, 0xDFBA,   // 0x3280 (12928)
0x8E3B, 0x8E3B, 0x8E3B, 0x8E3B, 0x8E5B, 0x8E3B, 0x8E3B, 0x863A, 0x9E7B, 0xD77E, 0xCF3D, 0xCF3D, 0xC73D, 0xC73D, 0xC71D, 0xC73D,   // 0x3290 (12944)
0xC73D, 0xCF3D, 0xCF3D, 0xCF3D, 0xCF5D, 0xCF5D, 0xD75D, 0xD75D, 0xD75D, 0xD75D, 0xD75D, 0xD77E, 0xD77E, 0xD77E, 0xD77E, 0xDF7E,   // 0x32A0 (12960)
0xDF7E, 0xDF7E, 0xDF7E, 0xDF9E, 0xDF9E, 0xDF9E, 0xE79E, 0xE79E, 0xE7BE, 0xE7BE, 0xE7BE, 0xE7BE, 0xEFBE, 0xEFBE, 0xEFBE, 0xEFBE,   // 0x32B0 (12976)
0xEFBE, 0xEFBF, 0xEFBE, 0xEFBE, 0xEFDE, 0xEFDE, 0xEFDF, 0xEFDF, 0xF7DF, 0xF7DF, 0xF7DF, 0xF7DF, 0xF7DF, 0xF7DF, 0xF7DF, 0xF7DF,   // 0x32C0 (12992)
0xF7DF, 0xF7DF, 0xF7DF, 0xF7DF, 0xF7DF, 0xF7DF, 0xF7DF, 0xF7DF, 0xF7DE, 0xF7DE, 0xF7DE, 0xF7DE, 0xF7DE, 0xEFDE, 0xEFDE, 0xEFDE,   // 0x32D0 (13008)
0xEFDE, 0xEFDE, 0xEFDE, 0xEFDE, 0xEFDE, 0xEFDD, 0xEFDD, 0xEFDD, 0xEFDD, 0xE7DD, 0xEFDD, 0xE7DD, 0xE7DD, 0xE7DD, 0xE7DD, 0xEFDD,   // 0x32E0 (13024)
0xEFDD, 0xEFDD, 0xEFDD, 0xE7DD, 0xE7DD, 0xE7BD, 0xE7BD, 0xE7DD, 0xE7DD, 0xE7DD, 0xE7DD, 0xE7DD, 0xE7DD, 0xDFDD, 0xDFBC, 0xDFBC,   // 0x32F0 (13040)
0xDFBC, 0xDFBC, 0xDFBC, 0xDFBB, 0xDFBB, 0xDFBC, 0xDFBC, 0xE7DD, 0xBF59, 0xB758, 0xB758, 0xB778, 0xBF78, 0xBF78, 0xBF78, 0xBF78,   // 0x3300 (13056)
0x8E3B, 0x8E3B, 0x8E3B, 0x8E5B, 0x8E5B, 0x8E3B, 0x8E3B, 0x863A, 0x967B, 0xD77E, 0xCF3D, 0xCF3D, 0xC73D, 0xC73D, 0xC71D, 0xC73D,   // 0x3310 (13072)
0xCF3D, 0xCF3D, 0xCF5D, 0xCF5D, 0xD75D, 0xD75D, 0xD75D, 0xD75D, 0xD77D, 0xD77D, 0xD77E, 0xD77E, 0xDF7E, 0xDF7E, 0xDF7E, 0xDF7E,   // 0x3320 (13088)
0xDF9E, 0xDF9E, 0xDF9E, 0xE79E, 0xE79E, 0xE79E, 0xE79E, 0xE79E, 0xE7BE, 0xE7BE, 0xE7BE, 0xEFBE, 0xEFBE, 0xEFBE, 0xEFBE, 0xEFBF,   // 0x3330 (13104)
0xEFDF, 0xEFBE, 0xEFDF, 0xEFBE, 0xEFDE, 0xF7DF, 0xF7DF, 0xEFDF, 0xF7DF, 0xF7DF, 0xF7DF, 0xF7DF, 0xF7DF, 0xF7DF, 0xF7DF, 0xF7DF,   // 0x3340 (13120)
0xF7DF, 0xF7DE, 0xF7DF, 0xF7DE, 0xF7DF, 0xF7DE, 0xF7DE, 0xF7DE, 0xF7DE, 0xF7DE, 0xEFDE, 0xEFDE, 0xEFDE, 0xF7DE, 0xF7DE, 0xEFDE,   // 0x3350 (13136)
0xEFDE, 0xEFDE, 0xEFDE, 0xEFDE, 0xEFDE, 0xEFDE, 0xEFDD, 0xEFDD, 0xEFDD, 0xEFDD, 0xEFDD, 0xEFDD, 0xEFDD, 0xEFDD, 0xEFDD, 0xEFDD,   // 0x3360 (13152)
0xEFDD, 0xEFDD, 0xE7DD, 0xE7DD, 0xE7DD, 0xE7DD, 0xE7DD, 0xE7DD, 0xE7DD, 0xE7DD, 0xE7DD, 0xE7DD, 0xE7DD, 0xDFBC, 0xDFBC, 0xDFBC,   // 0x3370 (13168)
0xDFBC, 0xDFBB, 0xDFBB, 0xDFBB, 0xDFBB, 0xDFBC, 0xDFBC, 0xE7DD, 0xBF59, 0xB758, 0xB758, 0xB758, 0xBF78, 0xBF78, 0xBF78, 0xBF78,   // 0x3380 (13184)
0x8E3B, 0x8E3B, 0x8E3B, 0x8E5B, 0x8E5B, 0x8E3B, 0x8E3B, 0x8E3A, 0x9E5B, 0xD77E, 0xCF3D, 0xCF3D, 0xC73D, 0xC73D, 0xC73D, 0xC73D,   // 0x3390 (13200)
0xCF3D, 0xCF3D, 0xD75D, 0xE79E, 0xF7DF, 0xFFFF, 0xFFFF, 0xFFFF, 0xFFFF, 0xF7DF, 0xE79E, 0xDF7E, 0xE79E, 0xF7DF, 0xFFFF, 0xFFFF,   // 0x33A0 (13216)
0xFFFF, 0xFFFF, 0xFFFF, 0xFFFF, 0xF7DF, 0xEFDF, 0xEFBE, 0xF7DF, 0xFFFF, 0xFFFF, 0xFFFF, 0xFFFF, 0xFFFF, 0xFFFF, 0xFFFF, 0xF7DF,   // 0x33B0 (13232)
0xF7DF, 0xF7DF, 0xFFFF, 0xFFFF, 0xFFFF, 0xFFFF, 0xF7DF, 0xF7DF, 0xF7FF, 0xFFFF, 0xFFFF, 0xFFFF, 0xFFFF, 0xFFFF, 0xFFFF, 0xFFFF,   // 0x33C0 (13248)
0xF7FF, 0xF7DF, 0xF7DF, 0xF7DF, 0xFFFF, 0xFFFF, 0xFFFF, 0xFFFF, 0xFFFF, 0xF7FE, 0xF7DE, 0xF7FE, 0xF7FF, 0xFFFF, 0xFFFF, 0xFFFF,   // 0x33D0 (13264)
0xFFFF, 0xFFFF, 0xFFFF, 0xFFFF, 0xF7FE, 0xF7DE, 0xEFDE, 0xEFDE, 0xEFDE, 0xEFDE, 0xF7FE, 0xFFFF, 0xFFFF, 0xFFFF, 0xFFFF, 0xFFFF,   // 0x33E0 (13280)
0xF7FF, 0xEFFE, 0xEFDE, 0xF7FF, 0xFFFF, 0xFFFF, 0xFFFF, 0xF7FF, 0xFFFF, 0xFFFF, 0xFFFF, 0xF7FF, 0xFFFF, 0xFFFF, 0xFFFF, 0xF7DE,   // 0x33F0 (13296)
0xE7BC, 0xDFBC, 0xDFBB, 0xDFBB, 0xDFBB, 0xDFBC, 0xDFBC, 0xE7DD, 0xBF59, 0xB758, 0xB758, 0xB778, 0xBF78, 0xBF78, 0xBF78, 0xBF78,   // 0x3400 (13312)
0x8E3B, 0x8E3B, 0x8E3B, 0x8E5B, 0x8E5B, 0x8E3B, 0x8E3B, 0x8E3A, 0x9E5B, 0xD77E, 0xCF3D, 0xCF3D, 0xC73D, 0xC73D, 0xC73D, 0xCF3D,   // 0x3410 (13328)
0xCF3D, 0xE79E, 0xFFFF, 0xFFFF, 0xFFFF, 0xFFFF, 0xFFFF, 0xFFFF, 0xFFFF, 0xFFFF, 0xFFFF, 0xF7DF, 0xFFFF, 0xFFFF, 0xFFFF, 0xFFFF,   // 0x3420 (13344)
0xFFFF, 0xFFFF, 0xFFFF, 0xFFFF, 0xFFFF, 0xFFFF, 0xFFFF, 0xFFFF, 0xFFFF, 0xFFFF, 0xFFFF, 0xFFFF, 0xFFFF, 0xFFFF, 0xFFFF, 0xFFFF,   // 0x3430 (13360)
0xFFFF, 0xFFFF, 0xFFFF, 0xFFFF, 0xFFFF, 0xFFFF, 0xFFFF, 0xFFFF, 0xFFFF, 0xFFFF, 0xFFFF, 0xFFFF, 0xFFFF, 0xFFFF, 0xFFFF, 0xFFFF,   // 0x3440 (13376)
0xFFFF, 0xFFFF, 0xF7DF, 0xFFFF, 0xFFFF, 0xFFFF, 0xFFFF, 0xFFFF, 0xFFFF, 0xFFFF, 0xF7FF, 0xFFFF, 0xFFFF, 0xFFFF, 0xFFFF, 0xFFFF,   // 0x3450 (13392)
0xFFFF, 0xFFFF, 0xFFFF, 0xFFFF, 0xFFFF, 0xFFFF, 0xF7FF, 0xEFDE, 0xF7FF, 0xFFFF, 0xFFFF, 0xFFFF, 0xFFFF, 0xFFFF, 0xFFFF, 0xFFFF,   // 0x3460 (13408)
0xFFFF, 0xFFFF, 0xFFFF, 0xFFFF, 0xFFFF, 0xFFFF, 0xFFFF, 0xFFFF, 0xFFFF, 0xFFFF, 0xFFFF, 0xFFFF, 0xFFFF, 0xFFFF, 0xFFFF, 0xFFFF,   // 0x3470 (13424)
0xFFFF, 0xE7BC, 0xDFBC, 0xDFBB, 0xDFBB, 0xDFBC, 0xDFBC, 0xE7DD, 0xBF59, 0xB758, 0xB758, 0xBF78, 0xBF78, 0xBF78, 0xBF78, 0xBF78,   // 0x3480 (13440)
0x8E3B, 0x8E3B, 0x8E3B, 0x8E5B, 0x8E5B, 0x8E3B, 0x8E3B, 0x8E3A, 0x9E7B, 0xD77E, 0xCF3D, 0xCF3D, 0xC73D, 0xCF3D, 0xCF3D, 0xCF3D,   // 0x3490 (13456)
0xE79E, 0xFFFF, 0xFFFF, 0xFFFF, 0xFFFF, 0xFFFF, 0xFFFF, 0xFFFF, 0xFFFF, 0xFFFF, 0xFFFF, 0xFFFF, 0xFFFF, 0xFFFF, 0xFFFF, 0xFFFF,   // 0x34A0 (13472)
0xFFFF, 0xFFFF, 0xFFFF, 0xFFFF, 0xFFFF, 0xFFFF, 0xFFFF, 0xFFFF, 0xFFFF, 0xFFFF, 0xFFFF, 0xFFFF, 0xFFFF, 0xFFFF, 0xFFFF, 0xFFFF,   // 0x34B0 (13488)
0xFFFF, 0xFFFF, 0xFFFF, 0xFFFF, 0xFFFF, 0xFFFF, 0xFFFF, 0xFFFF, 0xFFFF, 0xFFFF, 0xFFFF, 0xFFFF, 0xFFFF, 0xFFFF, 0xFFFF, 0xFFFF,   // 0x34C0 (13504)
0xFFFF, 0xFFFF, 0xFFFF, 0xFFFF, 0xFFFF, 0xFFFF, 0xFFFF, 0xFFFF, 0xFFFF, 0xFFFF, 0xFFFF, 0xFFFF, 0xFFFF, 0xFFFF, 0xFFFF, 0xFFFF,   // 0x34D0 (13520)
0xFFFF, 0xFFFF, 0xFFFF, 0xFFFF, 0xFFFF, 0xFFFF, 0xFFFF, 0xFFFF, 0xFFFF, 0xFFFF, 0xFFFF, 0xFFFF, 0xFFFF, 0xFFFF, 0xFFFF, 0xFFFF,   // 0x34E0 (13536)
0xFFFF, 0xFFFF, 0xFFFF, 0xFFFF, 0xFFFF, 0xFFFF, 0xFFFF, 0xFFFF, 0xFFFF, 0xFFFF, 0xFFFF, 0xFFFF, 0xFFFF, 0xFFFF, 0xFFFF, 0xFFFF,   // 0x34F0 (13552)
0xFFFF, 0xF7FE, 0xDFBC, 0xDFBC, 0xDFBB, 0xDFBC, 0xDFBC, 0xE7DD, 0xBF59, 0xB758, 0xB758, 0xB778, 0xBF78, 0xBF78, 0xBF78, 0xBF78,   // 0x3500 (13568)
0x8E3B, 0x8E3B, 0x8E3B, 0x8E5B, 0x8E5B, 0x8E3B, 0x8E3B, 0x8E3A, 0x9E7B, 0xD77E, 0xCF3D, 0xCF3D, 0xC73D, 0xC73D, 0xCF3D, 0xDF9E,   // 0x3510 (13584)
0xFFFF, 0xFFFF, 0xFFFF, 0xFFFF, 0xEFBE, 0xB69A, 0x9618, 0x9E38, 0xC6FB, 0xFFFF, 0xFFFF, 0xFFFF, 0xFFFF, 0xFFFF, 0xCF1C, 0xB69A,   // 0x3520 (13600)
0xB69A, 0xB69A, 0xB69A, 0xC6FB, 0xF7DF, 0xFFFF, 0xFFFF, 0xFFFF, 0xE77D, 0xB69A, 0xB69A, 0xB69A, 0xB69A, 0xBEBB, 0xE79E, 0xFFFF,   // 0x3530 (13616)
0xFFFF, 0xFFFF, 0xEFBE, 0x9E39, 0xD73C, 0xFFFF, 0xFFFF, 0xFFFF, 0xFFFF, 0xFFDF, 0xC6DB, 0x9E39, 0x95F8, 0xA659, 0xDF5D, 0xFFFF,   // 0x3540 (13632)
0xFFFF, 0xFFFF, 0xFFFF, 0xFFFF, 0xFFFF, 0xE77D, 0x9E39, 0xE77D, 0xFFFF, 0xFFFF, 0xFFFF, 0xFFFF, 0xFFFF, 0xEF9E, 0xB69A, 0xB69A,   // 0x3550 (13648)
0xB69A, 0xB69A, 0xCEFC, 0xF7BF, 0xFFFF, 0xFFFF, 0xFFFF, 0xFFFF, 0xFFFF, 0xFFFF, 0xFFFF, 0xE77D, 0xA659, 0x95F8, 0xA659, 0xD73D,   // 0x3560 (13664)
0xFFFF, 0xFFFF, 0xFFFF, 0xFFFF, 0xDF5D, 0x9E38, 0xDF7D, 0xFFFF, 0xDF5D, 0x9E39, 0xE77D, 0xFFFF, 0xDF5D, 0x9E39, 0xE77D, 0xFFFF,   // 0x3570 (13680)
0xFFFF, 0xFFFF, 0xE7DC, 0xDFBB, 0xDFBB, 0xDFBC, 0xDFBC, 0xE7DD, 0xBF59, 0xB758, 0xB758, 0xBF78, 0xBF78, 0xBF78, 0xBF78, 0xBF78,   // 0x3580 (13696)
0x8E3B, 0x8E3B, 0x8E3B, 0x8E3B, 0x8E3B, 0x8E3B, 0x8E3B, 0x8E3A, 0x9E7B, 0xD77E, 0xCF3D, 0xCF3D, 0xCF3D, 0xCF3D, 0xCF5D, 0xFFFF,   // 0x3590 (13712)
0xFFFF, 0xFFFF, 0xFFFF, 0x9618, 0x23F0, 0x1BD0, 0x1BD0, 0x1BD0, 0x1BD0, 0x4492, 0xD73D, 0xFFFF, 0xFFFF, 0xCF1C, 0x1BD0, 0x1BD0,   // 0x35A0 (13728)
0x1BD0, 0x1BD0, 0x1BD0, 0x1BD0, 0x2C11, 0xB69A, 0xFFFF, 0xFFFF, 0x2C31, 0x1BD0, 0x1BD0, 0x1BD0, 0x1BD0, 0x1BD0, 0x1BF0, 0x85B7,   // 0x35B0 (13744)
0xFFFF, 0xFFFF, 0x7576, 0x1BD0, 0x2C31, 0xFFFF, 0xFFFF, 0xFFFF, 0xB69A, 0x3431, 0x1BD0, 0x1BD0, 0x1BD0, 0x1BD0, 0x1BD0, 0x6D55,   // 0x35C0 (13760)
0xFFFF, 0xFFFF, 0xFFFF, 0xFFFF, 0xF7DF, 0x3431, 0x1BD0, 0x3451, 0xF7DF, 0xFFFF, 0xFFFF, 0xFFFF, 0xFFFF, 0x4492, 0x1BD0, 0x1BD0,   // 0x35D0 (13776)
0x1BD0, 0x1BD0, 0x1BD0, 0x23F0, 0x6D55, 0xEFBE, 0xFFFF, 0xFFFF, 0xFFFF, 0xF7DF, 0x7576, 0x1BD0, 0x1BD0, 0x1BD0, 0x1BD0, 0x1BD0,   // 0x35E0 (13792)
0x6514, 0xEFBE, 0xFFFF, 0xFFFF, 0x3C52, 0x1BD0, 0x4CB3, 0xFFFF, 0x3C52, 0x1BD0, 0x4CB3, 0xFFFF, 0x3452, 0x1BD0, 0x54D3, 0xFFFF,   // 0x35F0 (13808)
0xFFFF, 0xFFFF, 0xEFDD, 0xDFBC, 0xDFBB, 0xDFBC, 0xDFBC, 0xE7DD, 0xBF59, 0xB758, 0xB758, 0xBF78, 0xBF78, 0xBF78, 0xBF78, 0xBF78,   // 0x3600 (13824)
0x8E3B, 0x8E3B, 0x8E3B, 0x8E3B, 0x8E5B, 0x8E3B, 0x8E3B, 0x8E3A, 0x9E7B, 0xD77E, 0xCF5D, 0xCF3D, 0xCF3D, 0xCF3D, 0xDF9E, 0xFFFF,   // 0x3610 (13840)
0xFFFF, 0xFFFF, 0x9E39, 0x1BD0, 0x1BD0, 0x1BF0, 0x4C93, 0x3C52, 0x1BD0, 0x1BD0, 0x2C31, 0xE79E, 0xFFFF, 0xAE9A, 0x1BD0, 0x1BD0,   // 0x3620 (13856)
0x5CF4, 0x6D55, 0x6535, 0x23F0, 0x1BD0, 0x2C11, 0xF7DF, 0xF7BF, 0x1BD0, 0x1BD0, 0x3431, 0x5CF4, 0x54D4, 0x2C11, 0x1BD0, 0x1BD0,   // 0x3630 (13872)
0xBEBB, 0xFFFF, 0x6515, 0x1BD0, 0x1BD0, 0xFFFF, 0xFFFF, 0xBEBB, 0x1BD0, 0x1BD0, 0x1BD0, 0x3431, 0x4493, 0x2C11, 0x1BD0, 0x3C72,   // 0x3640 (13888)
0xFFFF, 0xFFFF, 0xFFFF, 0xFFFF, 0x9E39, 0x1BD0, 0x1BD0, 0x1BD0, 0x9E39, 0xFFFF, 0xFFFF, 0xFFFF, 0xFFFF, 0x23F0, 0x1BD0, 0x2410,   // 0x3650 (13904)
0x4472, 0x3C52, 0x1BF0, 0x1BD0, 0x1BD0, 0x4472, 0xF7BE, 0xFFFF, 0xFFFF, 0x6535, 0x1BD0, 0x1BD0, 0x2411, 0x4CB3, 0x2C31, 0x1BD0,   // 0x3660 (13920)
0x1BD0, 0x4CB3, 0xFFFF, 0xFFFF, 0x3431, 0x1BD0, 0x4492, 0xFFFF, 0x2C31, 0x1BD0, 0x4493, 0xFFFF, 0x2C11, 0x1BD0, 0x4493, 0xFFFF,   // 0x3670 (13936)
0xFFFF, 0xFFFF, 0xEFDD, 0xDFBC, 0xDFBC, 0xDFBC, 0xDFBC, 0xE7DD, 0xBF59, 0xB758, 0xB758, 0xBF78, 0xBF78, 0xBF78, 0xBF78, 0xBF78,   // 0x3680 (13952)
0x8E3B, 0x8E5B, 0x8E3B, 0x8E5B, 0x8E5B, 0x8E5B, 0x8E5B, 0x8E5A, 0x9E7B, 0xDF7E, 0xCF3D, 0xCF3D, 0xCF3D, 0xCF3D, 0xEFBF, 0xFFFF,   // 0x3690 (13968)
0xFFFF, 0xF7BF, 0x2C11, 0x1BD0, 0x2C11, 0xD73D, 0xFFFF, 0xFFFF, 0x8DD7, 0x1BD0, 0x1BD0, 0x7576, 0xFFFF, 0xAE9A, 0x1BD0, 0x1BD0,   // 0x36A0 (13984)
0xCF1C, 0xFFFF, 0xFFFF, 0x8DF8, 0x1BD0, 0x1BD0, 0xE77E, 0xF7BF, 0x1BD0, 0x1BD0, 0x6D55, 0xFFFF, 0xFFFF, 0xE77E, 0x1BD0, 0x1BD0,   // 0x36B0 (14000)
0x7DB7, 0xFFFF, 0x6515, 0x1BD0, 0x1BD0, 0xFFFF, 0xFFFF, 0x3C52, 0x1BD0, 0x1BF0, 0xB69A, 0xFFFF, 0xFFFF, 0xFFFF, 0xC6FC, 0xDF5D,   // 0x36C0 (14016)
0xFFFF, 0xFFFF, 0xFFFF, 0xFFFF, 0x3452, 0x1BD0, 0x3C52, 0x1BD0, 0x3452, 0xFFFF, 0xFFFF, 0xFFFF, 0xFFFF, 0x23F0, 0x1BD0, 0x5CF4,   // 0x36D0 (14032)
0xFFFF, 0xFFFF, 0xEFBE, 0x6535, 0x1BD0, 0x1BD0, 0x8DD7, 0xFFFF, 0xCEFC, 0x1BD0, 0x1BD0, 0x4C93, 0xEFBE, 0xFFFF, 0xF7DF, 0x5CF4,   // 0x36E0 (14048)
0x1BD0, 0x1BD0, 0xAE7A, 0xFFFF, 0x4CB3, 0x1BD0, 0x5CF4, 0xFFFF, 0x4C93, 0x1BD0, 0x5D14, 0xFFFF, 0x4493, 0x1BD0, 0x6515, 0xFFFF,   // 0x36F0 (14064)
0xFFFF, 0xFFFF, 0xE7DC, 0xDFBC, 0xDFBB, 0xDFBB, 0xDFBC, 0xE7DD, 0xBF59, 0xB758, 0xB758, 0xBF78, 0xBF78, 0xBF78, 0xBF78, 0xB778,   // 0x3700 (14080)
0x8E3B, 0x8E3B, 0x8E5B, 0x8E5B, 0x8E5B, 0x8E5B, 0x8E5A, 0x8E3A, 0x9E7B, 0xD77E, 0xCF3D, 0xCF3D, 0xCF3D, 0xCF3D, 0xF7DF, 0xFFFF,   // 0x3710 (14096)
0xFFFF, 0xBEBB, 0x1BD0, 0x1BD0, 0x85B7, 0xFFFF, 0xFFFF, 0xFFFF, 0xFFFF, 0x2C11, 0x1BD0, 0x3431, 0xFFFF, 0xAE9A, 0x1BD0, 0x1BD0,   // 0x3720 (14112)
0xA659, 0xCEFC, 0xC6DB, 0x4CB3, 0x1BD0, 0x4492, 0xFFFF, 0xF7BF, 0x1BD0, 0x1BD0, 0x6D55, 0xFFFF, 0xFFFF, 0xE77E, 0x1BD0, 0x1BD0,   // 0x3730 (14128)
0x85D7, 0xFFFF, 0x6515, 0x1BD0, 0x1BD0, 0xFFFF, 0xCF1C, 0x1BD0, 0x1BD0, 0x6D55, 0xFFFF, 0xFFFF, 0xFFFF, 0xFFFF, 0xFFFF, 0xFFFF,   // 0x3740 (14144)
0xFFFF, 0xFFFF, 0xFFFF, 0xAE7A, 0x1BD0, 0x23F0, 0xDF5D, 0x23F0, 0x1BD0, 0xAE7A, 0xFFFF, 0xFFFF, 0xFFFF, 0x23F0, 0x1BD0, 0x5CF4,   // 0x3750 (14160)
0xFFFF, 0xFFFF, 0xFFFF, 0xEFBE, 0x23F0, 0x1BD0, 0x4493, 0xFFFF, 0x85B7, 0x1BD0, 0x1BD0, 0xBEBB, 0xFFFF, 0xFFFF, 0xFFFF, 0xD73C,   // 0x3760 (14176)
0x1BD0, 0x1BD0, 0x6535, 0xFFFF, 0x6535, 0x1BD0, 0x7576, 0xFFFF, 0x6515, 0x1BD0, 0x7D96, 0xFFFF, 0x6514, 0x1BD0, 0x7D96, 0xFFFF,   // 0x3770 (14192)
0xFFFF, 0xFFFF, 0xE7BC, 0xDFBC, 0xDFBC, 0xDFBB, 0xDFBC, 0xE7DD, 0xBF58, 0xB758, 0xB758, 0xBF78, 0xBF78, 0xBF78, 0xBF78, 0x7E15,   // 0x3780 (14208)
0x8E3B, 0x8E3B, 0x8E5B, 0x8E5B, 0x8E5B, 0x8E5B, 0x8E5B, 0x8E5A, 0x9E7B, 0xDF7E, 0xCF3D, 0xCF3D, 0xC73D, 0xC73D, 0xFFFF, 0xFFFF,   // 0x3790 (14224)
0xFFFF, 0x9E39, 0x1BD0, 0x1BD0, 0xAE7A, 0xFFFF, 0xFFFF, 0xFFFF, 0xFFFF, 0x4CB3, 0x1BD0, 0x1BD0, 0xFFDF, 0xAE9A, 0x1BD0, 0x1BD0,   // 0x37A0 (14240)
0x1BD0, 0x1BD0, 0x1BD0, 0x1BD0, 0x2C11, 0xDF5D, 0xFFFF, 0xF7BF, 0x1BD0, 0x1BD0, 0x2C31, 0x54D3, 0x4CB3, 0x2411, 0x1BD0, 0x1BD0,   // 0x37B0 (14256)
0xD73C, 0xFFFF, 0x6515, 0x1BD0, 0x1BD0, 0xFFFF, 0xB69A, 0x1BD0, 0x1BD0, 0x9E18, 0xFFFF, 0xEFBE, 0x54F4, 0x4493, 0x4493, 0x6D55,   // 0x37C0 (14272)
0xFFFF, 0xFFFF, 0xFFFF, 0x4492, 0x1BD0, 0x7556, 0xFFFF, 0x6D55, 0x1BD0, 0x4492, 0xFFFF, 0xFFFF, 0xFFFF, 0x23F0, 0x1BD0, 0x5CF4,   // 0x37D0 (14288)
0xFFFF, 0xFFFF, 0xFFFF, 0xFFFF, 0x3C72, 0x1BD0, 0x2C11, 0xFFFF, 0x6D35, 0x1BD0, 0x1BD0, 0xE77D, 0xFFFF, 0xFFFF, 0xFFFF, 0xFFFF,   // 0x37E0 (14304)
0x1BD0, 0x1BD0, 0x4CB3, 0xFFFF, 0x7D97, 0x1BD0, 0x8DF8, 0xFFFF, 0x7D96, 0x1BD0, 0x95F8, 0xFFFF, 0x7D96, 0x1BD0, 0x9618, 0xFFFF,   // 0x37F0 (14320)
0xFFFF, 0xFFFF, 0xDFBC, 0xDFBB, 0xDFBB, 0xDFBB, 0xDFBC, 0xE7BC, 0xBF58, 0xB758, 0xB758, 0xBF78, 0xBF78, 0xBF78, 0xB778, 0x4D12,   // 0x3800 (14336)
0x8E5B, 0x8E5B, 0x8E5B, 0x8E5B, 0x8E5B, 0x8E5B, 0x8E5B, 0x8E5A, 0x9E7B, 0xDF7E, 0xCF3D, 0xCF3D, 0xC73D, 0xC71D, 0xFFFF, 0xFFFF,   // 0x3810 (14352)
0xFFFF, 0xA639, 0x1BD0, 0x1BD0, 0xA659, 0xFFFF, 0xFFFF, 0xFFFF, 0xFFFF, 0x4493, 0x1BD0, 0x23F0, 0xFFFF, 0xAE9A, 0x1BD0, 0x1BD0,   // 0x3820 (14368)
0x4C93, 0x54D4, 0x54D3, 0x2410, 0x1BD0, 0x4472, 0xF7DF, 0xF7BF, 0x1BD0, 0x1BD0, 0x1BD0, 0x1BD0, 0x1BD0, 0x1BD0, 0x3C52, 0xB69A,   // 0x3830 (14384)
0xFFFF, 0xFFFF, 0x6515, 0x1BD0, 0x1BD0, 0xFFFF, 0xB69A, 0x1BD0, 0x1BD0, 0x9618, 0xFFFF, 0xE77D, 0x23F0, 0x1BD0, 0x1BD0, 0x1BD0,   // 0x3840 (14400)
0xF7DF, 0xFFFF, 0xBEDB, 0x1BD0, 0x1BD0, 0xAE7A, 0xDF5D, 0xAE7A, 0x1BD0, 0x1BD0, 0xBEDB, 0xFFFF, 0xFFFF, 0x23F0, 0x1BD0, 0x5CF4,   // 0x3850 (14416)
0xFFFF, 0xFFFF, 0xFFFF, 0xFFFF, 0x3451, 0x1BD0, 0x3431, 0xFFFF, 0x6D55, 0x1BD0, 0x1BD0, 0xDF5D, 0xFFFF, 0xFFFF, 0xFFFF, 0xF7BF,   // 0x3860 (14432)
0x1BD0, 0x1BD0, 0x54D4, 0xFFFF, 0x9E38, 0x1BD0, 0xAE7A, 0xFFFF, 0x9E18, 0x1BD0, 0xAE7A, 0xFFFF, 0x9618, 0x1BD0, 0xAE7A, 0xFFFF,   // 0x3870 (14448)
0xFFFF, 0xFFFF, 0xDFBB, 0xDFBB, 0xDFBB, 0xDFBB, 0xDFBC, 0xE7DC, 0xBF58, 0xB758, 0xB758, 0xBF78, 0xBF78, 0xBF78, 0x9EF7, 0x4512,   // 0x3880 (14464)
0x8E5B, 0x8E3B, 0x8E5B, 0x965B, 0x8E5B, 0x8E5B, 0x8E5B, 0x8E5A, 0x9E7B, 0xD77E, 0xCF3D, 0xC73D, 0xC71D, 0xBF1D, 0xF7DF, 0xFFFF,   // 0x3890 (14480)
0xFFFF, 0xCEFC, 0x1BD0, 0x1BD0, 0x6D35, 0xFFFF, 0xFFFF, 0xFFFF, 0xE79E, 0x23F0, 0x1BD0, 0x4493, 0xFFFF, 0xAE9A, 0x1BD0, 0x1BD0,   // 0x38A0 (14496)
0xCF1C, 0xFFFF, 0xFFFF, 0xC6FB, 0x1BD0, 0x1BD0, 0xB69A, 0xF7BF, 0x1BD0, 0x1BD0, 0x6514, 0xD73D, 0x6535, 0x1BD0, 0x2C11, 0xC6FB,   // 0x38B0 (14512)
0xFFFF, 0xFFFF, 0x6515, 0x1BD0, 0x1BD0, 0xFFFF, 0xDF5D, 0x1BD0, 0x1BD0, 0x54D4, 0xFFFF, 0xFFFF, 0xF7DF, 0xCF1C, 0x1BD0, 0x1BD0,   // 0x38C0 (14528)
0xF7DF, 0xFFFF, 0x54D4, 0x1BD0, 0x1BD0, 0x1BD0, 0x1BD0, 0x1BD0, 0x1BD0, 0x1BD0, 0x54D4, 0xFFFF, 0xFFFF, 0x23F0, 0x1BD0, 0x5CF4,   // 0x38D0 (14544)
0xFFFF, 0xFFFF, 0xFFFF, 0xD73C, 0x1BD0, 0x1BD0, 0x5CF4, 0xFFFF, 0x9618, 0x1BD0, 0x1BD0, 0x9E39, 0xFFFF, 0xFFFF, 0xFFFF, 0xB69A,   // 0x38E0 (14560)
0x1BD0, 0x1BD0, 0x7D96, 0xFFFF, 0xE79E, 0x7D97, 0xEFBE, 0xFFFF, 0xE79E, 0x7DB7, 0xEFBE, 0xFFFF, 0xE77E, 0x7DB7, 0xEFBE, 0xFFFF,   // 0x38F0 (14576)
0xFFFF, 0xFFFF, 0xDFBC, 0xDFBB, 0xDFBB, 0xDFBB, 0xDFBC, 0xE7DC, 0xBF58, 0xB758, 0xB758, 0xB778, 0xBF78, 0xBF78, 0x9EB6, 0x4513,   // 0x3900 (14592)
0x8E5B, 0x8E5B, 0x965B, 0x965B, 0x8E5B, 0x8E5B, 0x8E5B, 0x8E5A, 0x9E7B, 0xD77E, 0xCF3D, 0xC73D, 0xBF1D, 0xBEFC, 0xDF9E, 0xFFFF,   // 0x3910 (14608)
0xFFFF, 0xFFFF, 0x4472, 0x1BD0, 0x1BD0, 0x95F8, 0xE77D, 0xCF1C, 0x4CD3, 0x1BD0, 0x1BD0, 0x9E39, 0xFFFF, 0xAE9A, 0x1BD0, 0x1BD0,   // 0x3920 (14624)
0xCF1C, 0xFFFF, 0xFFFF, 0xA659, 0x1BD0, 0x1BD0, 0xAE7A, 0xF7BF, 0x1BD0, 0x1BD0, 0x6D55, 0xFFFF, 0xEF9E, 0x2410, 0x1BD0, 0x3C52,   // 0x3930 (14640)
0xFFDF, 0xFFFF, 0x6515, 0x1BD0, 0x1BD0, 0xFFFF, 0xFFFF, 0x4CB3, 0x1BD0, 0x1BD0, 0x7576, 0xD73C, 0xE79E, 0xB69A, 0x1BD0, 0x1BD0,   // 0x3940 (14656)
0xF7DF, 0xCF1C, 0x1BD0, 0x1BD0, 0x2C31, 0x3431, 0x3431, 0x3431, 0x2C31, 0x1BD0, 0x1BD0, 0xCF1C, 0xFFFF, 0x23F0, 0x1BD0, 0x4CB3,   // 0x3950 (14672)
0xDF5D, 0xD71C, 0xA659, 0x3431, 0x1BD0, 0x1BD0, 0xB69A, 0xFFFF, 0xE77E, 0x23F0, 0x1BD0, 0x2C11, 0xB69A, 0xE77D, 0xBEBB, 0x3431,   // 0x3960 (14688)
0x1BD0, 0x1BD0, 0xD73C, 0xFFFF, 0xAE7A, 0x5D14, 0xB6BA, 0xFFFF, 0xAE7A, 0x5D14, 0xBEBA, 0xFFFF, 0xAE7A, 0x5D14, 0xBEBB, 0xFFFF,   // 0x3970 (14704)
0xFFFF, 0xFFFF, 0xE7DC, 0xDFBB, 0xDFBB, 0xDFBB, 0xDFBC, 0xE7DC, 0xBF58, 0xB758, 0xB758, 0xB778, 0xBF78, 0xBF78, 0xAF38, 0x3CF2,   // 0x3980 (14720)
0x8E3B, 0x8E5B, 0x965B, 0x965B, 0x8E5B, 0x8E5B, 0x8E5B, 0x8E5A, 0x9E7B, 0xD77E, 0xCF3D, 0xC73D, 0xBF1D, 0xB6FC, 0xC71D, 0xFFFF,   // 0x3990 (14736)
0xFFFF, 0xFFFF, 0xCF1C, 0x2410, 0x1BD0, 0x1BD0, 0x1BD0, 0x1BD0, 0x1BD0, 0x1BD0, 0x5CF4, 0xFFFF, 0xFFFF, 0xB69A, 0x1BD0, 0x1BD0,   // 0x39A0 (14752)
0x23F0, 0x23F0, 0x23F0, 0x1BD0, 0x1BD0, 0x2C11, 0xEF9E, 0xF7DF, 0x1BD0, 0x1BD0, 0x6D55, 0xFFFF, 0xFFFF, 0x8DD8, 0x1BD0, 0x1BD0,   // 0x39B0 (14768)
0x9E39, 0xFFFF, 0x6515, 0x1BD0, 0x1BD0, 0xFFFF, 0xFFFF, 0xD73D, 0x2C11, 0x1BD0, 0x1BD0, 0x1BD0, 0x1BD0, 0x1BD0, 0x1BD0, 0x1BD0,   // 0x39C0 (14784)
0xFFDF, 0x6D35, 0x1BD0, 0x3431, 0xFFDF, 0xFFFF, 0xFFFF, 0xFFFF, 0xFFDF, 0x2C31, 0x1BD0, 0x6535, 0xFFFF, 0x2411, 0x1BD0, 0x1BD0,   // 0x39D0 (14800)
0x1BD0, 0x1BD0, 0x1BD0, 0x1BD0, 0x1BD0, 0x7D96, 0xFFFF, 0xFFFF, 0xFFFF, 0xA639, 0x1BD0, 0x1BD0, 0x1BD0, 0x1BD0, 0x1BD0, 0x1BD0,   // 0x39E0 (14816)
0x1BD0, 0x8DD8, 0xFFFF, 0xFFFF, 0x2C31, 0x1BD0, 0x3C72, 0xFFFF, 0x2C11, 0x1BD0, 0x3C72, 0xFFFF, 0x2C11, 0x1BD0, 0x4472, 0xFFFF,   // 0x39F0 (14832)
0xFFFF, 0xFFFF, 0xE7DD, 0xD7BB, 0xDFBB, 0xDFBB, 0xDFBC, 0xE7DC, 0xBF58, 0xB758, 0xB758, 0xB778, 0xBF78, 0xBF78, 0xBF78, 0x5553,   // 0x3A00 (14848)
0x8E5B, 0x965B, 0x965B, 0x965B, 0x8E5B, 0x8E5B, 0x8E5B, 0x8E5A, 0x9E7B, 0xD77E, 0xCF3D, 0xC71D, 0xBEFC, 0xB6DC, 0xAEDB, 0xEFBE,   // 0x3A10 (14864)
0xFFFF, 0xFFFF, 0xFFFF, 0xD73D, 0x5D14, 0x23F0, 0x1BD0, 0x1BD0, 0x3431, 0x8DD7, 0xFFDF, 0xFFFF, 0xFFFF, 0xE77E, 0x3C52, 0x1BD0,   // 0x3A20 (14880)
0x1BD0, 0x1BD0, 0x1BD0, 0x2C11, 0x5CF4, 0xD73D, 0xFFFF, 0xFFFF, 0x4493, 0x1BD0, 0xA639, 0xFFFF, 0xFFFF, 0xF7DF, 0x4492, 0x1BD0,   // 0x3A30 (14896)
0x95F8, 0xFFFF, 0x9618, 0x1BD0, 0x4CB3, 0xFFFF, 0xFFFF, 0xFFFF, 0xE77D, 0x6D35, 0x23F0, 0x1BD0, 0x1BD0, 0x1BD0, 0x3C52, 0x8DF8,   // 0x3A40 (14912)
0xFFFF, 0x6515, 0x1BD0, 0x9E39, 0xFFFF, 0xFFFF, 0xFFFF, 0xFFFF, 0xFFFF, 0x9E39, 0x1BD0, 0x54F4, 0xFFFF, 0x7576, 0x23F0, 0x1BD0,   // 0x3A50 (14928)
0x1BD0, 0x23F0, 0x3431, 0x6514, 0xBEBB, 0xFFFF, 0xFFFF, 0xFFFF, 0xFFFF, 0xFFFF, 0xBEBB, 0x4CB3, 0x1BD0, 0x1BD0, 0x1BD0, 0x4472,   // 0x3A60 (14944)
0xAE7A, 0xFFFF, 0xFFFF, 0xFFFF, 0x6D35, 0x1BD0, 0x7D96, 0xFFFF, 0x6D35, 0x1BD0, 0x7D96, 0xFFFF, 0x6535, 0x1BD0, 0x7D96, 0xFFFF,   // 0x3A70 (14960)
0xFFFF, 0xFFFF, 0xE7DC, 0xD7BB, 0xDFBB, 0xDFBB, 0xDFBC, 0xE7DC, 0xBF58, 0xB758, 0xB778, 0xB778, 0xBF78, 0xBF78, 0xBF78, 0xA6F7,   // 0x3A80 (14976)
0x8E5B, 0x965B, 0x965B, 0x965B, 0x965B, 0x8E5B, 0x8E5B, 0x8E5A, 0x9E7B, 0xD77E, 0xCF3D, 0xBF1D, 0xB6FC, 0xAEDC, 0xAEDC, 0xB6FC,   // 0x3A90 (14992)
0xFFFF, 0xFFFF, 0xFFFF, 0xFFFF, 0xFFFF, 0xF7DF, 0xDF5D, 0xE77E, 0xFFFF, 0xFFFF, 0xFFFF, 0xFFFF, 0xFFFF, 0xFFFF, 0xFFFF, 0xFFFF,   // 0x3AA0 (15008)
0xFFFF, 0xFFFF, 0xFFFF, 0xFFFF, 0xFFFF, 0xFFFF, 0xFFFF, 0xFFFF, 0xFFFF, 0xEF9E, 0xFFFF, 0xFFFF, 0xFFFF, 0xFFFF, 0xFFFF, 0xE79E,   // 0x3AB0 (15024)
0xFFFF, 0xFFFF, 0xFFFF, 0xEF9E, 0xFFFF, 0xFFFF, 0xFFFF, 0xFFFF, 0xFFFF, 0xFFFF, 0xFFFF, 0xE77D, 0xDF5D, 0xEFBE, 0xFFFF, 0xFFFF,   // 0x3AC0 (15040)
0xFFFF, 0xFFFF, 0xE79E, 0xFFFF, 0xFFFF, 0xFFFF, 0xFFFF, 0xFFFF, 0xFFFF, 0xFFFF, 0xEF9E, 0xFFDF, 0xFFFF, 0xFFFF, 0xFFFF, 0xFFFF,   // 0x3AD0 (15056)
0xFFFF, 0xFFFF, 0xFFFF, 0xFFFF, 0xFFFF, 0xFFFF, 0xFFFF, 0xFFFF, 0xFFFF, 0xFFFF, 0xFFFF, 0xFFFF, 0xEFBE, 0xDF5D, 0xEF9E, 0xFFFF,   // 0x3AE0 (15072)
0xFFFF, 0xFFFF, 0xFFFF, 0xFFFF, 0xFFFF, 0xF7BF, 0xFFFF, 0xFFFF, 0xFFFF, 0xF7BF, 0xFFFF, 0xFFFF, 0xFFFF, 0xF7BF, 0xFFFF, 0xFFFF,   // 0x3AF0 (15088)
0xFFFF, 0xFFFF, 0xDFBC, 0xD7BB, 0xDFBB, 0xDFBB, 0xDFBC, 0xE7DC, 0xBF58, 0xB758, 0xB758, 0xB778, 0xBF78, 0xBF78, 0xBF78, 0xBF78,   // 0x3B00 (15104)
0x965B, 0x965B, 0x965B, 0x965B, 0x965B, 0x8E5B, 0x8E5A, 0x8E5A, 0x967B, 0xD77E, 0xC73D, 0xBF1D, 0xB6FC, 0xAEDC, 0xAEDC, 0xAEDC,   // 0x3B10 (15120)
0xC71C, 0xFFFF, 0xFFFF, 0xFFFF, 0xFFFF, 0xFFFF, 0xFFFF, 0xFFFF, 0xFFFF, 0xFFFF, 0xFFFF, 0xFFFF, 0xFFFF, 0xFFFF, 0xFFFF, 0xFFFF,   // 0x3B20 (15136)
0xFFFF, 0xFFFF, 0xFFFF, 0xFFFF, 0xFFFF, 0xFFFF, 0xFFFF, 0xFFFF, 0xFFFF, 0xFFFF, 0xFFFF, 0xFFFF, 0xFFFF, 0xFFFF, 0xFFFF, 0xFFFF,   // 0x3B30 (15152)
0xFFFF, 0xFFFF, 0xFFFF, 0xFFFF, 0xFFFF, 0xFFFF, 0xFFFF, 0xFFFF, 0xFFFF, 0xFFFF, 0xFFFF, 0xFFFF, 0xFFFF, 0xFFFF, 0xFFFF, 0xFFFF,   // 0x3B40 (15168)
0xFFFF, 0xFFFF, 0xFFFF, 0xFFFF, 0xFFFF, 0xFFFF, 0xFFFF, 0xFFFF, 0xFFFF, 0xFFFF, 0xFFFF, 0xFFFF, 0xFFFF, 0xFFFF, 0xFFFF, 0xFFFF,   // 0x3B50 (15184)
0xFFFF, 0xFFFF, 0xFFFF, 0xFFFF, 0xFFFF, 0xFFFF, 0xFFFF, 0xF7FF, 0xFFFF, 0xFFFF, 0xFFFF, 0xFFFF, 0xFFFF, 0xFFFF, 0xFFFF, 0xFFFF,   // 0x3B60 (15200)
0xFFFF, 0xFFFF, 0xFFFF, 0xFFFF, 0xFFFF, 0xFFFF, 0xFFFF, 0xFFFF, 0xFFFF, 0xFFFF, 0xFFFF, 0xFFFF, 0xFFFF, 0xFFFF, 0xFFFF, 0xFFFF,   // 0x3B70 (15216)
0xFFFF, 0xEFDD, 0xD7BB, 0xD7BB, 0xDFBB, 0xDFBB, 0xDFBC, 0xE7DC, 0xBF58, 0xB757, 0xB758, 0xB778, 0xBF78, 0xBF78, 0xBF78, 0xBF77,   // 0x3B80 (15232)
0x965B, 0x965B, 0x965B, 0x965B, 0x965B, 0x8E5B, 0x8E5A, 0x8E5A, 0x967B, 0xD75E, 0xC71D, 0xBF1C, 0xB6FC, 0xAEDC, 0xAEDC, 0xB6FC,   // 0x3B90 (15248)
0xB6FC, 0xC73D, 0xE7BE, 0xFFFF, 0xFFFF, 0xFFFF, 0xFFFF, 0xFFFF, 0xFFFF, 0xFFFF, 0xFFFF, 0xE7BE, 0xF7DF, 0xFFFF, 0xFFFF, 0xFFFF,   // 0x3BA0 (15264)
0xFFFF, 0xFFFF, 0xFFFF, 0xFFFF, 0xFFFF, 0xFFFF, 0xFFFF, 0xFFFF, 0xFFFF, 0xFFFF, 0xFFFF, 0xFFFF, 0xFFFF, 0xFFFF, 0xFFFF, 0xFFFF,   // 0x3BB0 (15280)
0xFFFF, 0xFFFF, 0xFFFF, 0xFFFF, 0xFFFF, 0xFFFF, 0xFFFF, 0xF7FF, 0xFFFF, 0xFFFF, 0xFFFF, 0xFFFF, 0xFFFF, 0xFFFF, 0xFFFF, 0xFFFF,   // 0x3BC0 (15296)
0xFFFF, 0xFFFF, 0xFFFF, 0xFFFF, 0xFFFF, 0xF7FF, 0xEFDE, 0xF7FF, 0xFFFF, 0xFFFF, 0xFFFF, 0xFFFF, 0xFFFF, 0xFFFF, 0xFFFF, 0xFFFF,   // 0x3BD0 (15312)
0xFFFF, 0xFFFF, 0xFFFF, 0xFFFF, 0xFFFF, 0xFFFF, 0xEFDE, 0xE7BD, 0xEFDD, 0xFFFF, 0xFFFF, 0xFFFF, 0xFFFF, 0xFFFF, 0xFFFF, 0xFFFF,   // 0x3BE0 (15328)
0xFFFF, 0xFFFF, 0xF7DE, 0xFFFF, 0xFFFF, 0xFFFF, 0xFFFF, 0xFFFF, 0xFFFF, 0xFFFF, 0xFFFF, 0xFFFF, 0xFFFF, 0xFFFF, 0xFFFF, 0xFFFF,   // 0x3BF0 (15344)
0xEFDE, 0xD7BB, 0xD7BB, 0xD7BB, 0xDFBB, 0xDFBB, 0xDFBC, 0xE7DC, 0xBF58, 0xB757, 0xB758, 0xB778, 0xBF78, 0xBF78, 0xBF77, 0xBF77,   // 0x3C00 (15360)
0x965B, 0x965B, 0x965B, 0x965B, 0x8E5B, 0x8E5A, 0x8E5A, 0x8E5A, 0x967B, 0xD75E, 0xBF1D, 0xBEFC, 0xB6FC, 0xB6FC, 0xB6FC, 0xB6FC,   // 0x3C10 (15376)
0xBF1C, 0xBF1C, 0xC71D, 0xCF5D, 0xDF9E, 0xEFBE, 0xEFBF, 0xEFBE, 0xE7BE, 0xDF9E, 0xCF7D, 0xCF5D, 0xD77D, 0xDF9E, 0xE7BE, 0xEFBE,   // 0x3C20 (15392)
0xEFBE, 0xEFBE, 0xEFBE, 0xEFBE, 0xE7BE, 0xE79E, 0xDF9E, 0xEFBE, 0xF7DF, 0xF7DF, 0xF7DF, 0xEFBE, 0xE7BE, 0xEFDE, 0xF7DF, 0xF7DF,   // 0x3C30 (15408)
0xF7DF, 0xEFDE, 0xF7DF, 0xF7DF, 0xF7DF, 0xF7DF, 0xEFDE, 0xEFBE, 0xEFDE, 0xF7DF, 0xF7FF, 0xFFFF, 0xFFFF, 0xFFFF, 0xF7FF, 0xF7DF,   // 0x3C40 (15424)
0xF7DE, 0xFFFF, 0xFFFF, 0xF7FF, 0xF7DE, 0xEFDE, 0xEFDE, 0xEFDE, 0xF7DE, 0xF7FF, 0xFFFF, 0xF7FF, 0xF7DE, 0xF7FE, 0xF7FE, 0xF7FE,   // 0x3C50 (15440)
0xF7FE, 0xF7DE, 0xF7FE, 0xEFDE, 0xEFDD, 0xE7DD, 0xE7BD, 0xE7BD, 0xE7BD, 0xE7BD, 0xE7DD, 0xEFDE, 0xF7FE, 0xF7FE, 0xF7DE, 0xEFDE,   // 0x3C60 (15456)
0xE7DD, 0xDFBC, 0xDFBC, 0xE7BC, 0xEFDD, 0xF7DE, 0xEFDD, 0xE7DD, 0xEFDD, 0xEFDE, 0xEFDD, 0xE7DC, 0xEFDD, 0xEFDE, 0xEFDD, 0xDFBC,   // 0x3C70 (15472)
0xD79B, 0xD79B, 0xD79B, 0xD7BB, 0xDFBB, 0xDFBB, 0xDFBB, 0xE7DC, 0xBF58, 0xB757, 0xB758, 0xB778, 0xBF78, 0xBF78, 0xBF77, 0xBF77,   // 0x3C80 (15488)
0x965B, 0x8E5B, 0x965B, 0x965B, 0x965B, 0x8E5B, 0x8E5A, 0x8E5A, 0x9E7B, 0xCF5D, 0xBF1C, 0xB6FC, 0xB6FC, 0xB6FC, 0xBEFC, 0xBF1C,   // 0x3C90 (15504)
0xBF1C, 0xC73D, 0xC73D, 0xC73D, 0xCF3D, 0xCF3D, 0xCF5D, 0xCF5D, 0xCF5D, 0xCF5D, 0xCF5D, 0xCF5D, 0xCF5D, 0xD77D, 0xD77D, 0xD77D,   // 0x3CA0 (15520)
0xD77D, 0xD77D, 0xDF7D, 0xDF9D, 0xDF7D, 0xDF9D, 0xDF9D, 0xDF9E, 0xDF9E, 0xE79E, 0xE79E, 0xE79E, 0xE79E, 0xE7BE, 0xE7BE, 0xE7BE,   // 0x3CB0 (15536)
0xE7BE, 0xE7BE, 0xEFBE, 0xEFBE, 0xEFBE, 0xEFBE, 0xEFBE, 0xEFBE, 0xEFDE, 0xEFDE, 0xEFDE, 0xEFDE, 0xEFDE, 0xEFDE, 0xEFDE, 0xEFDE,   // 0x3CC0 (15552)
0xEFDE, 0xEFDE, 0xEFDE, 0xEFDE, 0xEFDE, 0xEFDE, 0xEFDE, 0xEFDE, 0xEFDE, 0xEFDE, 0xEFDE, 0xEFDE, 0xEFDE, 0xEFDD, 0xEFDD, 0xEFDD,   // 0x3CD0 (15568)
0xEFDD, 0xEFDD, 0xE7DD, 0xE7DD, 0xEFDD, 0xE7BD, 0xE7BD, 0xE7BD, 0xE7BD, 0xE7BD, 0xE7BD, 0xE7BD, 0xE7BC, 0xE7BC, 0xDFBC, 0xDFBC,   // 0x3CE0 (15584)
0xDFBC, 0xDFBC, 0xDFBC, 0xDFBC, 0xDFBC, 0xDFBC, 0xDFBC, 0xDFBB, 0xDFBB, 0xDFBB, 0xDFBB, 0xD7BB, 0xD7BB, 0xD7BB, 0xD7BB, 0xD7BB,   // 0x3CF0 (15600)
0xD79B, 0xD79B, 0xD7BB, 0xD7BB, 0xDFBB, 0xDFBB, 0xDFBC, 0xE7DC, 0xBF58, 0xAF57, 0xB758, 0xBF78, 0xBF77, 0xBF78, 0xBF77, 0xBF77,   // 0x3D00 (15616)
0x965B, 0x965B, 0x965B, 0x965B, 0x965B, 0x8E5B, 0x8E5A, 0x8E5A, 0x967A, 0xCF5D, 0xBF1C, 0xB6FC, 0xB6FC, 0xBEFC, 0xBF1C, 0xBF1C,   // 0x3D10 (15632)
0xC73D, 0xC73D, 0xC73D, 0xC73D, 0xCF3D, 0xCF5D, 0xCF5D, 0xCF5D, 0xCF5D, 0xCF5D, 0xCF5D, 0xCF5D, 0xCF5D, 0xCF7D, 0xD77D, 0xD77D,   // 0x3D20 (15648)
0xD77D, 0xD77D, 0xD77D, 0xDF7D, 0xDF7D, 0xDF9D, 0xDF9D, 0xDF9E, 0xDF9E, 0xDF9E, 0xE79E, 0xE79E, 0xE79E, 0xE7BE, 0xE7BE, 0xE7BE,   // 0x3D30 (15664)
0xE7BE, 0xE7BE, 0xEFBE, 0xEFBE, 0xEFBE, 0xEFDE, 0xEFDE, 0xEFDE, 0xEFDE, 0xEFDE, 0xEFDE, 0xEFDE, 0xEFDE, 0xEFDE, 0xEFDE, 0xEFDE,   // 0x3D40 (15680)
0xEFDE, 0xEFDE, 0xEFDE, 0xEFDE, 0xEFDE, 0xEFDE, 0xEFDE, 0xEFDE, 0xEFDE, 0xEFDE, 0xEFDD, 0xEFDE, 0xEFDE, 0xEFDE, 0xEFDD, 0xEFDD,   // 0x3D50 (15696)
0xEFDD, 0xE7DD, 0xE7DD, 0xE7DD, 0xE7DD, 0xE7BD, 0xE7BD, 0xE7BD, 0xE7BD, 0xE7BC, 0xE7BD, 0xE7BC, 0xE7BC, 0xDFBC, 0xDFBC, 0xDFBC,   // 0x3D60 (15712)
0xDFBC, 0xDFBC, 0xDFBC, 0xDFBC, 0xDFBC, 0xDFBC, 0xDFBB, 0xDFBB, 0xDFBB, 0xDFBB, 0xD7BB, 0xD7BB, 0xD7BB, 0xD7BB, 0xD7BB, 0xD7BB,   // 0x3D70 (15728)
0xD79B, 0xD79B, 0xD7BB, 0xDFBB, 0xDFBB, 0xDFBB, 0xDFBB, 0xE7DC, 0xBF58, 0xAF57, 0xB757, 0xB777, 0xBF77, 0xBF77, 0xBF77, 0xBF77,   // 0x3D80 (15744)
0x965B, 0x8E5A, 0x7E38, 0x8638, 0x8E5A, 0x8E5B, 0x8E5A, 0x8E5A, 0x967A, 0xCF5D, 0xBF1C, 0xBF1C, 0xBF1C, 0xBF1C, 0xBF1C, 0xC73D,   // 0x3D90 (15760)
0xC73D, 0xC73D, 0xC73D, 0xC73D, 0xC75D, 0xCF5D, 0xCF5D, 0xCF5D, 0xCF5D, 0xCF5D, 0xCF5D, 0xCF5D, 0xCF5D, 0xD77D, 0xD77D, 0xD77D,   // 0x3DA0 (15776)
0xD77D, 0xD77D, 0xD77D, 0xDF9D, 0xDF7D, 0xDF9D, 0xDF9D, 0xDF9D, 0xDF9E, 0xDF9E, 0xE79E, 0xE79E, 0xE79E, 0xE7BE, 0xE7BE, 0xE7BE,   // 0x3DB0 (15792)
0xE7BE, 0xE7BE, 0xEFBE, 0xEFBE, 0xEFDE, 0xEFDE, 0xEFDE, 0xEFDE, 0xEFDE, 0xEFDE, 0xEFDE, 0xEFDE, 0xEFDE, 0xEFDE, 0xEFDE, 0xEFDE,   // 0x3DC0 (15808)
0xEFDE, 0xEFDE, 0xEFDE, 0xEFDE, 0xEFDE, 0xEFDE, 0xEFDE, 0xEFDE, 0xEFDE, 0xEFDE, 0xEFDE, 0xEFDE, 0xEFDD, 0xEFDD, 0xEFDD, 0xEFDD,   // 0x3DD0 (15824)
0xEFDD, 0xE7DD, 0xE7DD, 0xE7DD, 0xE7BD, 0xE7BD, 0xE7BD, 0xE7BD, 0xE7BD, 0xE7BD, 0xE7BC, 0xE7DD, 0xE7BC, 0xDFBC, 0xDFBC, 0xDFBC,   // 0x3DE0 (15840)
0xDFBC, 0xDFBC, 0xDFBC, 0xDFBC, 0xDFBC, 0xDFBC, 0xDFBB, 0xDFBB, 0xDFBB, 0xDFBB, 0xD7BB, 0xD7BB, 0xD7BB, 0xD7BB, 0xD7BB, 0xD79B,   // 0x3DF0 (15856)
0xD79B, 0xD79B, 0xD7BB, 0xD7BB, 0xDFBB, 0xDFBB, 0xDFBC, 0xE7DC, 0xBF58, 0xAF57, 0xB757, 0xB777, 0xBF77, 0xBF77, 0xBF77, 0xBF77,   // 0x3E00 (15872)
0x8E5B, 0x8658, 0x7E57, 0x7E37, 0x7E38, 0x8E5A, 0x8E5A, 0x8E5A, 0x9659, 0xCF5D, 0xBF1C, 0xBF1C, 0xBF1C, 0xBF1C, 0xC73C, 0xC73C,   // 0x3E10 (15888)
0xC73D, 0xC73D, 0xC73D, 0xC73D, 0xC75D, 0xCF5D, 0xCF5D, 0xCF5D, 0xCF5D, 0xCF5D, 0xCF5D, 0xCF5D, 0xD75D, 0xD77D, 0xD77D, 0xD77D,   // 0x3E20 (15904)
0xD77D, 0xD77D, 0xD77D, 0xDF9D, 0xDF7D, 0xDF9D, 0xDF9D, 0xDF9D, 0xDF9E, 0xDF9E, 0xE79E, 0xE7BE, 0xE7BE, 0xE7BE, 0xE7BE, 0xE7BE,   // 0x3E30 (15920)
0xEFBE, 0xEFBE, 0xEFDE, 0xEFDE, 0xEFDE, 0xEFDE, 0xEFDE, 0xEFDE, 0xEFDE, 0xEFDE, 0xEFDE, 0xEFDE, 0xEFDE, 0xEFDE, 0xEFDE, 0xEFDE,   // 0x3E40 (15936)
0xEFDE, 0xEFDE, 0xEFDE, 0xEFDE, 0xEFDE, 0xEFDE, 0xEFDE, 0xEFDE, 0xEFDE, 0xEFDE, 0xEFDE, 0xEFDD, 0xEFDD, 0xEFDD, 0xEFDD, 0xEFDD,   // 0x3E50 (15952)
0xE7DD, 0xE7DD, 0xE7DD, 0xE7BD, 0xE7BD, 0xE7BD, 0xE7BD, 0xE7BD, 0xE7BD, 0xE7BD, 0xE7BD, 0xE7DC, 0xDFBC, 0xDFBC, 0xDFBC, 0xDFBC,   // 0x3E60 (15968)
0xDFBC, 0xDFBC, 0xDFBC, 0xDFBC, 0xDFBC, 0xDFBC, 0xDFBB, 0xDFBB, 0xDFBB, 0xDFBB, 0xD7BB, 0xD7BB, 0xD7BB, 0xD7BB, 0xD7BB, 0xD79B,   // 0x3E70 (15984)
0xD79B, 0xD79B, 0xD7BB, 0xD7BB, 0xDFBB, 0xDFBB, 0xDFBB, 0xE7DC, 0xBF58, 0xB757, 0xB757, 0xB757, 0xB778, 0xBF77, 0xB777, 0xB778,   // 0x3E80 (16000)
0x8658, 0x7E56, 0x7E56, 0x7E37, 0x7E37, 0x7E38, 0x8E5A, 0x8639, 0x8638, 0xCF5D, 0xC73C, 0xC73C, 0xC71C, 0xC73C, 0xC73C, 0xC73C,   // 0x3E90 (16016)
0xC73D, 0xC73D, 0xC73D, 0xC73D, 0xC75D, 0xCF5D, 0xCF5D, 0xCF5D, 0xCF5D, 0xCF5D, 0xCF5D, 0xCF5D, 0xCF5D, 0xD75D, 0xD77D, 0xD77D,   // 0x3EA0 (16032)
0xD77D, 0xD77D, 0xD77D, 0xDF9D, 0xDF7D, 0xDF9D, 0xDF9D, 0xDF9D, 0xDF9E, 0xE79E, 0xE7BE, 0xE7BE, 0xE7BE, 0xE7BE, 0xE7BE, 0xEFBE,   // 0x3EB0 (16048)
0xEFDE, 0xEFDE, 0xEFDE, 0xEFDE, 0xEFDE, 0xF7DE, 0xF7DE, 0xF7DE, 0xF7DE, 0xEFDE, 0xEFDE, 0xEFDE, 0xEFDE, 0xEFDE, 0xEFDE, 0xEFDE,   // 0x3EC0 (16064)
0xEFDE, 0xEFDE, 0xEFDE, 0xEFDE, 0xEFDE, 0xEFDE, 0xEFDE, 0xEFDE, 0xEFDE, 0xEFDE, 0xEFDD, 0xEFDD, 0xEFDD, 0xEFDD, 0xEFDD, 0xE7DD,   // 0x3ED0 (16080)
0xE7DD, 0xE7DD, 0xE7BD, 0xE7BD, 0xE7BD, 0xE7BD, 0xE7BD, 0xE7BD, 0xE7BD, 0xE7BD, 0xE7DD, 0xE7BC, 0xDFBC, 0xDFBC, 0xDFBC, 0xDFBC,   // 0x3EE0 (16096)
0xDFBC, 0xDFBC, 0xDFBC, 0xDFBC, 0xDFBC, 0xDFBB, 0xDFBB, 0xDFBB, 0xDFBB, 0xD7BB, 0xD7BB, 0xD7BB, 0xD7BB, 0xD7BB, 0xD79B, 0xD79B,   // 0x3EF0 (16112)
0xD7BB, 0xD79B, 0xD7BB, 0xD7BB, 0xDFBB, 0xDFBB, 0xDFBB, 0xE7DC, 0xBF58, 0xB757, 0xB757, 0xB757, 0xB777, 0xAF38, 0x9697, 0x75F7,   // 0x3F00 (16128)
0x8656, 0x7E56, 0x8E59, 0x8E5A, 0x7E37, 0x7E37, 0x7E37, 0x7617, 0x8638, 0xD77D, 0xC73C, 0xC73C, 0xC73D, 0xC73C, 0xC73C, 0xC73C,   // 0x3F10 (16144)
0xC73D, 0xC73D, 0xC73D, 0xC75D, 0xCF5D, 0xCF5D, 0xCF5D, 0xCF5D, 0xCF5D, 0xCF5D, 0xCF5D, 0xCF5D, 0xCF5D, 0xD75D, 0xD77D, 0xD77D,   // 0x3F20 (16160)
0xD77D, 0xD77D, 0xD77D, 0xD79D, 0xDF7D, 0xDF9D, 0xDF9E, 0xDF9E, 0xDF9E, 0xE7BE, 0xE7BE, 0xE7BE, 0xE7BE, 0xEFBE, 0xEFDE, 0xEFDE,   // 0x3F30 (16176)
0xEFDE, 0xEFDE, 0xEFDE, 0xEFDE, 0xF7DE, 0xF7DE, 0xEFDE, 0xEFDE, 0xEFDE, 0xEFDE, 0xEFDE, 0xEFDE, 0xEFDE, 0xEFDE, 0xEFDE, 0xEFDE,   // 0x3F40 (16192)
0xEFDE, 0xEFDE, 0xEFDE, 0xEFDE, 0xEFDE, 0xEFDE, 0xEFDE, 0xEFDE, 0xEFDE, 0xEFDD, 0xEFDD, 0xEFDD, 0xEFDD, 0xEFDD, 0xEFDD, 0xE7DD,   // 0x3F50 (16208)
0xE7DD, 0xE7DD, 0xE7BD, 0xE7BD, 0xE7BD, 0xE7BD, 0xE7BD, 0xE7BD, 0xE7BD, 0xE7DD, 0xE7DC, 0xDFBC, 0xDFBC, 0xDFBC, 0xDFBC, 0xDFBC,   // 0x3F60 (16224)
0xDFBC, 0xDFBC, 0xDFBC, 0xDFBC, 0xDFBB, 0xDFBB, 0xDFBB, 0xDFBB, 0xDFBB, 0xD7BB, 0xD7BB, 0xD7BB, 0xD7BB, 0xD79B, 0xD79B, 0xD79B,   // 0x3F70 (16240)
0xD79B, 0xD79B, 0xD7BB, 0xD7BB, 0xD7BB, 0xDFBB, 0xDFBB, 0xE7DC, 0xBF58, 0xB758, 0xB758, 0x96B7, 0x7617, 0x6597, 0x65B8, 0x65B8,   // 0x3F80 (16256)
0x8676, 0x8658, 0x965B, 0x965B, 0x8E7A, 0x7E37, 0x7617, 0x7617, 0x8638, 0xD77E, 0xC73D, 0xC73C, 0xC73C, 0xC71C, 0xBF1C, 0xC71C,   // 0x3F90 (16272)
0xC73C, 0xC73C, 0xC73D, 0xC75D, 0xCF5D, 0xCF5D, 0xCF5D, 0xCF5D, 0xCF5D, 0xCF5D, 0xCF5D, 0xCF5D, 0xCF5D, 0xCF7D, 0xD77D, 0xD77D,   // 0x3FA0 (16288)
0xD77D, 0xD77D, 0xD77D, 0xD79D, 0xDF9D, 0xDF9D, 0xDF9E, 0xDF9E, 0xE7BE, 0xE7BE, 0xE7BE, 0xEFDE, 0xEFDF, 0xEFDF, 0xEFDE, 0xEFBE,   // 0x3FB0 (16304)
0xEFBE, 0xEFDE, 0xEFDE, 0xEFDE, 0xEFDE, 0xEFDE, 0xEFDE, 0xEFDE, 0xEFDE, 0xEFDE, 0xEFDE, 0xEFDE, 0xEFDE, 0xEFDE, 0xEFDE, 0xEFDE,   // 0x3FC0 (16320)
0xEFDE, 0xEFDE, 0xEFDE, 0xEFDE, 0xEFDE, 0xEFDE, 0xEFDE, 0xEFDD, 0xEFDD, 0xEFDD, 0xEFDD, 0xEFDD, 0xEFDD, 0xE7DD, 0xEFDD, 0xEFDD,   // 0x3FD0 (16336)
0xE7DD, 0xE7BD, 0xE7BD, 0xE7BD, 0xE7BD, 0xE7BD, 0xE7BD, 0xE7DD, 0xE7DD, 0xE7DD, 0xDFBC, 0xDFBC, 0xDFBC, 0xDFBC, 0xDFBC, 0xDFBC,   // 0x3FE0 (16352)
0xDFBC, 0xDFBC, 0xDFBC, 0xDFBB, 0xDFBB, 0xDFBB, 0xDFBB, 0xDFBB, 0xDFBB, 0xD7BB, 0xD7BB, 0xD7BB, 0xD7BB, 0xD79B, 0xD7BB, 0xD79B,   // 0x3FF0 (16368)
0xD79B, 0xD79B, 0xD7BB, 0xDFBB, 0xDFBB, 0xDFBB, 0xDFBB, 0xE7DC, 0xBF58, 0xB758, 0x9EB7, 0x6DB7, 0x65B8, 0x65B8, 0x65B8, 0x65B8,   // 0x4000 (16384)
0x8677, 0x967A, 0x965B, 0x967B, 0x967B, 0x8E5A, 0x7E38, 0x7617, 0x8E7A, 0xD77D, 0xC73C, 0xC73C, 0xBF1C, 0xBF1C, 0xBF1C, 0xBF1C,   // 0x4010 (16400)
0xBF1C, 0xC73C, 0xC73D, 0xC75D, 0xC75D, 0xCF5D, 0xCF5D, 0xCF5D, 0xCF5D, 0xCF5D, 0xCF5D, 0xCF5D, 0xCF5D, 0xD77D, 0xD77D, 0xD77D,   // 0x4020 (16416)
0xD77D, 0xD77D, 0xD77D, 0xDF9D, 0xDF9D, 0xDF9E, 0xDF9E, 0xE7BE, 0xE7BE, 0xE7DF, 0xEFDF, 0xEFDE, 0xEFDE, 0xEFDE, 0xEFDE, 0xEFDE,   // 0x4030 (16432)
0xEFDE, 0xEFDE, 0xEFBE, 0xEFDE, 0xEFBE, 0xEFBE, 0xEFDE, 0xEFDE, 0xEFDE, 0xEFDE, 0xEFDE, 0xEFDE, 0xEFDE, 0xEFDE, 0xEFDE, 0xEFDE,   // 0x4040 (16448)
0xEFDE, 0xEFDE, 0xEFDE, 0xEFDE, 0xEFDE, 0xEFDE, 0xEFDD, 0xEFDD, 0xEFDD, 0xEFDD, 0xEFDD, 0xEFDD, 0xE7DD, 0xE7DD, 0xE7DD, 0xE7DD,   // 0x4050 (16464)
0xE7BD, 0xE7BD, 0xE7BD, 0xE7BD, 0xE7BD, 0xE7BD, 0xE7BC, 0xE7DC, 0xE7DD, 0xE7DC, 0xDFBC, 0xDFBC, 0xDFBC, 0xDFBC, 0xDFBC, 0xDFBC,   // 0x4060 (16480)
0xDFBC, 0xDFBC, 0xDFBC, 0xDFBB, 0xDFBB, 0xDFBB, 0xDFBB, 0xDFBB, 0xD7BB, 0xD7BB, 0xD7BB, 0xD7BB, 0xD7BB, 0xD79B, 0xD7BB, 0xD79B,   // 0x4070 (16496)
0xD79B, 0xD79B, 0xD79B, 0xD7BB, 0xD79B, 0xDFBB, 0xDFBB, 0xE7DC, 0xB758, 0xB757, 0xBF78, 0x9EF8, 0x6DB7, 0x65B7, 0x65B8, 0x65B8,   // 0x4080 (16512)
0x8E7A, 0x965B, 0x965B, 0x967B, 0x967B, 0x967A, 0x8E5A, 0x865A, 0x967A, 0xCF7D, 0xC73C, 0xBF1B, 0xBF1B, 0xB6FB, 0xB6FB, 0xB71B,   // 0x4090 (16528)
0xBF1B, 0xBF1C, 0xC73C, 0xC73D, 0xC75D, 0xCF5D, 0xCF5D, 0xCF5D, 0xCF5D, 0xCF5D, 0xCF5D, 0xCF5D, 0xCF7D, 0xD77D, 0xD77D, 0xD77D,   // 0x40A0 (16544)
0xD77D, 0xD77D, 0xDF7D, 0xDF9E, 0xDF9E, 0xDF9E, 0xE7BE, 0xE7DE, 0xE7DF, 0xE7BE, 0xE7BE, 0xEFBE, 0xEFBE, 0xEFDE, 0xEFDE, 0xEFDE,   // 0x40B0 (16560)
0xEFBE, 0xEFBE, 0xE7BE, 0xEFDE, 0xEFDE, 0xEFDE, 0xE7DE, 0xE7DE, 0xE7DE, 0xEFBE, 0xEFBE, 0xEFDE, 0xEFDE, 0xEFDE, 0xEFDE, 0xEFDD,   // 0x40C0 (16576)
0xEFDD, 0xEFDE, 0xEFDE, 0xEFDD, 0xEFDD, 0xEFDD, 0xEFDD, 0xEFDD, 0xEFBD, 0xEFDD, 0xEFDD, 0xE7DD, 0xEFDD, 0xE7DD, 0xE7DD, 0xE7DD,   // 0x40D0 (16592)
0xE7BD, 0xE7BD, 0xE7BD, 0xE7BD, 0xE7BD, 0xE7DD, 0xE7DC, 0xE7DD, 0xE7DD, 0xDFBC, 0xDFBC, 0xDFBC, 0xDFBC, 0xDFBC, 0xDFBC, 0xDFBC,   // 0x40E0 (16608)
0xDFBC, 0xDFBC, 0xDFBB, 0xDFBB, 0xDFBB, 0xDFBB, 0xDFBB, 0xDFBB, 0xD7BB, 0xD7BB, 0xD7BB, 0xD7BB, 0xD7BB, 0xD79B, 0xD7BB, 0xD79B,   // 0x40F0 (16624)
0xD79B, 0xD79B, 0xD79B, 0xD7BB, 0xD79B, 0xDFBB, 0xDFBB, 0xDFBC, 0xB758, 0xB757, 0xB778, 0x9EB8, 0x6DB7, 0x6597, 0x6597, 0x6597,   // 0x4100 (16640)
0x965B, 0x965B, 0x967B, 0x967B, 0x967B, 0x967A, 0x8E5A, 0x8E5A, 0x967A, 0xCF5D, 0xBF1B, 0xBF1B, 0xB6FA, 0xB6FA, 0xB6FA, 0xB6FA,   // 0x4110 (16656)
0xB6FB, 0xBF1C, 0xC73C, 0xC73C, 0xC75D, 0xCF5D, 0xCF5D, 0xCF5D, 0xCF5D, 0xCF5D, 0xCF5D, 0xCF5D, 0xCF5D, 0xD77D, 0xD77D, 0xD77D,   // 0x4120 (16672)
0xD77D, 0xD79D, 0xDF9E, 0xDF9E, 0xDFBE, 0xE7DE, 0xE7DF, 0xE7BE, 0xE7BE, 0xE7BE, 0xE7BE, 0xEFDE, 0xEFDE, 0xEFDE, 0xEFBE, 0xE7BE,   // 0x4130 (16688)
0xE7BE, 0xE7BE, 0xE7DE, 0xE7BE, 0xE7BE, 0xE7BE, 0xE7DE, 0xE7DE, 0xE7DE, 0xEFBE, 0xEFBE, 0xEFBE, 0xEFBE, 0xEFBE, 0xEFBE, 0xEFDE,   // 0x4140 (16704)
0xEFDE, 0xEFDE, 0xEFDD, 0xEFDD, 0xEFDD, 0xEFDD, 0xEFDD, 0xEFDD, 0xEFBD, 0xE7DD, 0xEFDD, 0xE7DD, 0xE7DD, 0xE7DD, 0xE7DD, 0xE7BD,   // 0x4150 (16720)
0xE7BD, 0xE7BD, 0xE7BD, 0xE7BD, 0xE7DD, 0xE7BD, 0xE7DD, 0xE7DD, 0xE7DC, 0xDFBC, 0xDFBC, 0xDFBC, 0xDFBC, 0xDFBC, 0xDFBC, 0xDFBB,   // 0x4160 (16736)
0xDFBC, 0xDFBC, 0xDFBB, 0xDFBB, 0xDFBB, 0xDFBB, 0xDFBB, 0xD7BB, 0xD7BB, 0xD7BB, 0xD7BB, 0xD7BB, 0xD7BB, 0xD79B, 0xD7BB, 0xD79B,   // 0x4170 (16752)
0xD79B, 0xD79B, 0xD79B, 0xD7BB, 0xDFBB, 0xDFBB, 0xDFBB, 0xDFDC, 0xB758, 0xAF57, 0x9EF8, 0x6DB7, 0x6DB7, 0x8657, 0x7E37, 0x6597,   // 0x4180 (16768)
0x965B, 0x965B, 0x967B, 0x967B, 0x967B, 0x967B, 0x967A, 0x8E5A, 0x967A, 0xC75D, 0xBF1B, 0xB6FA, 0xAEF9, 0xAEF9, 0xAEF9, 0xAEF9,   // 0x4190 (16784)
0xB6FA, 0xB71B, 0xBF3C, 0xC73D, 0xC75D, 0xC75D, 0xCF5D, 0xCF5D, 0xCF5D, 0xCF5D, 0xCF7D, 0xCF7D, 0xCF7D, 0xD77D, 0xD77D, 0xD79E,   // 0x41A0 (16800)
0xD79E, 0xDF9E, 0xDFBE, 0xE7BF, 0xE7DF, 0xE7DE, 0xE7BE, 0xE7BE, 0xE7BE, 0xEFBE, 0xEFDE, 0xEFDE, 0xEFBE, 0xE7BE, 0xE7BE, 0xE7BE,   // 0x41B0 (16816)
0xE7BE, 0xE7BE, 0xE7BE, 0xE7BE, 0xE7BE, 0xE7BE, 0xE7BE, 0xE7DE, 0xE7DE, 0xE7DE, 0xEFBE, 0xEFBE, 0xEFBE, 0xEFBE, 0xEFBD, 0xEFBD,   // 0x41C0 (16832)
0xEFBD, 0xEFDD, 0xEFDD, 0xEFDD, 0xEFDD, 0xEFDD, 0xEFDD, 0xE7BD, 0xE7DD, 0xE7DD, 0xE7DD, 0xE7DD, 0xE7DD, 0xE7DD, 0xE7DD, 0xE7BD,   // 0x41D0 (16848)
0xE7BD, 0xE7BD, 0xE7BD, 0xE7BD, 0xE7BD, 0xE7DD, 0xE7DD, 0xE7DD, 0xDFBC, 0xDFBC, 0xDFBC, 0xDFBC, 0xDFBC, 0xDFBC, 0xDFBC, 0xDFBC,   // 0x41E0 (16864)
0xDFBC, 0xDFBC, 0xDFBB, 0xDFBC, 0xDFBB, 0xDFBB, 0xDFBB, 0xD7BB, 0xD7BB, 0xD7BB, 0xD7BB, 0xD7BB, 0xD7BB, 0xD79B, 0xD79B, 0xD7BB,   // 0x41F0 (16880)
0xD79B, 0xD79B, 0xD7BB, 0xD79B, 0xD7BB, 0xDFBB, 0xDFBB, 0xDFDC, 0xB738, 0x9F18, 0x6DB6, 0x6DB7, 0x8617, 0xB778, 0xB778, 0x9EB7,   // 0x4200 (16896)
0x965B, 0x965B, 0x967B, 0x967B, 0x967B, 0x967B, 0x967A, 0x8E5A, 0x967A, 0xC75C, 0xB71A, 0xB6F9, 0xAEF8, 0xAEF8, 0xAEF8, 0xAEF9,   // 0x4210 (16912)
0xB6FA, 0xB6FB, 0xBF1C, 0xC73C, 0xC75D, 0xC75D, 0xCF5D, 0xCF5D, 0xCF5D, 0xCF5D, 0xCF7D, 0xCF5D, 0xCF7D, 0xD77D, 0xD79D, 0xD79E,   // 0x4220 (16928)
0xDFBE, 0xDFBE, 0xE7DF, 0xE7DF, 0xE7BE, 0xE7BE, 0xE7BE, 0xEFBE, 0xEFDE, 0xEFDE, 0xEFBD, 0xE7BD, 0xE7BE, 0xE7BE, 0xE7BD, 0xE7BE,   // 0x4230 (16944)
0xE7BE, 0xE7BE, 0xE7BE, 0xE7BE, 0xE7BE, 0xE7BE, 0xE7BE, 0xE7BE, 0xEFBE, 0xEFBE, 0xEFBE, 0xEFBE, 0xEFBE, 0xEFBD, 0xEFBD, 0xEFBD,   // 0x4240 (16960)
0xEFBD, 0xEFBD, 0xEFDD, 0xEFDD, 0xEFBD, 0xEFBD, 0xEFBD, 0xE7BD, 0xE7BD, 0xE7DD, 0xE7DD, 0xE7BD, 0xE7BD, 0xE7DD, 0xE7BD, 0xE7BD,   // 0x4250 (16976)
0xE7BD, 0xE7BD, 0xE7BD, 0xE7BD, 0xE7DD, 0xE7DD, 0xE7DD, 0xDFBC, 0xDFBC, 0xDFBC, 0xDFBC, 0xDFBC, 0xDFBC, 0xDFBC, 0xDFBC, 0xDFBC,   // 0x4260 (16992)
0xDFBC, 0xDFBC, 0xDFBC, 0xDFBB, 0xDFBB, 0xDFBB, 0xD7BB, 0xD7BB, 0xD7BB, 0xD7BB, 0xD7BB, 0xD79B, 0xD79B, 0xD79B, 0xD79B, 0xD79B,   // 0x4270 (17008)
0xD79B, 0xD7BB, 0xC77A, 0xCF9B, 0xD7BB, 0xDFBB, 0xDFBC, 0xE7DC, 0xAF38, 0x6DF6, 0x65B7, 0x75D6, 0xB758, 0xB777, 0xB777, 0xB777,   // 0x4280 (17024)
0x965B, 0x967B, 0x967B, 0x967B, 0x967B, 0x967B, 0x967A, 0x8E5A, 0x967A, 0xC73C, 0xB6FA, 0xAEF9, 0xAEF8, 0xAEF7, 0xAEF8, 0xAEF8,   // 0x4290 (17040)
0xAEF9, 0xB6FB, 0xBF1C, 0xC73C, 0xC75D, 0xC75D, 0xCF5D, 0xCF5D, 0xCF5D, 0xCF5D, 0xCF5D, 0xCF7D, 0xD77D, 0xD79E, 0xD79E, 0xDFBE,   // 0x42A0 (17056)
0xE7DF, 0xE7DF, 0xE7BE, 0xE7BE, 0xE7BE, 0xE7BE, 0xEFBE, 0xEFDE, 0xEFDE, 0xE7BD, 0xE7BD, 0xE79D, 0xE7BD, 0xE79D, 0xE7BD, 0xE7BD,   // 0x42B0 (17072)
0xE7BE, 0xE7BD, 0xE7BE, 0xE7BE, 0xE7BE, 0xE7BE, 0xE7BE, 0xE7BE, 0xE7BE, 0xE7BE, 0xEFBE, 0xEFBE, 0xEFBE, 0xEFBE, 0xEFBD, 0xEFBD,   // 0x42C0 (17088)
0xEFBD, 0xEFBD, 0xEFBD, 0xEFBD, 0xEFBD, 0xE7BD, 0xE7BD, 0xE7DD, 0xE7BD, 0xE7BD, 0xEFBD, 0xE7DD, 0xE7BD, 0xE7BD, 0xE7BD, 0xE7BD,   // 0x42D0 (17104)
0xE7BD, 0xE7BD, 0xE7BD, 0xE7BD, 0xE7DD, 0xE7DD, 0xE7BC, 0xDFBC, 0xDFBC, 0xDFBC, 0xDFBC, 0xDFBC, 0xDFBC, 0xDFBC, 0xDFBC, 0xDFBC,   // 0x42E0 (17120)
0xDFBC, 0xDFBC, 0xDFBB, 0xDFBB, 0xDFBB, 0xD7BB, 0xD7BB, 0xD7BB, 0xD7BB, 0xD7BB, 0xD7BB, 0xD79B, 0xD79B, 0xD79B, 0xD79B, 0xD7BB,   // 0x42F0 (17136)
0xD7BB, 0xAEF8, 0x7635, 0x8656, 0xC77A, 0xDFBB, 0xDFBC, 0xE7DD, 0x8637, 0x65B6, 0x6DD6, 0xAF17, 0xB777, 0xB777, 0xB777, 0xB777,   // 0x4300 (17152)
0x967B, 0x967B, 0x967B, 0x967B, 0x967B, 0x967B, 0x967A, 0x8E5A, 0x967A, 0xC73C, 0xB6FA, 0xAEF9, 0xAEF8, 0xA6F7, 0xA6F7, 0xA6F8,   // 0x4310 (17168)
0xAEF9, 0xB6FB, 0xBF1C, 0xC73C, 0xC73D, 0xC75D, 0xCF5D, 0xCF5D, 0xCF5D, 0xCF5D, 0xCF7D, 0xD77D, 0xD79E, 0xDFBE, 0xE7BE, 0xE7DF,   // 0x4320 (17184)
0xE7DF, 0xDFBE, 0xE7BE, 0xE7BE, 0xE7BE, 0xEFDE, 0xEFDE, 0xEFBD, 0xE7BD, 0xE79E, 0xDFBD, 0xDF9D, 0xDF9D, 0xDF9E, 0xE7BE, 0xE7BD,   // 0x4330 (17200)
0xE7BD, 0xE7BD, 0xE7BD, 0xE7BD, 0xE7BE, 0xE7BE, 0xE7BE, 0xE7BE, 0xE7BD, 0xE7BD, 0xE7BD, 0xEFBE, 0xEFBE, 0xEFBE, 0xEFBD, 0xEFBD,   // 0x4340 (17216)
0xEFDD, 0xEFBD, 0xEFBD, 0xEFBD, 0xEFBD, 0xEFDD, 0xE7BD, 0xE7BD, 0xE7BD, 0xE7BD, 0xE7BD, 0xE7BD, 0xE7BD, 0xE7BD, 0xE7BD, 0xE7BD,   // 0x4350 (17232)
0xE7BD, 0xE7BD, 0xE7BD, 0xE7DD, 0xE7DD, 0xE7BC, 0xDFBC, 0xDFBC, 0xDFBC, 0xDFBC, 0xDFBC, 0xDFBC, 0xDFBC, 0xDFBC, 0xDFBC, 0xDFBC,   // 0x4360 (17248)
0xDFBC, 0xDFBB, 0xDFBB, 0xDFBB, 0xDFBB, 0xD7BB, 0xD7BB, 0xD7BB, 0xD7BB, 0xD7BB, 0xD79B, 0xD79B, 0xD79B, 0xD79B, 0xD79B, 0xD7BB,   // 0x4370 (17264)
0xBF59, 0x7E35, 0x7635, 0x6E35, 0x7E36, 0xC75A, 0xDFBB, 0xA6B9, 0x6DD6, 0x6DD6, 0x9ED7, 0xB757, 0xB777, 0xB777, 0xB777, 0xB777,   // 0x4380 (17280)
0x967B, 0x967B, 0x967B, 0x967B, 0x967B, 0x967A, 0x8E7A, 0x8E5A, 0x967A, 0xC73C, 0xB6FA, 0xAEF9, 0xA6F8, 0xA6F7, 0xA6F7, 0xA6F8,   // 0x4390 (17296)
0xAEF9, 0xB6FA, 0xBF1C, 0xC73C, 0xC73D, 0xCF3D, 0xCF5D, 0xCF5D, 0xCF7D, 0xD77D, 0xD79E, 0xD79E, 0xDFBE, 0xE7DF, 0xE7DF, 0xDFBE,   // 0x43A0 (17312)
0xDF9E, 0xDFBE, 0xE7BE, 0xEFBE, 0xEFDE, 0xEFDE, 0xE7BD, 0xE7BD, 0xE79D, 0xDF9D, 0xDF9D, 0xDF9D, 0xDF9D, 0xDFBD, 0xE79D, 0xE7BD,   // 0x43B0 (17328)
0xE7BD, 0xE7BD, 0xE7BD, 0xE7BD, 0xE7BD, 0xE7BE, 0xE7BD, 0xE7BD, 0xE7BD, 0xE7BD, 0xE7BD, 0xE7BD, 0xE7BD, 0xE7BE, 0xE7BD, 0xE7BD,   // 0x43C0 (17344)
0xEFBD, 0xEFBD, 0xEFBD, 0xE7BD, 0xE7BD, 0xE7BD, 0xE7BD, 0xE7BD, 0xE7BD, 0xE7BD, 0xE7BD, 0xE7BD, 0xE7BD, 0xE7BD, 0xE7BD, 0xE7BD,   // 0x43D0 (17360)
0xE7BD, 0xE7BD, 0xE7DD, 0xE7DD, 0xE7BC, 0xDFBC, 0xDFBC, 0xDFBC, 0xDFBC, 0xDFBC, 0xDFBC, 0xDFBC, 0xDFBC, 0xDFBC, 0xDFBC, 0xDFBC,   // 0x43E0 (17376)
0xDFBC, 0xDFBB, 0xDFBB, 0xDFBB, 0xDFBB, 0xD7BB, 0xD7BB, 0xD7BB, 0xD7BB, 0xD7BB, 0xD79B, 0xD79B, 0xD79B, 0xD79B, 0xD79B, 0xC77A,   // 0x43F0 (17392)
0x8655, 0x7E55, 0x8E96, 0x7E35, 0x7635, 0x7615, 0x96B8, 0x6DF6, 0x6DF6, 0x96B7, 0xB757, 0xB757, 0xB777, 0xB777, 0xB777, 0xB777,   // 0x4400 (17408)
0x967B, 0x967B, 0x7DF9, 0x75D9, 0x7DD9, 0x75D9, 0x75D8, 0x7E19, 0x9E7A, 0xC73C, 0xB6FA, 0xAEF9, 0xA6F8, 0xA6D7, 0xA6D8, 0xA6D8,   // 0x4410 (17424)
0xAED9, 0xB6FB, 0xBF1C, 0xC73C, 0xC75D, 0xCF5D, 0xCF5D, 0xCF7D, 0xD77D, 0xD79E, 0xDFBE, 0xDFBE, 0xE7DF, 0xDFDF, 0xDFBE, 0xDF9E,   // 0x4420 (17440)
0xDF9E, 0xE7BE, 0xEFBE, 0xF7DE, 0xEFBD, 0xE7BD, 0xDF9D, 0xDF9D, 0xDF9D, 0xDF9D, 0xDF9D, 0xDF9D, 0xDF9D, 0xDFBD, 0xDFBD, 0xE79D,   // 0x4430 (17456)
0xE79D, 0xE7BD, 0xE7BD, 0xE7BD, 0xE7BD, 0xE7BE, 0xE7BD, 0xE7BD, 0xE7BD, 0xE7BD, 0xE7BD, 0xE7BD, 0xE7BD, 0xE7BD, 0xE7BD, 0xE7BD,   // 0x4440 (17472)
0xE7BD, 0xE7BD, 0xE7BD, 0xE7BD, 0xE7BD, 0xE7BD, 0xE7DD, 0xE7BD, 0xE7BD, 0xE7BD, 0xE7BD, 0xE7BD, 0xE7BD, 0xE7BD, 0xE7BD, 0xE7BD,   // 0x4450 (17488)
0xE7BD, 0xE7BD, 0xE7DD, 0xE7BC, 0xDFBC, 0xDFBC, 0xDFBC, 0xDFBC, 0xDFBC, 0xDFBC, 0xDFBC, 0xDFBC, 0xDFBC, 0xDFBC, 0xDFBC, 0xDFBC,   // 0x4460 (17504)
0xDFBB, 0xDFBB, 0xDFBB, 0xDFBB, 0xDFBB, 0xDFBB, 0xD7BB, 0xD7BB, 0xD7BB, 0xD7BB, 0xD79B, 0xD79B, 0xD79B, 0xD79B, 0xCF9A, 0x8E95,   // 0x4470 (17520)
0x8655, 0x8E76, 0xCF9A, 0xC77A, 0x8656, 0x6E15, 0x6E16, 0x6DF6, 0x8E76, 0xB758, 0xB757, 0xB757, 0xB757, 0xB777, 0xB777, 0xB777,   // 0x4480 (17536)
0x967B, 0x7598, 0x44D4, 0x4D15, 0x4D35, 0x4D35, 0x4D35, 0x44B4, 0x8E5A, 0xC73C, 0xB6FA, 0xA6F9, 0xA6D8, 0x9ED8, 0x9ED8, 0xA6D8,   // 0x4490 (17552)
0xAED9, 0xB6FB, 0xBF1C, 0xC73D, 0xCF5D, 0xCF5D, 0xCF7D, 0xD77D, 0xDF9E, 0xDFBE, 0xE7DE, 0xDFDF, 0xDFBE, 0xDF9E, 0xDF9E, 0xDF9E,   // 0x44A0 (17568)
0xE79D, 0xEFBE, 0xEFDE, 0xE7BD, 0xE79D, 0xDF9D, 0xDF9D, 0xDF9D, 0xDF9D, 0xDF9D, 0xDF9D, 0xDF9D, 0xDF9D, 0xDFBD, 0xDFBD, 0xDF9D,   // 0x44B0 (17584)
0xE79D, 0xE79D, 0xE7BD, 0xE7BD, 0xE7BE, 0xE7BD, 0xE7BE, 0xE7BD, 0xE7BD, 0xE7BD, 0xE7BD, 0xE7BD, 0xE7BD, 0xE7BD, 0xE7BD, 0xE7BD,   // 0x44C0 (17600)
0xE7BD, 0xE7BD, 0xE7BD, 0xE7BD, 0xE7BD, 0xE7BD, 0xE7BD, 0xE7BD, 0xE7BD, 0xE7BD, 0xE7BD, 0xE7BD, 0xE7BD, 0xE7BD, 0xE7BD, 0xE7BD,   // 0x44D0 (17616)
0xE7BD, 0xE7DD, 0xE7BD, 0xDFBC, 0xDFBC, 0xDFBC, 0xDFBC, 0xDFBC, 0xDFBC, 0xDFBC, 0xDFBC, 0xDFBC, 0xDFBC, 0xDFBC, 0xDFBC, 0xDFBB,   // 0x44E0 (17632)
0xDFBB, 0xDFBB, 0xDFBB, 0xD7BB, 0xD7BB, 0xD7BB, 0xD7BB, 0xD7BB, 0xD7BB, 0xD79B, 0xD79B, 0xD79B, 0xD79B, 0xD79B, 0x96B6, 0x7E74,   // 0x44F0 (17648)
0x8675, 0xCF7A, 0xD79B, 0xD7BB, 0xCF9B, 0x8656, 0x6DF5, 0x8E57, 0xB758, 0xB737, 0xB757, 0xB757, 0xAF37, 0x9EF6, 0x9EF6, 0xA6F6,   // 0x4500 (17664)
0x967B, 0x6D77, 0x5D77, 0x5DB8, 0x65B7, 0x65B7, 0x65D7, 0x4D15, 0x8639, 0xC73C, 0xB6FA, 0xA6F9, 0xA6D8, 0x9ED8, 0x9ED8, 0xA6D8,   // 0x4510 (17680)
0xAEDA, 0xB71B, 0xBF3C, 0xC75D, 0xCF7D, 0xD77D, 0xD79D, 0xDFBE, 0xDFBE, 0xDFDE, 0xDFDF, 0xD7BE, 0xD79E, 0xDF9E, 0xDF9D, 0xE79D,   // 0x4520 (17696)
0xEFDD, 0xEFDD, 0xE7BD, 0xE79D, 0xDF9D, 0xDF9D, 0xDF9D, 0xDF9D, 0xDF9D, 0xDF9D, 0xDF9D, 0xDF9D, 0xDF9D, 0xDF9D, 0xDFBD, 0xDF9D,   // 0x4530 (17712)
0xDFBD, 0xDFBD, 0xE7BD, 0xE7BD, 0xE7BD, 0xE7BD, 0xE7BE, 0xE7BD, 0xE7BD, 0xE7BD, 0xE7BD, 0xE7BD, 0xE7BD, 0xE7BD, 0xE7BD, 0xE7BD,   // 0x4540 (17728)
0xE7BD, 0xE7BD, 0xE7BD, 0xE7BD, 0xE7BD, 0xE7BD, 0xE7BD, 0xE7BD, 0xE7BD, 0xE7BD, 0xE7BD, 0xE7BD, 0xE7BD, 0xE7BD, 0xE7BD, 0xE7BD,   // 0x4550 (17744)
0xE7BD, 0xE7DD, 0xDFBC, 0xDFBD, 0xDFBC, 0xDFBC, 0xDFBC, 0xDFBC, 0xDFBC, 0xDFBC, 0xDFBC, 0xDFBC, 0xDFBC, 0xDFBC, 0xDFBC, 0xDFBB,   // 0x4560 (17760)
0xDFBB, 0xDFBB, 0xDFBB, 0xD7BB, 0xD7BB, 0xD7BB, 0xD7BB, 0xD79B, 0xD79B, 0xD79B, 0xD79B, 0xD79B, 0xD7BB, 0xAF17, 0x8674, 0x8674,   // 0x4570 (17776)
0xBF59, 0xD79B, 0xDFBB, 0xD7BB, 0xD79B, 0xD79B, 0xBF39, 0xD7BB, 0xB738, 0xB737, 0xB757, 0xB758, 0x4CD0, 0x5D90, 0x5D70, 0x6590,   // 0x4580 (17792)
0x967B, 0x6D97, 0x5D77, 0x65B8, 0x65B8, 0x65B8, 0x65B8, 0x4D15, 0x8639, 0xC73C, 0xB6FA, 0xA6F9, 0xA6D8, 0x9ED8, 0x9ED8, 0xA6D9,   // 0x4590 (17808)
0xAEFA, 0xB71B, 0xC73C, 0xCF5D, 0xD77D, 0xDF9D, 0xDFBE, 0xDFBE, 0xDFDF, 0xDFDF, 0xD7BE, 0xD79E, 0xDF9D, 0xDF9D, 0xE7BD, 0xF7DE,   // 0x45A0 (17824)
0xEFBD, 0xE79D, 0xDF9D, 0xDF9D, 0xDF9D, 0xDF9D, 0xDF9D, 0xDF9D, 0xDF9D, 0xDF9D, 0xDF9D, 0xDF9D, 0xDF9D, 0xDF9D, 0xDF9D, 0xDFBD,   // 0x45B0 (17840)
0xDF9D, 0xDF9D, 0xE7BD, 0xE7BD, 0xE7BE, 0xE7BD, 0xE7BD, 0xE7BD, 0xE7BD, 0xE7BD, 0xE7BD, 0xE7BD, 0xE7BD, 0xE7BD, 0xE7BD, 0xE7BD,   // 0x45C0 (17856)
0xE7BD, 0xE7BD, 0xE7BD, 0xE7BD, 0xE7BD, 0xE7BD, 0xE7BD, 0xE7BD, 0xE7BD, 0xE7BD, 0xE7BD, 0xE7BD, 0xE7BD, 0xE7BD, 0xE7BD, 0xE7BD,   // 0x45D0 (17872)
0xE7BD, 0xE7BD, 0xDFBD, 0xDFBC, 0xDFBC, 0xDFBC, 0xDFBC, 0xDFBC, 0xDFBC, 0xDFBC, 0xDFBC, 0xDFBC, 0xDFBC, 0xDFBC, 0xDFBC, 0xDFBB,   // 0x45E0 (17888)
0xDFBB, 0xDFBB, 0xD7BB, 0xD7BB, 0xD7BB, 0xD7BB, 0xD7BB, 0xD79B, 0xD7BB, 0xD79B, 0xD79B, 0xD79B, 0xBF58, 0x8E94, 0x8694, 0xAF17,   // 0x45F0 (17904)
0xD7BB, 0xD7BB, 0xD7BB, 0xD7BB, 0xD79B, 0xDFBB, 0xDFBB, 0xDFDC, 0xB758, 0xAF37, 0xB757, 0xAF38, 0x5D50, 0x96D2, 0x96D2, 0x96D2,   // 0x4600 (17920)
0x967B, 0x6D97, 0x5D97, 0x65B8, 0x65B8, 0x65B8, 0x65B8, 0x4D15, 0x8639, 0xC73C, 0xB6FA, 0xA6F9, 0xA6D8, 0x9ED8, 0xA6D8, 0xA6F9,   // 0x4610 (17936)
0xAEFA, 0xBF3B, 0xCF5C, 0xD77D, 0xDFBD, 0xDFBE, 0xD7BE, 0xDFDF, 0xD7BE, 0xD79E, 0xD79D, 0xD79D, 0xDF9D, 0xE7BD, 0xF7DD, 0xEFBD,   // 0x4620 (17952)
0xE79D, 0xDF9D, 0xDF9D, 0xD79D, 0xD79D, 0xD77D, 0xD79D, 0xDF9D, 0xDF9D, 0xDF9D, 0xDF9D, 0xDF9D, 0xDF9D, 0xDFBD, 0xDF9D, 0xDFBD,   // 0x4630 (17968)
0xDF9D, 0xDFBD, 0xE7BD, 0xE7BD, 0xE7BD, 0xE7BD, 0xE7BD, 0xE7BD, 0xE7BD, 0xE7BD, 0xE7BD, 0xE7BD, 0xE7BD, 0xE7BD, 0xE7BD, 0xE7BD,   // 0x4640 (17984)
0xE7BD, 0xE7BD, 0xE7BD, 0xE7BD, 0xE7BD, 0xE7BD, 0xE7BD, 0xE7BD, 0xE7BD, 0xE7BD, 0xE7BD, 0xE7BD, 0xE7BD, 0xE7BD, 0xE7BD, 0xE7BD,   // 0x4650 (18000)
0xE7BC, 0xE7BD, 0xDFBC, 0xDFBC, 0xDFBC, 0xDFBC, 0xDFBC, 0xDFBC, 0xDFBC, 0xDFBC, 0xDFBC, 0xDFBC, 0xDFBC, 0xDFBC, 0xDFBB, 0xDFBB,   // 0x4660 (18016)
0xDFBB, 0xDFBB, 0xD7BB, 0xD7BB, 0xD7BB, 0xD7BB, 0xD79B, 0xD79B, 0xD79B, 0xD79B, 0xD79B, 0xC779, 0x96B4, 0x8EB4, 0xA6F6, 0xD7BB,   // 0x4670 (18032)
0xD7BB, 0xD7BA, 0xD79A, 0xD79B, 0xDFBB, 0xDFBB, 0xDFBB, 0xDFBC, 0xB737, 0xAF37, 0xB757, 0xAF38, 0x5D70, 0x96D2, 0x96D2, 0x96D2,   // 0x4680 (18048)
0x967B, 0x6D97, 0x5D97, 0x65B8, 0x6598, 0x65B8, 0x65B8, 0x4D15, 0x8639, 0xC75C, 0xB6FA, 0xA6F9, 0xA6F9, 0xA6D9, 0xA6F9, 0xAEF9,   // 0x4690 (18064)
0xB71A, 0xC75C, 0xCF7D, 0xD79D, 0xD79E, 0xD7BE, 0xDFDF, 0xD79E, 0xD79E, 0xD79D, 0xD79D, 0xDF9D, 0xE7BD, 0xF7DD, 0xEFBD, 0xE79D,   // 0x46A0 (18080)
0xDF9D, 0xDF9D, 0xD79D, 0xD79D, 0xD79D, 0xD79D, 0xDF9D, 0xDF9D, 0xDF9D, 0xDF9D, 0xDF9D, 0xDF9D, 0xDF9D, 0xDFBD, 0xDFBD, 0xDF9D,   // 0x46B0 (18096)
0xDF9D, 0xDF9D, 0xDFBD, 0xE7BD, 0xE7BD, 0xE7BD, 0xE7BD, 0xE7BD, 0xE7BD, 0xE7BD, 0xE7BD, 0xE7BD, 0xE7BD, 0xE7BD, 0xE7BD, 0xE7BD,   // 0x46C0 (18112)
0xE7BD, 0xE7BD, 0xE7BD, 0xE7BD, 0xE7BD, 0xE7BD, 0xE7BD, 0xE7BD, 0xE7BD, 0xE7BD, 0xE7BD, 0xE7BD, 0xE7BD, 0xE7BD, 0xE7BD, 0xE7BD,   // 0x46D0 (18128)
0xE7BD, 0xE7BC, 0xDFBC, 0xDFBC, 0xDFBC, 0xDFBC, 0xDFBC, 0xDFBC, 0xDFBC, 0xDFBC, 0xDFBC, 0xDFBC, 0xDFBC, 0xDFBC, 0xDFBB, 0xDFBB,   // 0x46E0 (18144)
0xD7BB, 0xD7BB, 0xD7BB, 0xD7BB, 0xD7BB, 0xD79B, 0xD79B, 0xD79B, 0xD79B, 0xD79B, 0xCF9A, 0x96D3, 0x96B3, 0xA6D5, 0xD7BB, 0xD7BB,   // 0x46F0 (18160)
0xD79A, 0xD79A, 0xD79A, 0xD7BB, 0xDFBB, 0xDFBB, 0xDFBB, 0xDFDC, 0xB738, 0xAF57, 0xB757, 0xAF37, 0x5D50, 0x96D2, 0x8ED2, 0x8ED2,   // 0x4700 (18176)
0x967B, 0x6D97, 0x5D97, 0x65B8, 0x65B8, 0x65B8, 0x65B8, 0x4D15, 0x8E59, 0xC75C, 0xB71B, 0xAEFA, 0xA6F9, 0xA6F9, 0xAEF9, 0xB71A,   // 0x4710 (18192)
0xBF3B, 0xC75C, 0xCF7D, 0xCF9E, 0xDFDF, 0xD7BF, 0xD79E, 0xD79D, 0xD77D, 0xD79D, 0xDF9D, 0xEFBD, 0xF7DD, 0xE7BD, 0xDF9D, 0xDF9D,   // 0x4720 (18208)
0xD79D, 0xD77D, 0xD77D, 0xD79D, 0xD79D, 0xD79D, 0xD79D, 0xDF9D, 0xD79D, 0xDF9D, 0xDF9D, 0xDF9D, 0xDF9D, 0xDFBD, 0xDFBD, 0xDF9D,   // 0x4730 (18224)
0xDF9D, 0xDF9D, 0xDFBD, 0xDFBD, 0xE7BD, 0xE7BD, 0xE7BD, 0xE7BD, 0xE7BD, 0xE7BD, 0xE7BD, 0xE7BD, 0xE7BD, 0xE7BD, 0xE7BD, 0xE7BD,   // 0x4740 (18240)
0xE7BD, 0xE7BD, 0xE7BD, 0xE7BD, 0xE7BD, 0xE7BD, 0xE7BD, 0xE7BD, 0xE7BD, 0xE7BD, 0xE7BD, 0xE7BD, 0xE7BD, 0xE7BD, 0xE7BD, 0xDFBC,   // 0x4750 (18256)
0xDFBC, 0xDFBC, 0xDFBC, 0xDFBC, 0xDFBC, 0xDFBC, 0xDFBC, 0xDFBC, 0xDFBC, 0xDFBC, 0xDFBC, 0xDFBC, 0xDFBC, 0xDFBB, 0xDFBB, 0xDFBB,   // 0x4760 (18272)
0xD7BB, 0xD7BB, 0xD7BB, 0xD7BB, 0xD7BB, 0xD79B, 0xD7BB, 0xD79B, 0xD79B, 0xD79B, 0xAF36, 0x8ED2, 0x96D4, 0xCF9A, 0xD7BB, 0xD7BB,   // 0x4770 (18288)
0xD79A, 0xD79A, 0xD79A, 0xD7BA, 0xDFBB, 0xDFBB, 0xDFBC, 0xE7DC, 0xB758, 0xAF56, 0xAF56, 0xA737, 0x5550, 0x8EB2, 0x8ED2, 0x8EB2,   // 0x4780 (18304)
0x967B, 0x6D97, 0x5D77, 0x65B8, 0x65B8, 0x65B8, 0x65B8, 0x5515, 0x8E59, 0xCF5C, 0xB71B, 0xAF1A, 0xAF19, 0xAF19, 0xAF1A, 0xB73B,   // 0x4790 (18320)
0xBF3B, 0xC77D, 0xCF9E, 0xD7DF, 0xD7BE, 0xCF9E, 0xCF7D, 0xD77D, 0xD77D, 0xDF9D, 0xEFBD, 0xF7DD, 0xE7BD, 0xDF9D, 0xDF9D, 0xD77D,   // 0x47A0 (18336)
0xD77D, 0xD77D, 0xD77D, 0xD77D, 0xD79D, 0xD79D, 0xD79D, 0xD79D, 0xD79D, 0xDF9D, 0xDF9D, 0xDF9D, 0xDF9D, 0xDF9D, 0xDFBD, 0xDFBD,   // 0x47B0 (18352)
0xDF9D, 0xDF9D, 0xDFBD, 0xDFBD, 0xE79D, 0xE7BD, 0xE7BD, 0xE7BD, 0xE7BD, 0xE7BD, 0xE7BD, 0xE7BD, 0xE7BD, 0xE7BD, 0xE7BD, 0xE7BD,   // 0x47C0 (18368)
0xE7BD, 0xE7BD, 0xE7BD, 0xE7BD, 0xE7BD, 0xE7BD, 0xE7BD, 0xE7BD, 0xE7BD, 0xE7BD, 0xE7BD, 0xE7BD, 0xDFBD, 0xE7BD, 0xE7BD, 0xDFBC,   // 0x47D0 (18384)
0xDFBC, 0xDFBC, 0xDFBC, 0xDFBC, 0xDFBC, 0xDFBC, 0xDFBC, 0xDFBC, 0xDFBC, 0xDFBC, 0xDFBC, 0xDFBC, 0xDFBC, 0xDFBC, 0xDFBB, 0xD7BB,   // 0x47E0 (18400)
0xD7BB, 0xD7BB, 0xD7BB, 0xD7BB, 0xD79B, 0xD7BB, 0xD79B, 0xD79B, 0xD79B, 0xD79B, 0xCF99, 0xAF15, 0xC779, 0xD7BB, 0xD7BB, 0xD7BA,   // 0x47F0 (18416)
0xD7BA, 0xD7BA, 0xD79A, 0xD7BA, 0xD7BC, 0xDFBC, 0xDFBC, 0xE7DD, 0xBF59, 0xAF57, 0xAF57, 0xA737, 0x5550, 0x8EB2, 0x86B2, 0x86B2,   // 0x4800 (18432)
0x967B, 0x6D97, 0x5D97, 0x65B8, 0x6DB8, 0x6DD8, 0x6DD8, 0x5536, 0x967A, 0xCF5C, 0xBF3B, 0xB71A, 0xB71A, 0xAF1A, 0xAF3B, 0xB73C,   // 0x4810 (18448)
0xBF7D, 0xCFBE, 0xD7DF, 0xCF9E, 0xCF7E, 0xCF7D, 0xCF7D, 0xD79D, 0xDF9D, 0xEFBD, 0xF7DD, 0xE79D, 0xDF9D, 0xDF9D, 0xD77D, 0xD77D,   // 0x4820 (18464)
0xD77D, 0xD77D, 0xD77D, 0xD77D, 0xD77D, 0xD79D, 0xD79D, 0xD79D, 0xD79D, 0xDF9D, 0xDF9D, 0xDF9D, 0xDF9D, 0xDF9D, 0xDF9D, 0xDF9D,   // 0x4830 (18480)
0xDF9D, 0xDF9D, 0xDF9D, 0xDFBD, 0xDF9D, 0xDFBD, 0xE7BD, 0xE7BD, 0xE7BD, 0xE7BD, 0xE7BD, 0xE7BD, 0xE7BD, 0xE7BD, 0xE7BD, 0xE7BD,   // 0x4840 (18496)
0xE7BD, 0xE7BD, 0xE7BD, 0xE7BD, 0xE7BD, 0xE7BD, 0xE7BD, 0xE7BD, 0xE7BD, 0xE7BD, 0xDFBD, 0xE7BD, 0xE7BD, 0xE7BC, 0xE7BC, 0xDFBC,   // 0x4850 (18512)
0xDFBC, 0xDFBC, 0xDFBC, 0xDFBC, 0xDFBC, 0xDFBC, 0xDFBC, 0xDFBC, 0xDFBC, 0xDFBC, 0xDFBC, 0xDFBC, 0xDFBB, 0xDFBB, 0xDFBB, 0xD7BB,   // 0x4860 (18528)
0xD7BB, 0xD7BB, 0xDFBB, 0xD7BB, 0xD79B, 0xD7BB, 0xD79B, 0xD79B, 0xD79B, 0xD79B, 0xD7BB, 0xD7BB, 0xD79B, 0xD7BB, 0xD79A, 0xD7BA,   // 0x4870 (18544)
0xD7BA, 0xD79A, 0xD7BA, 0x7DD6, 0x54F4, 0x5D14, 0x5D14, 0x5D15, 0x5514, 0x8635, 0xAF57, 0xA737, 0x5531, 0x86B2, 0x86B2, 0x8692,   // 0x4880 (18560)
0x967B, 0x6D97, 0x6597, 0x6DD8, 0x6DF8, 0x75F8, 0x75F8, 0x6576, 0xA6BA, 0xD77C, 0xBF3B, 0xB73B, 0xAF1B, 0xAF3B, 0xAF5C, 0xB77D,   // 0x4890 (18576)
0xCFDF, 0xCFBE, 0xC77E, 0xCF7D, 0xCF7D, 0xCF7D, 0xD77D, 0xDF9D, 0xEFBD, 0xF7DD, 0xE79D, 0xDF9D, 0xD77D, 0xD77D, 0xCF7D, 0xD77D,   // 0x48A0 (18592)
0xD77D, 0xD77D, 0xD77D, 0xD77D, 0xD77D, 0xD79D, 0xD79D, 0xD79D, 0xD79D, 0xDF9D, 0xDF9D, 0xDF9D, 0xDF9D, 0xDF9D, 0xDF9D, 0xDF9D,   // 0x48B0 (18608)
0xDF9D, 0xDF9D, 0xDF9D, 0xDF9D, 0xDF9D, 0xDFBD, 0xDFBD, 0xE7BD, 0xE7BD, 0xE7BD, 0xE7BD, 0xE7BD, 0xE7BD, 0xE7BD, 0xE7BD, 0xE7BD,   // 0x48C0 (18624)
0xE7BD, 0xE7BD, 0xE7BD, 0xE7BD, 0xE7BD, 0xE7BD, 0xE7BD, 0xE7BD, 0xE7BC, 0xE7BD, 0xE7BD, 0xE7BC, 0xDFBC, 0xDFBC, 0xDFBC, 0xDFBC,   // 0x48D0 (18640)
0xDFBC, 0xDFBC, 0xDFBC, 0xDFBC, 0xDFBC, 0xDFBC, 0xDFBC, 0xDFBC, 0xDFBC, 0xDFBC, 0xDFBC, 0xDFBB, 0xDFBB, 0xDFBB, 0xD7BB, 0xD7BB,   // 0x48E0 (18656)
0xD7BB, 0xD7BB, 0xD7BB, 0xD7BB, 0xD7BB, 0xD79B, 0xD79B, 0xD79B, 0xD79B, 0xD79B, 0xD79A, 0xD79B, 0xD79A, 0xD79A, 0xD79A, 0xD7BA,   // 0x48F0 (18672)
0xD7BA, 0xD7BA, 0xD7BB, 0x4CF3, 0x65B8, 0x65B8, 0x65B8, 0x65B8, 0x65D8, 0x5D74, 0xB757, 0xA737, 0x4D31, 0x7E92, 0x7E92, 0x7E92,   // 0x4900 (18688)
0x9E9B, 0x7DB8, 0x6DB7, 0x75F8, 0x7E18, 0x8638, 0x8638, 0x7DD7, 0xAEBA, 0xCF7C, 0xBF5C, 0xB73C, 0xB73C, 0xAF5C, 0xBF9E, 0xCFDF,   // 0x4910 (18704)
0xC79E, 0xC77D, 0xC77D, 0xCF5D, 0xCF7D, 0xD77D, 0xDF9D, 0xEFBD, 0xF7DD, 0xE79D, 0xDF9D, 0xD77D, 0xD77D, 0xCF7D, 0xCF7D, 0xCF7D,   // 0x4920 (18720)
0xD77D, 0xD77D, 0xD77D, 0xD77D, 0xD77D, 0xD77D, 0xD79D, 0xD79D, 0xD79D, 0xDF9D, 0xDF9D, 0xDF9D, 0xDF9D, 0xDF9D, 0xDF9D, 0xDF9D,   // 0x4930 (18736)
0xDF9D, 0xDF9D, 0xDF9D, 0xDF9D, 0xDF9D, 0xDF9D, 0xDFBD, 0xDFBD, 0xE7BD, 0xE7BD, 0xE7BD, 0xE7BD, 0xE7BD, 0xE7BD, 0xE7BD, 0xE7BD,   // 0x4940 (18752)
0xE7BD, 0xDFBD, 0xDFBD, 0xDFBD, 0xDFBD, 0xDFBD, 0xDFBD, 0xE7BD, 0xE7BD, 0xE7BD, 0xE7BC, 0xDFBC, 0xDFBC, 0xDFBC, 0xDFBC, 0xDFBC,   // 0x4950 (18768)
0xDFBC, 0xDFBC, 0xDFBC, 0xDFBC, 0xDFBC, 0xDFBC, 0xDFBC, 0xDFBC, 0xDFBC, 0xDFBC, 0xDFBB, 0xDFBB, 0xDFBB, 0xD7BB, 0xD7BB, 0xD7BB,   // 0x4960 (18784)
0xD7BB, 0xD7BB, 0xD7BB, 0xD7BB, 0xD7BB, 0xD79B, 0xD79B, 0xD79B, 0xD79B, 0xD79B, 0xD79B, 0xD79B, 0xD7BA, 0xD7BA, 0xD7BA, 0xD79A,   // 0x4970 (18800)
0xD7BA, 0xD7BA, 0xD7BB, 0x54F4, 0x65B8, 0x65B8, 0x65B8, 0x65B8, 0x65B8, 0x5D74, 0xB757, 0xA737, 0x4D31, 0x7E72, 0x7E72, 0x7E92,   // 0x4980 (18816)
0xAEBA, 0x8DF8, 0x7DF7, 0x8638, 0x8E58, 0x8E58, 0x8638, 0x75D7, 0x9E9A, 0xCF7D, 0xBF5D, 0xBF5D, 0xBF7D, 0xC7DF, 0xC7DF, 0xB77D,   // 0x4990 (18832)
0xBF5D, 0xC75D, 0xC75D, 0xCF7D, 0xD77D, 0xDF9D, 0xEFDD, 0xF7DD, 0xE79D, 0xDF9D, 0xD77D, 0xCF7D, 0xCF7D, 0xCF7D, 0xCF7D, 0xCF7D,   // 0x49A0 (18848)
0xCF7D, 0xD77D, 0xD77D, 0xD77D, 0xD77D, 0xD77D, 0xD79D, 0xD79D, 0xD79D, 0xD79D, 0xD79D, 0xDF9D, 0xDF9D, 0xDF9D, 0xDF9D, 0xDF9D,   // 0x49B0 (18864)
0xDF9D, 0xDF9D, 0xDF9D, 0xDF9D, 0xDF9D, 0xDF9D, 0xDF9D, 0xDF9D, 0xDFBD, 0xE7BD, 0xE7BD, 0xE7BD, 0xE7BD, 0xE7BD, 0xDFBD, 0xDFBD,   // 0x49C0 (18880)
0xDFBD, 0xDFBD, 0xDFBD, 0xDFBD, 0xDFBD, 0xE7BD, 0xE7BD, 0xE7BD, 0xDFBD, 0xDFBD, 0xDFBD, 0xDFBC, 0xDFBC, 0xDFBC, 0xDFBC, 0xDFBC,   // 0x49D0 (18896)
0xDFBC, 0xDFBC, 0xDFBC, 0xDFBC, 0xDFBC, 0xDFBC, 0xDFBC, 0xDFBC, 0xDFBC, 0xDFBC, 0xDFBB, 0xDFBB, 0xD7BB, 0xD7BB, 0xD7BB, 0xD7BB,   // 0x49E0 (18912)
0xD7BB, 0xD79B, 0xD7BB, 0xD7BB, 0xD79B, 0xD79B, 0xD79B, 0xD79B, 0xD79B, 0xD79B, 0xD79B, 0xD79B, 0xD7BA, 0xD79B, 0xD79B, 0xD79A,   // 0x49F0 (18928)
0xD79A, 0xD79B, 0xD7BB, 0x54F4, 0x65B8, 0x65B8, 0x65B8, 0x65B8, 0x65B8, 0x5D74, 0xB757, 0xA737, 0x4D31, 0x7673, 0x7673, 0x7673,   // 0x4A00 (18944)
0xD75B, 0xA678, 0x8618, 0x8638, 0x8638, 0x8638, 0x8639, 0x7DF9, 0x9EBB, 0xCF9E, 0xC77E, 0xC7BE, 0xD7FF, 0xC79E, 0xB75D, 0xB73C,   // 0x4A10 (18960)
0xBF3C, 0xC75C, 0xCF5C, 0xD77D, 0xE79D, 0xF7DD, 0xEFBD, 0xDF9D, 0xDF9D, 0xD77D, 0xCF7D, 0xCF5D, 0xCF7D, 0xCF7D, 0xCF7D, 0xCF7D,   // 0x4A20 (18976)
0xD77D, 0xD77D, 0xD77D, 0xD77D, 0xD77D, 0xD77D, 0xD79D, 0xD79D, 0xD79D, 0xD79D, 0xDF9D, 0xDF9D, 0xDF9D, 0xDF9D, 0xDF9D, 0xDF9D,   // 0x4A30 (18992)
0xDF9D, 0xDF9D, 0xDF9D, 0xDF9D, 0xDF9D, 0xDF9D, 0xDFBD, 0xDFBD, 0xDF9D, 0xDFBD, 0xDFBD, 0xDFBD, 0xDFBD, 0xDFBD, 0xDFBD, 0xDFBD,   // 0x4A40 (19008)
0xDFBD, 0xDFBD, 0xDFBD, 0xDFBD, 0xDF9D, 0xE7BC, 0xE7BD, 0xDFBD, 0xDFBD, 0xDFBD, 0xDFBC, 0xDFBC, 0xDFBC, 0xDFBC, 0xDFBC, 0xDFBC,   // 0x4A50 (19024)
0xDFBC, 0xDFBC, 0xDFBC, 0xDFBC, 0xDFBC, 0xDFBC, 0xDFBC, 0xDFBC, 0xDFBC, 0xDFBB, 0xDFBB, 0xDFBB, 0xD7BB, 0xD7BB, 0xD7BB, 0xD7BB,   // 0x4A60 (19040)
0xD7BB, 0xD7BB, 0xD7BB, 0xD79B, 0xD79B, 0xD79B, 0xD79B, 0xD79B, 0xD79B, 0xD79B, 0xD79B, 0xD79A, 0xD79B, 0xD79B, 0xD79A, 0xD79A,   // 0x4A70 (19056)
0xD79A, 0xD7BA, 0xD7BB, 0x54F4, 0x65B8, 0x65B8, 0x65B8, 0x65B8, 0x65B8, 0x5D53, 0xB757, 0xA737, 0x4D11, 0x7653, 0x7653, 0x7653,   // 0x4A80 (19072)
0xBEFB, 0x8E19, 0x7DF8, 0x7E39, 0x7E39, 0x865A, 0x8E7A, 0x8E7B, 0xAEFC, 0xD7BF, 0xD7DF, 0xCFDF, 0xBF7E, 0xBF5D, 0xBF3C, 0xBF3C,   // 0x4A90 (19088)
0xBF3C, 0xCF5C, 0xD77D, 0xE79D, 0xF7DD, 0xEFBD, 0xDF9D, 0xD77D, 0xD77D, 0xCF7D, 0xCF5D, 0xCF5D, 0xCF5D, 0xCF7D, 0xCF7D, 0xCF7D,   // 0x4AA0 (19104)
0xCF7D, 0xD77D, 0xD77D, 0xD77D, 0xD77D, 0xD77D, 0xD79D, 0xD79D, 0xD79D, 0xD79D, 0xD79D, 0xD79D, 0xDF9D, 0xDF9D, 0xDF9D, 0xDF9D,   // 0x4AB0 (19120)
0xDF9D, 0xDF9D, 0xDF9D, 0xDF9D, 0xDF9D, 0xDF9D, 0xDF9D, 0xDFBD, 0xDFBD, 0xDFBD, 0xDFBD, 0xDFBD, 0xDFBD, 0xDFBD, 0xDFBD, 0xDFBD,   // 0x4AC0 (19136)
0xDFBD, 0xDFBD, 0xDFBD, 0xDFBD, 0xDFBD, 0xDFBD, 0xDFBD, 0xDFBD, 0xDFBD, 0xDFBC, 0xDFBC, 0xDFBC, 0xDFBC, 0xDFBC, 0xDFBC, 0xDFBC,   // 0x4AD0 (19152)
0xDFBC, 0xDFBC, 0xDFBC, 0xDFBC, 0xDFBC, 0xDFBC, 0xDFBC, 0xDFBC, 0xDFBB, 0xDFBB, 0xD7BB, 0xD79B, 0xD7BB, 0xD7BB, 0xD7BB, 0xD7BB,   // 0x4AE0 (19168)
0xD7BB, 0xD7BB, 0xD79B, 0xD79B, 0xD79B, 0xD79B, 0xD79B, 0xD79B, 0xD79B, 0xD79B, 0xD79A, 0xD79A, 0xD79A, 0xD79A, 0xD79A, 0xD79A,   // 0x4AF0 (19184)
0xD7BA, 0xD7BB, 0xD7BB, 0x54D3, 0x65B8, 0x65B8, 0x65B8, 0x65B8, 0x65B8, 0x5D53, 0xB757, 0xA737, 0x4D11, 0x6E53, 0x6E53, 0x6E53,   // 0x4B00 (19200)
0xAEBB, 0x8E3A, 0x7E19, 0x865A, 0x867A, 0x8E9B, 0x96DC, 0xA6FD, 0xCF9E, 0xDFFF, 0xCFBF, 0xBF7E, 0xBF5D, 0xBF3C, 0xBF3C, 0xBF3C,   // 0x4B10 (19216)
0xC75C, 0xD77C, 0xE79D, 0xF7DD, 0xEFBD, 0xDF9D, 0xD77D, 0xCF7D, 0xCF5D, 0xCF5D, 0xCF7D, 0xCF7D, 0xCF5D, 0xCF7D, 0xCF7D, 0xCF5D,   // 0x4B20 (19232)
0xCF7D, 0xD77D, 0xD77D, 0xD77D, 0xD77D, 0xD79D, 0xD79D, 0xD79D, 0xD79D, 0xD79D, 0xD79D, 0xD79D, 0xDF9D, 0xDF9D, 0xDF9D, 0xDF9D,   // 0x4B30 (19248)
0xDF9D, 0xDF9D, 0xDF9D, 0xDF9D, 0xDF9D, 0xDF9D, 0xDF9D, 0xDF9D, 0xDFBD, 0xDFBD, 0xDFBD, 0xDFBD, 0xDFBD, 0xDFBD, 0xDFBD, 0xDFBD,   // 0x4B40 (19264)
0xDFBD, 0xDFBD, 0xDFBD, 0xDFBD, 0xDFBD, 0xDFBD, 0xDFBC, 0xDFBC, 0xDFBC, 0xDFBC, 0xDFBC, 0xDFBC, 0xDFBC, 0xDFBC, 0xDFBC, 0xDFBC,   // 0x4B50 (19280)
0xDFBC, 0xDFBC, 0xDFBC, 0xDFBC, 0xDFBC, 0xDFBC, 0xDFBC, 0xDFBB, 0xDFBB, 0xDFBB, 0xD79B, 0xD79B, 0xD7BB, 0xD7BB, 0xD7BB, 0xD7BB,   // 0x4B60 (19296)
0xD7BB, 0xD7BB, 0xD79B, 0xD79B, 0xD79B, 0xD79B, 0xD79B, 0xD79B, 0xD79B, 0xD79B, 0xD7BB, 0xCF9B, 0xCF9B, 0xCF9B, 0xCF9B, 0xD79B,   // 0x4B70 (19312)
0xD7BB, 0xD7BB, 0xD7BB, 0x4CD3, 0x65B8, 0x65B8, 0x65B8, 0x65B8, 0x65B8, 0x5D53, 0xB757, 0xA737, 0x4511, 0x6633, 0x6633, 0x6E33,   // 0x4B80 (19328)
0xA6BB, 0x8E5A, 0x867A, 0x8E9B, 0x8EDC, 0x9EFD, 0xBF9E, 0xDFFF, 0xD7BF, 0xD7BE, 0xC77D, 0xC75D, 0xBF3C, 0xBF3C, 0xC73C, 0xCF5C,   // 0x4B90 (19344)
0xD77C, 0xEFBD, 0xF7DD, 0xEFBD, 0xDF7D, 0xD77D, 0xCF5C, 0xCF5D, 0xCF5D, 0xCF5D, 0xCF5D, 0xCF5D, 0xCF5D, 0xCF7D, 0xCF7D, 0xCF7D,   // 0x4BA0 (19360)
0xCF7D, 0xD77D, 0xD77D, 0xD77D, 0xD77D, 0xD77D, 0xD79D, 0xD79D, 0xD79D, 0xD79D, 0xD79D, 0xD79D, 0xDF9D, 0xDF9D, 0xDF9D, 0xDF9D,   // 0x4BB0 (19376)
0xDF9D, 0xDF9D, 0xDF9D, 0xDF9D, 0xDF9D, 0xDF9D, 0xDFBD, 0xDFBD, 0xDFBD, 0xDFBD, 0xDFBD, 0xDFBD, 0xDFBD, 0xDFBD, 0xDFBD, 0xDFBD,   // 0x4BC0 (19392)
0xDFBD, 0xDFBD, 0xDFBD, 0xDFBD, 0xDFBC, 0xDFBC, 0xDFBC, 0xDFBC, 0xDFBC, 0xDFBC, 0xDFBC, 0xDFBC, 0xDFBC, 0xDFBC, 0xDFBC, 0xDFBC,   // 0x4BD0 (19408)
0xDFBC, 0xDFBC, 0xDFBC, 0xDFBC, 0xDFBC, 0xDFBC, 0xDFBB, 0xDFBB, 0xDFBB, 0xD79B, 0xD79B, 0xD7BB, 0xD7BB, 0xD7BB, 0xD7BB, 0xD7BB,   // 0x4BE0 (19424)
0xD7BB, 0xD79B, 0xD79B, 0xD79B, 0xD79B, 0xD79B, 0xD79B, 0xD79B, 0xD79B, 0xD7BB, 0x9656, 0x5511, 0x5511, 0x5511, 0x5D31, 0x5D52,   // 0x4BF0 (19440)
0x75B4, 0xD7BA, 0xCFBB, 0x4CD3, 0x65B8, 0x65B8, 0x65B8, 0x65B8, 0x65B8, 0x5D53, 0xB757, 0xA737, 0x4511, 0x6633, 0x6633, 0x6633,   // 0x4C00 (19456)
0xA6DC, 0x9EBC, 0x96DC, 0x9F1D, 0xAF7E, 0xCFDF, 0xCFDF, 0xB75E, 0xB73D, 0xD79E, 0xCF5D, 0xC75D, 0xC73C, 0xC75C, 0xCF5C, 0xDF7C,   // 0x4C10 (19472)
0xEFBD, 0xF7DD, 0xE79D, 0xDF7D, 0xD77D, 0xCF5D, 0xCF5C, 0xCF5C, 0xCF5D, 0xCF5D, 0xCF5D, 0xCF5D, 0xCF7D, 0xCF7D, 0xCF7D, 0xCF7D,   // 0x4C20 (19488)
0xCF7D, 0xCF7D, 0xD77D, 0xD77D, 0xD77D, 0xD77D, 0xD79D, 0xD79D, 0xD79D, 0xD79D, 0xD79D, 0xD79D, 0xDF9D, 0xDF9D, 0xDF9D, 0xDF9D,   // 0x4C30 (19504)
0xDF9D, 0xDF9D, 0xDF9D, 0xDF9D, 0xDF9D, 0xDF9D, 0xDFBD, 0xDFBD, 0xDFBD, 0xDFBD, 0xDFBD, 0xDFBD, 0xDFBD, 0xDFBC, 0xDFBD, 0xDFBD,   // 0x4C40 (19520)
0xDFBC, 0xDFBD, 0xDFBD, 0xDFBC, 0xDFBC, 0xDFBC, 0xDFBC, 0xDFBC, 0xDFBC, 0xDFBC, 0xDFBC, 0xDFBC, 0xDFBC, 0xDFBC, 0xDFBC, 0xDFBC,   // 0x4C50 (19536)
0xDFBC, 0xDFBC, 0xDFBC, 0xDFBC, 0xDFBC, 0xDFBB, 0xDFBB, 0xDFBB, 0xDFBB, 0xD7BB, 0xD7BB, 0xD7BB, 0xD7BB, 0xD79B, 0xD7BB, 0xD7BB,   // 0x4C60 (19552)
0xD79B, 0xD79B, 0xD79B, 0xD79B, 0xD79B, 0xD79B, 0xD79B, 0xD79B, 0xD79B, 0xD7BB, 0x6D73, 0x8693, 0x86B2, 0x8EB3, 0x8EB3, 0x8EB3,   // 0x4C70 (19568)
0x5531, 0xCFBA, 0xCFBB, 0x54D3, 0x65B8, 0x65B8, 0x65B8, 0x65B8, 0x65B8, 0x5D53, 0xB757, 0xA737, 0x4511, 0x6633, 0x5E33, 0x5E33,   // 0x4C80 (19584)
0xA71D, 0xAF1D, 0xBF7E, 0xD7FF, 0xD7FF, 0xB77E, 0x9F1D, 0x9EDC, 0xAEFC, 0xD79E, 0xCF5D, 0xCF5D, 0xCF5D, 0xD77D, 0xDF9D, 0xF7DD,   // 0x4C90 (19600)
0xF7DD, 0xE79D, 0xDF7D, 0xD77D, 0xCF5D, 0xCF5D, 0xCF5C, 0xCF5D, 0xCF5D, 0xCF5D, 0xCF5D, 0xCF5C, 0xCF7D, 0xCF7D, 0xCF7D, 0xCF7D,   // 0x4CA0 (19616)
0xCF7D, 0xCF7D, 0xD77D, 0xD77D, 0xD77D, 0xD77D, 0xD77D, 0xD79D, 0xD79D, 0xD79D, 0xD79D, 0xD79D, 0xD79D, 0xDF9D, 0xDF9D, 0xDF9D,   // 0x4CB0 (19632)
0xDF9D, 0xDF9D, 0xDF9D, 0xDF9D, 0xDF9D, 0xDF9D, 0xDF9D, 0xDFBD, 0xDFBD, 0xDFBD, 0xDFBD, 0xDFBC, 0xDFBC, 0xDFBD, 0xDFBD, 0xDFBD,   // 0x4CC0 (19648)
0xDFBD, 0xDFBD, 0xDFBD, 0xDFBC, 0xDFBC, 0xDFBC, 0xDFBC, 0xDFBC, 0xDFBC, 0xDFBC, 0xDFBC, 0xDFBC, 0xDFBC, 0xDFBC, 0xDFBC, 0xDFBC,   // 0x4CD0 (19664)
0xDFBC, 0xDFBC, 0xDFBC, 0xDFBC, 0xDFBB, 0xDFBB, 0xDFBB, 0xDFBB, 0xD79B, 0xD7BB, 0xD7BB, 0xD7BB, 0xD7BB, 0xD7BB, 0xD79B, 0xD79B,   // 0x4CE0 (19680)
0xD79B, 0xD79B, 0xD79B, 0xD79B, 0xD79B, 0xD79B, 0xD79B, 0xD79B, 0xD7BB, 0xD7BB, 0x6D73, 0x7E73, 0x7E93, 0x8693, 0x8693, 0x8693,   // 0x4CF0 (19696)
0x4D11, 0xCFBA, 0xCFBB, 0x54F4, 0x65B8, 0x65B8, 0x65B8, 0x65B8, 0x65B8, 0x5D53, 0xB757, 0xA737, 0x4511, 0x5E13, 0x5E13, 0x5E33,   // 0x4D00 (19712)
0xC79E, 0xDFFF, 0xDFFF, 0xC79E, 0xAF3D, 0x9EFD, 0x9EDC, 0x96BB, 0xA6BB, 0xD77E, 0xD77D, 0xD77D, 0xDF9D, 0xE7BD, 0xFFFE, 0xF7DD,   // 0x4D10 (19728)
0xDF9D, 0xD77D, 0xCF5C, 0xCF5C, 0xCF5C, 0xCF5D, 0xCF5D, 0xCF5D, 0xCF5D, 0xCF5D, 0xCF5C, 0xCF5C, 0xCF7D, 0xCF7D, 0xCF7D, 0xCF7D,   // 0x4D20 (19744)
0xCF7D, 0xCF7D, 0xD77D, 0xD77D, 0xD77D, 0xD77D, 0xD77D, 0xD77D, 0xD79D, 0xD79D, 0xD79D, 0xD79D, 0xD79D, 0xD79D, 0xDF9D, 0xDF9D,   // 0x4D30 (19760)
0xDF9D, 0xDF9D, 0xDF9D, 0xDF9D, 0xDF9D, 0xDF9D, 0xDF9C, 0xDF9C, 0xDFBC, 0xDFBC, 0xDFBC, 0xDFBC, 0xDFBC, 0xDFBC, 0xDFBC, 0xDFBC,   // 0x4D40 (19776)
0xDFBC, 0xDFBC, 0xDFBC, 0xDFBC, 0xDFBC, 0xDFBC, 0xDFBC, 0xDFBC, 0xDFBC, 0xDFBC, 0xDFBC, 0xDFBC, 0xDFBC, 0xDFBC, 0xDFBC, 0xDFBC,   // 0x4D50 (19792)
0xDFBC, 0xDFBC, 0xDFBC, 0xDFBB, 0xDFBB, 0xDFBB, 0xDFBB, 0xD79B, 0xD79B, 0xD7BB, 0xD7BB, 0xD7BB, 0xD7BB, 0xD7BB, 0xD79B, 0xD79B,   // 0x4D60 (19808)
0xD79B, 0xD79B, 0xD79B, 0xD79B, 0xD79B, 0xD79B, 0xD79B, 0xD79B, 0xD7BB, 0xD7BA, 0x6D74, 0x6E53, 0x7673, 0x7673, 0x7673, 0x7673,   // 0x4D70 (19824)
0x4CF1, 0xCFBA, 0xD7BB, 0x5D14, 0x65B8, 0x65B8, 0x65B8, 0x65B8, 0x65B8, 0x5D74, 0xB757, 0xA737, 0x4512, 0x5E14, 0x5E34, 0x5E34,   // 0x4D80 (19840)
0xD7DF, 0xC79E, 0xAF3D, 0xA71D, 0xA6FC, 0x9EDC, 0x9EBB, 0x9E9B, 0xAEDB, 0xDF9E, 0xDF9D, 0xE79D, 0xEFDD, 0xFFFE, 0xEFBD, 0xDF9D,   // 0x4D90 (19856)
0xD77D, 0xCF5C, 0xCF5D, 0xCF5C, 0xC75D, 0xC75D, 0xC75D, 0xCF5D, 0xCF5D, 0xCF5D, 0xCF5C, 0xCF5C, 0xCF7D, 0xCF7D, 0xCF7D, 0xCF7D,   // 0x4DA0 (19872)
0xCF7D, 0xCF7D, 0xD77D, 0xD77D, 0xD77D, 0xD79D, 0xD77D, 0xD77D, 0xD79D, 0xD79D, 0xD79D, 0xD79D, 0xD79D, 0xD79D, 0xDF9D, 0xDF9D,   // 0x4DB0 (19888)
0xDF9C, 0xDF9D, 0xDF9D, 0xDF9D, 0xDF9D, 0xDF9D, 0xDF9C, 0xDF9C, 0xDFBC, 0xDFBC, 0xDFBC, 0xDF9C, 0xDFBC, 0xDFBC, 0xDFBC, 0xDFBC,   // 0x4DC0 (19904)
0xDFBC, 0xDFBC, 0xDFBC, 0xDFBC, 0xDFBC, 0xDFBC, 0xDFBC, 0xDFBC, 0xDFBC, 0xDFBC, 0xDFBC, 0xDFBC, 0xDFBC, 0xDFBC, 0xDFBC, 0xDFBC,   // 0x4DD0 (19920)
0xDFBC, 0xDFBC, 0xDFBC, 0xDFBB, 0xDFBB, 0xDFBB, 0xD79B, 0xD79B, 0xD79B, 0xD79B, 0xD7BB, 0xD79B, 0xD7BB, 0xD79B, 0xD79B, 0xD79B,   // 0x4DE0 (19936)
0xD79B, 0xD79B, 0xD79B, 0xD79B, 0xD79B, 0xD79B, 0xD79B, 0xD79B, 0xD7BA, 0xD79A, 0x6D94, 0x6E33, 0x6E53, 0x6E53, 0x6E53, 0x6E53,   // 0x4DF0 (19952)
0x4D11, 0xCFBB, 0xD7BB, 0x5D34, 0x65B8, 0x65B8, 0x65B8, 0x65B8, 0x65B8, 0x6574, 0xB757, 0xA737, 0x4532, 0x5E14, 0x5E14, 0x5E14,   // 0x4E00 (19968)
0xA71D, 0xA71D, 0xA6FC, 0x9EDC, 0x9EBB, 0x9EBB, 0x9EBB, 0xA6BB, 0xB6FB, 0xE7BD, 0xEFBD, 0xF7FE, 0xFFFE, 0xEFBD, 0xDF7D, 0xCF7D,   // 0x4E10 (19984)
0xCF5D, 0xCF5D, 0xC75D, 0xC75D, 0xC75D, 0xC75D, 0xC75D, 0xCF5D, 0xCF5D, 0xCF5D, 0xCF5C, 0xCF5C, 0xCF5D, 0xCF7D, 0xCF7D, 0xCF7D,   // 0x4E20 (20000)
0xCF7D, 0xCF7D, 0xD77D, 0xD77D, 0xD77D, 0xD79D, 0xD77D, 0xD77D, 0xD77D, 0xD79D, 0xD79D, 0xD79D, 0xD79D, 0xD79C, 0xD79C, 0xDF9C,   // 0x4E30 (20016)
0xDF9C, 0xDF9C, 0xDF9D, 0xDF9D, 0xDF9C, 0xDF9C, 0xDF9C, 0xDF9C, 0xDF9C, 0xDFBC, 0xDFBC, 0xDFBC, 0xDF9C, 0xDF9C, 0xDFBC, 0xDFBC,   // 0x4E40 (20032)
0xDFBC, 0xDFBC, 0xDFBC, 0xDFBC, 0xDFBC, 0xDFBC, 0xDFBC, 0xDFBC, 0xDFBC, 0xDFBC, 0xDFBC, 0xDFBC, 0xDFBC, 0xDFBC, 0xDFBC, 0xDFBC,   // 0x4E50 (20048)
0xDFBC, 0xDFBC, 0xDFBB, 0xDFBB, 0xDFBB, 0xDFBB, 0xD79B, 0xD79B, 0xD79B, 0xD7BB, 0xD7BB, 0xD7BB, 0xD7BB, 0xD79B, 0xD79B, 0xD79B,   // 0x4E60 (20064)
0xD79B, 0xD79B, 0xD79B, 0xD79B, 0xD79B, 0xD79B, 0xD79B, 0xD79B, 0xD79A, 0xD79A, 0x6DB4, 0x6634, 0x6633, 0x5E33, 0x5E33, 0x5E33,   // 0x4E70 (20080)
0x4D32, 0xD7BB, 0xD7BB, 0x5D35, 0x65B8, 0x65B8, 0x65B8, 0x6DB8, 0x65B8, 0x6594, 0xB757, 0xA737, 0x4D32, 0x5E14, 0x5E14, 0x5E14,   // 0x4E80 (20096)
0x9EDC, 0x9EBC, 0x9EBB, 0x9EBB, 0xA6BB, 0xA6DB, 0xAEDB, 0xB71B, 0xCF5C, 0xF7DE, 0xFFFE, 0xFFFE, 0xE7BD, 0xDF7D, 0xCF7D, 0xCF5D,   // 0x4E90 (20112)
0xC75D, 0xC75D, 0xC75D, 0xC75D, 0xC75D, 0xC75D, 0xC75C, 0xCF5C, 0xCF5D, 0xCF5D, 0xCF5C, 0xCF5C, 0xCF7D, 0xCF7C, 0xCF7D, 0xCF7C,   // 0x4EA0 (20128)
0xCF7D, 0xCF7C, 0xD77D, 0xD77D, 0xD77D, 0xD79D, 0xD77D, 0xD77D, 0xD77D, 0xD79D, 0xD79D, 0xD79C, 0xD79D, 0xD79C, 0xD79C, 0xD79C,   // 0x4EB0 (20144)
0xDF9C, 0xDF9C, 0xDF9C, 0xDF9C, 0xDF9C, 0xDF9C, 0xDF9C, 0xDF9C, 0xDF9C, 0xDFBC, 0xDF9C, 0xDF9C, 0xDF9C, 0xDF9C, 0xDF9C, 0xDFBC,   // 0x4EC0 (20160)
0xDFBC, 0xDFBC, 0xDFBC, 0xDFBC, 0xDFBC, 0xDFBC, 0xDFBC, 0xDFBC, 0xDFBC, 0xDFBC, 0xDFBC, 0xDFBC, 0xDFBC, 0xDFBC, 0xDFBC, 0xDFBC,   // 0x4ED0 (20176)
0xDFBB, 0xDFBB, 0xDFBB, 0xDFBB, 0xDFBB, 0xD79B, 0xD79B, 0xD79B, 0xD79B, 0xD7BB, 0xD7BB, 0xD79B, 0xD79B, 0xD79B, 0xD79B, 0xD79B,   // 0x4EE0 (20192)
0xD79B, 0xD79B, 0xA698, 0x9E77, 0x9E78, 0x9E78, 0x9E77, 0xAED8, 0xD7BA, 0xD79A, 0x75B5, 0x5E14, 0x5E33, 0x5E13, 0x5E33, 0x5E33,   // 0x4EF0 (20208)
0x5553, 0xD7BB, 0xD7BB, 0x6D75, 0x6DD8, 0x6DD8, 0x6DD8, 0x75F8, 0x6DD8, 0x6594, 0xAF57, 0xA737, 0x5573, 0x6615, 0x6614, 0x6614,   // 0x4F00 (20224)
0x9EBB, 0x9EBB, 0x9EBB, 0xA6BB, 0xAEDB, 0xB6FB, 0xC73B, 0xD75C, 0xEFDD, 0xFFFE, 0xF7DD, 0xE79D, 0xDF9D, 0xD77D, 0xCF5C, 0xC73D,   // 0x4F10 (20240)
0xC75D, 0xC75D, 0xC75D, 0xC75D, 0xC75D, 0xC75D, 0xC75D, 0xCF5C, 0xCF5C, 0xCF5D, 0xCF5D, 0xCF5C, 0xCF5C, 0xCF7C, 0xCF7C, 0xCF7D,   // 0x4F20 (20256)
0xCF7D, 0xCF7C, 0xD77C, 0xD77D, 0xD77C, 0xD77C, 0xD77D, 0xD77D, 0xD77D, 0xD79C, 0xD79C, 0xD79C, 0xD79D, 0xD79C, 0xD79C, 0xD79C,   // 0x4F30 (20272)
0xD79C, 0xDF9C, 0xDF9C, 0xDF9C, 0xDF9C, 0xDF9C, 0xDFBC, 0xDF9C, 0xDFBC, 0xDF9C, 0xDF9C, 0xDF9C, 0xDF9C, 0xDF9C, 0xDF9C, 0xDFBC,   // 0x4F40 (20288)
0xDFBC, 0xDFBC, 0xDFBC, 0xDFBC, 0xDFBC, 0xDFBC, 0xDFBC, 0xDFBC, 0xDFBC, 0xDFBC, 0xDFBC, 0xDFBC, 0xDFBC, 0xDFBC, 0xDFBC, 0xDFBB,   // 0x4F50 (20304)
0xDFBB, 0xDFBB, 0xDFBB, 0xDFBB, 0xD79B, 0xD79B, 0xD79B, 0xD7BB, 0xD7BB, 0xD7BB, 0xD7BB, 0xD7BB, 0xD79B, 0xD79B, 0xD79B, 0xD79B,   // 0x4F60 (20320)
0xD79B, 0xA698, 0x44F4, 0x5556, 0x5D76, 0x5D76, 0x5556, 0x4CD3, 0xC75A, 0xD79A, 0x7DD5, 0x6614, 0x5E34, 0x5E34, 0x5E34, 0x6634,   // 0x4F70 (20336)
0x5D94, 0xD7BB, 0xD7BA, 0x7595, 0x75F8, 0x75F8, 0x7E18, 0x7E19, 0x75F8, 0x6DD4, 0xAF56, 0xAF37, 0x65B3, 0x6E35, 0x6E35, 0x6E35,   // 0x4F80 (20352)
0x9EBB, 0x9EBB, 0xA6DB, 0xAEFB, 0xBF1B, 0xCF5C, 0xE79C, 0xFFFD, 0xF7FD, 0xF7DE, 0xE79D, 0xDF9D, 0xD77D, 0xCF5D, 0xC75D, 0xC73C,   // 0x4F90 (20368)
0xC75D, 0xC75D, 0xC75D, 0xC75D, 0xC75D, 0xC75D, 0xC75D, 0xCF5C, 0xCF5C, 0xCF5D, 0xCF5D, 0xCF5C, 0xCF5C, 0xCF7C, 0xCF7C, 0xCF7C,   // 0x4FA0 (20384)
0xCF7C, 0xCF7C, 0xD77C, 0xD77D, 0xD77C, 0xD77C, 0xD77D, 0xD77D, 0xD77D, 0xD79D, 0xD79C, 0xD79C, 0xD79C, 0xD79D, 0xD79C, 0xD79C,   // 0x4FB0 (20400)
0xD79C, 0xDF9C, 0xDF9C, 0xDF9C, 0xDF9C, 0xDF9C, 0xDF9C, 0xDF9C, 0xDF9C, 0xDF9C, 0xDF9C, 0xDF9C, 0xDF9C, 0xDF9C, 0xDF9C, 0xDFBC,   // 0x4FC0 (20416)
0xDFBC, 0xDFBC, 0xDFBC, 0xDFBC, 0xDFBC, 0xDFBC, 0xDFBC, 0xDFBC, 0xDFBC, 0xDFBC, 0xDFBC, 0xDFBC, 0xDFBC, 0xDFBB, 0xDFBB, 0xDFBB,   // 0x4FD0 (20432)
0xDFBB, 0xDFBB, 0xDFBB, 0xD79B, 0xD79B, 0xD7BB, 0xD7BB, 0xD7BB, 0xD7BB, 0xD79B, 0xD79B, 0xD79B, 0xD79B, 0xD79B, 0xD79B, 0xD79B,   // 0x4FE0 (20448)
0xD79B, 0x9E78, 0x5D56, 0x6DB8, 0x6DB8, 0x6DB8, 0x65B8, 0x5535, 0xBF39, 0xD79A, 0x8616, 0x6E35, 0x6E35, 0x6E55, 0x6E55, 0x6E55,   // 0x4FF0 (20464)
0x6DB4, 0xCFBA, 0xCFBA, 0x7DD6, 0x7E38, 0x8638, 0x8639, 0x8639, 0x7618, 0x75D4, 0xAF56, 0xAF37, 0x6DD4, 0x7655, 0x7655, 0x7655,   // 0x5000 (20480)
};
